VARIANT,MODE,MAXLEN,TIME,BLOCK_SIZE,NUM_RUNS,CALC_EVERY
RunningMeanBuffer,extend/append,512,6826,8,523,1
RunningMeanSqBuffer,extend/append,512,2902,8,523,1
RunningMeanBuffer,calculation,512,8746,8,523,1
RunningMeanSqBuffer,calculation,512,3435,8,523,1
RunningMeanBuffer,extend/append,512,3576,8,523,2
RunningMeanSqBuffer,extend/append,512,1705,8,523,2
RunningMeanBuffer,calculation,512,8734,8,523,2
RunningMeanSqBuffer,calculation,512,3376,8,523,2
RunningMeanBuffer,extend/append,512,2575,8,523,3
RunningMeanSqBuffer,extend/append,512,1267,8,523,3
RunningMeanBuffer,calculation,512,8685,8,523,3
RunningMeanSqBuffer,calculation,512,3377,8,523,3
RunningMeanBuffer,extend/append,512,2014,8,523,4
RunningMeanSqBuffer,extend/append,512,1048,8,523,4
RunningMeanBuffer,calculation,512,8623,8,523,4
RunningMeanSqBuffer,calculation,512,3382,8,523,4
RunningMeanBuffer,extend/append,512,1433,8,523,6
RunningMeanSqBuffer,extend/append,512,823,8,523,6
RunningMeanBuffer,calculation,512,8574,8,523,6
RunningMeanSqBuffer,calculation,512,3314,8,523,6
RunningMeanBuffer,extend/append,512,1191,8,523,8
RunningMeanSqBuffer,extend/append,512,700,8,523,8
RunningMeanBuffer,calculation,512,9544,8,523,8
RunningMeanSqBuffer,calculation,512,3405,8,523,8
RunningMeanBuffer,extend/append,512,912,8,523,12
RunningMeanSqBuffer,extend/append,512,578,8,523,12
RunningMeanBuffer,calculation,512,8658,8,523,12
RunningMeanSqBuffer,calculation,512,3361,8,523,12
RunningMeanBuffer,extend/append,512,793,8,523,16
RunningMeanSqBuffer,extend/append,512,531,8,523,16
RunningMeanBuffer,calculation,512,8627,8,523,16
RunningMeanSqBuffer,calculation,512,3344,8,523,16
RunningMeanBuffer,extend/append,512,612,8,523,24
RunningMeanSqBuffer,extend/append,512,457,8,523,24
RunningMeanBuffer,calculation,512,8610,8,523,24
RunningMeanSqBuffer,calculation,512,3350,8,523,24
RunningMeanBuffer,extend/append,512,595,8,523,32
RunningMeanSqBuffer,extend/append,512,458,8,523,32
RunningMeanBuffer,calculation,512,8574,8,523,32
RunningMeanSqBuffer,calculation,512,3309,8,523,32
RunningMeanBuffer,extend/append,512,523,8,523,48
RunningMeanSqBuffer,extend/append,512,427,8,523,48
RunningMeanBuffer,calculation,512,8695,8,523,48
RunningMeanSqBuffer,calculation,512,3334,8,523,48
RunningMeanBuffer,extend/append,512,459,8,523,64
RunningMeanSqBuffer,extend/append,512,399,8,523,64
RunningMeanBuffer,calculation,512,8583,8,523,64
RunningMeanSqBuffer,calculation,512,3400,8,523,64
RunningMeanBuffer,extend/append,1024,6758,8,523,1
RunningMeanSqBuffer,extend/append,1024,2905,8,523,1
RunningMeanBuffer,calculation,1024,8834,8,523,1
RunningMeanSqBuffer,calculation,1024,3420,8,523,1
RunningMeanBuffer,extend/append,1024,3663,8,523,2
RunningMeanSqBuffer,extend/append,1024,1687,8,523,2
RunningMeanBuffer,calculation,1024,8566,8,523,2
RunningMeanSqBuffer,calculation,1024,3404,8,523,2
RunningMeanBuffer,extend/append,1024,2604,8,523,3
RunningMeanSqBuffer,extend/append,1024,1264,8,523,3
RunningMeanBuffer,calculation,1024,8666,8,523,3
RunningMeanSqBuffer,calculation,1024,3402,8,523,3
RunningMeanBuffer,extend/append,1024,2069,8,523,4
RunningMeanSqBuffer,extend/append,1024,1037,8,523,4
RunningMeanBuffer,calculation,1024,8596,8,523,4
RunningMeanSqBuffer,calculation,1024,3361,8,523,4
RunningMeanBuffer,extend/append,1024,1465,8,523,6
RunningMeanSqBuffer,extend/append,1024,815,8,523,6
RunningMeanBuffer,calculation,1024,8676,8,523,6
RunningMeanSqBuffer,calculation,1024,3329,8,523,6
RunningMeanBuffer,extend/append,1024,1210,8,523,8
RunningMeanSqBuffer,extend/append,1024,696,8,523,8
RunningMeanBuffer,calculation,1024,8637,8,523,8
RunningMeanSqBuffer,calculation,1024,3354,8,523,8
RunningMeanBuffer,extend/append,1024,905,8,523,12
RunningMeanSqBuffer,extend/append,1024,575,8,523,12
RunningMeanBuffer,calculation,1024,8619,8,523,12
RunningMeanSqBuffer,calculation,1024,3356,8,523,12
RunningMeanBuffer,extend/append,1024,785,8,523,16
RunningMeanSqBuffer,extend/append,1024,523,8,523,16
RunningMeanBuffer,calculation,1024,8641,8,523,16
RunningMeanSqBuffer,calculation,1024,3371,8,523,16
RunningMeanBuffer,extend/append,1024,607,8,523,24
RunningMeanSqBuffer,extend/append,1024,464,8,523,24
RunningMeanBuffer,calculation,1024,8572,8,523,24
RunningMeanSqBuffer,calculation,1024,3326,8,523,24
RunningMeanBuffer,extend/append,1024,598,8,523,32
RunningMeanSqBuffer,extend/append,1024,457,8,523,32
RunningMeanBuffer,calculation,1024,8570,8,523,32
RunningMeanSqBuffer,calculation,1024,3377,8,523,32
RunningMeanBuffer,extend/append,1024,508,8,523,48
RunningMeanSqBuffer,extend/append,1024,420,8,523,48
RunningMeanBuffer,calculation,1024,8586,8,523,48
RunningMeanSqBuffer,calculation,1024,3346,8,523,48
RunningMeanBuffer,extend/append,1024,484,8,523,64
RunningMeanSqBuffer,extend/append,1024,399,8,523,64
RunningMeanBuffer,calculation,1024,8601,8,523,64
RunningMeanSqBuffer,calculation,1024,3329,8,523,64
RunningMeanBuffer,extend/append,2048,7018,8,523,1
RunningMeanSqBuffer,extend/append,2048,3021,8,523,1
RunningMeanBuffer,calculation,2048,8708,8,523,1
RunningMeanSqBuffer,calculation,2048,3416,8,523,1
RunningMeanBuffer,extend/append,2048,3796,8,523,2
RunningMeanSqBuffer,extend/append,2048,1746,8,523,2
RunningMeanBuffer,calculation,2048,8690,8,523,2
RunningMeanSqBuffer,calculation,2048,3408,8,523,2
RunningMeanBuffer,extend/append,2048,2695,8,523,3
RunningMeanSqBuffer,extend/append,2048,1301,8,523,3
RunningMeanBuffer,calculation,2048,8648,8,523,3
RunningMeanSqBuffer,calculation,2048,3379,8,523,3
RunningMeanBuffer,extend/append,2048,2131,8,523,4
RunningMeanSqBuffer,extend/append,2048,1077,8,523,4
RunningMeanBuffer,calculation,2048,8634,8,523,4
RunningMeanSqBuffer,calculation,2048,3368,8,523,4
RunningMeanBuffer,extend/append,2048,1533,8,523,6
RunningMeanSqBuffer,extend/append,2048,852,8,523,6
RunningMeanBuffer,calculation,2048,8699,8,523,6
RunningMeanSqBuffer,calculation,2048,3370,8,523,6
RunningMeanBuffer,extend/append,2048,1225,8,523,8
RunningMeanSqBuffer,extend/append,2048,718,8,523,8
RunningMeanBuffer,calculation,2048,8609,8,523,8
RunningMeanSqBuffer,calculation,2048,3348,8,523,8
RunningMeanBuffer,extend/append,2048,932,8,523,12
RunningMeanSqBuffer,extend/append,2048,583,8,523,12
RunningMeanBuffer,calculation,2048,8633,8,523,12
RunningMeanSqBuffer,calculation,2048,3422,8,523,12
RunningMeanBuffer,extend/append,2048,804,8,523,16
RunningMeanSqBuffer,extend/append,2048,551,8,523,16
RunningMeanBuffer,calculation,2048,8681,8,523,16
RunningMeanSqBuffer,calculation,2048,3337,8,523,16
RunningMeanBuffer,extend/append,2048,614,8,523,24
RunningMeanSqBuffer,extend/append,2048,457,8,523,24
RunningMeanBuffer,calculation,2048,8590,8,523,24
RunningMeanSqBuffer,calculation,2048,3354,8,523,24
RunningMeanBuffer,extend/append,2048,617,8,523,32
RunningMeanSqBuffer,extend/append,2048,453,8,523,32
RunningMeanBuffer,calculation,2048,8654,8,523,32
RunningMeanSqBuffer,calculation,2048,3352,8,523,32
RunningMeanBuffer,extend/append,2048,505,8,523,48
RunningMeanSqBuffer,extend/append,2048,422,8,523,48
RunningMeanBuffer,calculation,2048,8605,8,523,48
RunningMeanSqBuffer,calculation,2048,3322,8,523,48
RunningMeanBuffer,extend/append,2048,472,8,523,64
RunningMeanSqBuffer,extend/append,2048,403,8,523,64
RunningMeanBuffer,calculation,2048,8631,8,523,64
RunningMeanSqBuffer,calculation,2048,3398,8,523,64
RunningMeanBuffer,extend/append,4096,7676,8,523,1
RunningMeanSqBuffer,extend/append,4096,3063,8,523,1
RunningMeanBuffer,calculation,4096,8788,8,523,1
RunningMeanSqBuffer,calculation,4096,3421,8,523,1
RunningMeanBuffer,extend/append,4096,4042,8,523,2
RunningMeanSqBuffer,extend/append,4096,1770,8,523,2
RunningMeanBuffer,calculation,4096,8695,8,523,2
RunningMeanSqBuffer,calculation,4096,3372,8,523,2
RunningMeanBuffer,extend/append,4096,2850,8,523,3
RunningMeanSqBuffer,extend/append,4096,1310,8,523,3
RunningMeanBuffer,calculation,4096,8698,8,523,3
RunningMeanSqBuffer,calculation,4096,3364,8,523,3
RunningMeanBuffer,extend/append,4096,2273,8,523,4
RunningMeanSqBuffer,extend/append,4096,1098,8,523,4
RunningMeanBuffer,calculation,4096,8650,8,523,4
RunningMeanSqBuffer,calculation,4096,3385,8,523,4
RunningMeanBuffer,extend/append,4096,1612,8,523,6
RunningMeanSqBuffer,extend/append,4096,839,8,523,6
RunningMeanBuffer,calculation,4096,8668,8,523,6
RunningMeanSqBuffer,calculation,4096,3373,8,523,6
RunningMeanBuffer,extend/append,4096,1312,8,523,8
RunningMeanSqBuffer,extend/append,4096,715,8,523,8
RunningMeanBuffer,calculation,4096,8705,8,523,8
RunningMeanSqBuffer,calculation,4096,3705,8,523,8
RunningMeanBuffer,extend/append,4096,974,8,523,12
RunningMeanSqBuffer,extend/append,4096,596,8,523,12
RunningMeanBuffer,calculation,4096,8601,8,523,12
RunningMeanSqBuffer,calculation,4096,3384,8,523,12
RunningMeanBuffer,extend/append,4096,831,8,523,16
RunningMeanSqBuffer,extend/append,4096,542,8,523,16
RunningMeanBuffer,calculation,4096,8650,8,523,16
RunningMeanSqBuffer,calculation,4096,3371,8,523,16
RunningMeanBuffer,extend/append,4096,632,8,523,24
RunningMeanSqBuffer,extend/append,4096,467,8,523,24
RunningMeanBuffer,calculation,4096,8655,8,523,24
RunningMeanSqBuffer,calculation,4096,3366,8,523,24
RunningMeanBuffer,extend/append,4096,622,8,523,32
RunningMeanSqBuffer,extend/append,4096,474,8,523,32
RunningMeanBuffer,calculation,4096,8614,8,523,32
RunningMeanSqBuffer,calculation,4096,3437,8,523,32
RunningMeanBuffer,extend/append,4096,551,8,523,48
RunningMeanSqBuffer,extend/append,4096,421,8,523,48
RunningMeanBuffer,calculation,4096,8707,8,523,48
RunningMeanSqBuffer,calculation,4096,3359,8,523,48
RunningMeanBuffer,extend/append,4096,493,8,523,64
RunningMeanSqBuffer,extend/append,4096,410,8,523,64
RunningMeanBuffer,calculation,4096,8675,8,523,64
RunningMeanSqBuffer,calculation,4096,3359,8,523,64
RunningMeanBuffer,extend/append,8192,8565,8,523,1
RunningMeanSqBuffer,extend/append,8192,3284,8,523,1
RunningMeanBuffer,calculation,8192,8692,8,523,1
RunningMeanSqBuffer,calculation,8192,3422,8,523,1
RunningMeanBuffer,extend/append,8192,4550,8,523,2
RunningMeanSqBuffer,extend/append,8192,1873,8,523,2
RunningMeanBuffer,calculation,8192,8709,8,523,2
RunningMeanSqBuffer,calculation,8192,3394,8,523,2
RunningMeanBuffer,extend/append,8192,3250,8,523,3
RunningMeanSqBuffer,extend/append,8192,1392,8,523,3
RunningMeanBuffer,calculation,8192,8675,8,523,3
RunningMeanSqBuffer,calculation,8192,3385,8,523,3
RunningMeanBuffer,extend/append,8192,2481,8,523,4
RunningMeanSqBuffer,extend/append,8192,1154,8,523,4
RunningMeanBuffer,calculation,8192,8664,8,523,4
RunningMeanSqBuffer,calculation,8192,3365,8,523,4
RunningMeanBuffer,extend/append,8192,1793,8,523,6
RunningMeanSqBuffer,extend/append,8192,889,8,523,6
RunningMeanBuffer,calculation,8192,8680,8,523,6
RunningMeanSqBuffer,calculation,8192,3369,8,523,6
RunningMeanBuffer,extend/append,8192,1417,8,523,8
RunningMeanSqBuffer,extend/append,8192,744,8,523,8
RunningMeanBuffer,calculation,8192,8601,8,523,8
RunningMeanSqBuffer,calculation,8192,3349,8,523,8
RunningMeanBuffer,extend/append,8192,1046,8,523,12
RunningMeanSqBuffer,extend/append,8192,607,8,523,12
RunningMeanBuffer,calculation,8192,8669,8,523,12
RunningMeanSqBuffer,calculation,8192,3375,8,523,12
RunningMeanBuffer,extend/append,8192,901,8,523,16
RunningMeanSqBuffer,extend/append,8192,574,8,523,16
RunningMeanBuffer,calculation,8192,8595,8,523,16
RunningMeanSqBuffer,calculation,8192,3390,8,523,16
RunningMeanBuffer,extend/append,8192,702,8,523,24
RunningMeanSqBuffer,extend/append,8192,475,8,523,24
RunningMeanBuffer,calculation,8192,8661,8,523,24
RunningMeanSqBuffer,calculation,8192,3344,8,523,24
RunningMeanBuffer,extend/append,8192,672,8,523,32
RunningMeanSqBuffer,extend/append,8192,488,8,523,32
RunningMeanBuffer,calculation,8192,8643,8,523,32
RunningMeanSqBuffer,calculation,8192,3340,8,523,32
RunningMeanBuffer,extend/append,8192,546,8,523,48
RunningMeanSqBuffer,extend/append,8192,445,8,523,48
RunningMeanBuffer,calculation,8192,8614,8,523,48
RunningMeanSqBuffer,calculation,8192,3332,8,523,48
RunningMeanBuffer,extend/append,8192,505,8,523,64
RunningMeanSqBuffer,extend/append,8192,430,8,523,64
RunningMeanBuffer,calculation,8192,8646,8,523,64
RunningMeanSqBuffer,calculation,8192,3389,8,523,64
RunningMeanBuffer,extend/append,16384,10364,8,523,1
RunningMeanSqBuffer,extend/append,16384,3714,8,523,1
RunningMeanBuffer,calculation,16384,8850,8,523,1
RunningMeanSqBuffer,calculation,16384,3448,8,523,1
RunningMeanBuffer,extend/append,16384,5486,8,523,2
RunningMeanSqBuffer,extend/append,16384,2110,8,523,2
RunningMeanBuffer,calculation,16384,8787,8,523,2
RunningMeanSqBuffer,calculation,16384,3388,8,523,2
RunningMeanBuffer,extend/append,16384,3829,8,523,3
RunningMeanSqBuffer,extend/append,16384,1541,8,523,3
RunningMeanBuffer,calculation,16384,8858,8,523,3
RunningMeanSqBuffer,calculation,16384,3365,8,523,3
RunningMeanBuffer,extend/append,16384,2997,8,523,4
RunningMeanSqBuffer,extend/append,16384,1267,8,523,4
RunningMeanBuffer,calculation,16384,8798,8,523,4
RunningMeanSqBuffer,calculation,16384,3376,8,523,4
RunningMeanBuffer,extend/append,16384,2073,8,523,6
RunningMeanSqBuffer,extend/append,16384,952,8,523,6
RunningMeanBuffer,calculation,16384,8725,8,523,6
RunningMeanSqBuffer,calculation,16384,3378,8,523,6
RunningMeanBuffer,extend/append,16384,1640,8,523,8
RunningMeanSqBuffer,extend/append,16384,829,8,523,8
RunningMeanBuffer,calculation,16384,8704,8,523,8
RunningMeanSqBuffer,calculation,16384,3419,8,523,8
RunningMeanBuffer,extend/append,16384,1220,8,523,12
RunningMeanSqBuffer,extend/append,16384,658,8,523,12
RunningMeanBuffer,calculation,16384,8612,8,523,12
RunningMeanSqBuffer,calculation,16384,3365,8,523,12
RunningMeanBuffer,extend/append,16384,1029,8,523,16
RunningMeanSqBuffer,extend/append,16384,602,8,523,16
RunningMeanBuffer,calculation,16384,8658,8,523,16
RunningMeanSqBuffer,calculation,16384,3354,8,523,16
RunningMeanBuffer,extend/append,16384,775,8,523,24
RunningMeanSqBuffer,extend/append,16384,505,8,523,24
RunningMeanBuffer,calculation,16384,8696,8,523,24
RunningMeanSqBuffer,calculation,16384,3367,8,523,24
RunningMeanBuffer,extend/append,16384,733,8,523,32
RunningMeanSqBuffer,extend/append,16384,487,8,523,32
RunningMeanBuffer,calculation,16384,8658,8,523,32
RunningMeanSqBuffer,calculation,16384,3381,8,523,32
RunningMeanBuffer,extend/append,16384,599,8,523,48
RunningMeanSqBuffer,extend/append,16384,443,8,523,48
RunningMeanBuffer,calculation,16384,8678,8,523,48
RunningMeanSqBuffer,calculation,16384,3345,8,523,48
RunningMeanBuffer,extend/append,16384,558,8,523,64
RunningMeanSqBuffer,extend/append,16384,431,8,523,64
RunningMeanBuffer,calculation,16384,8691,8,523,64
RunningMeanSqBuffer,calculation,16384,3351,8,523,64
RunningMeanBuffer,extend/append,32768,14172,8,523,1
RunningMeanSqBuffer,extend/append,32768,5028,8,523,1
RunningMeanBuffer,calculation,32768,8866,8,523,1
RunningMeanSqBuffer,calculation,32768,3463,8,523,1
RunningMeanBuffer,extend/append,32768,7405,8,523,2
RunningMeanSqBuffer,extend/append,32768,2762,8,523,2
RunningMeanBuffer,calculation,32768,8850,8,523,2
RunningMeanSqBuffer,calculation,32768,3447,8,523,2
RunningMeanBuffer,extend/append,32768,5104,8,523,3
RunningMeanSqBuffer,extend/append,32768,1997,8,523,3
RunningMeanBuffer,calculation,32768,8726,8,523,3
RunningMeanSqBuffer,calculation,32768,3415,8,523,3
RunningMeanBuffer,extend/append,32768,3938,8,523,4
RunningMeanSqBuffer,extend/append,32768,1601,8,523,4
RunningMeanBuffer,calculation,32768,8780,8,523,4
RunningMeanSqBuffer,calculation,32768,3399,8,523,4
RunningMeanBuffer,extend/append,32768,2749,8,523,6
RunningMeanSqBuffer,extend/append,32768,1190,8,523,6
RunningMeanBuffer,calculation,32768,8781,8,523,6
RunningMeanSqBuffer,calculation,32768,3393,8,523,6
RunningMeanBuffer,extend/append,32768,2149,8,523,8
RunningMeanSqBuffer,extend/append,32768,982,8,523,8
RunningMeanBuffer,calculation,32768,8708,8,523,8
RunningMeanSqBuffer,calculation,32768,3406,8,523,8
RunningMeanBuffer,extend/append,32768,1523,8,523,12
RunningMeanSqBuffer,extend/append,32768,760,8,523,12
RunningMeanBuffer,calculation,32768,8757,8,523,12
RunningMeanSqBuffer,calculation,32768,3387,8,523,12
RunningMeanBuffer,extend/append,32768,1287,8,523,16
RunningMeanSqBuffer,extend/append,32768,685,8,523,16
RunningMeanBuffer,calculation,32768,8784,8,523,16
RunningMeanSqBuffer,calculation,32768,3373,8,523,16
RunningMeanBuffer,extend/append,32768,916,8,523,24
RunningMeanSqBuffer,extend/append,32768,554,8,523,24
RunningMeanBuffer,calculation,32768,8745,8,523,24
RunningMeanSqBuffer,calculation,32768,3388,8,523,24
RunningMeanBuffer,extend/append,32768,865,8,523,32
RunningMeanSqBuffer,extend/append,32768,559,8,523,32
RunningMeanBuffer,calculation,32768,8726,8,523,32
RunningMeanSqBuffer,calculation,32768,3345,8,523,32
RunningMeanBuffer,extend/append,32768,666,8,523,48
RunningMeanSqBuffer,extend/append,32768,539,8,523,48
RunningMeanBuffer,calculation,32768,8790,8,523,48
RunningMeanSqBuffer,calculation,32768,3425,8,523,48
RunningMeanBuffer,extend/append,32768,636,8,523,64
RunningMeanSqBuffer,extend/append,32768,491,8,523,64
RunningMeanBuffer,calculation,32768,8821,8,523,64
RunningMeanSqBuffer,calculation,32768,3426,8,523,64
RunningMeanBuffer,extend/append,65536,22879,8,523,1
RunningMeanSqBuffer,extend/append,65536,7230,8,523,1
RunningMeanBuffer,calculation,65536,9054,8,523,1
RunningMeanSqBuffer,calculation,65536,3541,8,523,1
RunningMeanBuffer,extend/append,65536,11915,8,523,2
RunningMeanSqBuffer,extend/append,65536,3474,8,523,2
RunningMeanBuffer,calculation,65536,9022,8,523,2
RunningMeanSqBuffer,calculation,65536,3561,8,523,2
RunningMeanBuffer,extend/append,65536,8181,8,523,3
RunningMeanSqBuffer,extend/append,65536,2469,8,523,3
RunningMeanBuffer,calculation,65536,9143,8,523,3
RunningMeanSqBuffer,calculation,65536,3533,8,523,3
RunningMeanBuffer,extend/append,65536,6269,8,523,4
RunningMeanSqBuffer,extend/append,65536,1957,8,523,4
RunningMeanBuffer,calculation,65536,8964,8,523,4
RunningMeanSqBuffer,calculation,65536,3474,8,523,4
RunningMeanBuffer,extend/append,65536,4246,8,523,6
RunningMeanSqBuffer,extend/append,65536,1406,8,523,6
RunningMeanBuffer,calculation,65536,8867,8,523,6
RunningMeanSqBuffer,calculation,65536,3432,8,523,6
RunningMeanBuffer,extend/append,65536,3254,8,523,8
RunningMeanSqBuffer,extend/append,65536,1128,8,523,8
RunningMeanBuffer,calculation,65536,8776,8,523,8
RunningMeanSqBuffer,calculation,65536,3413,8,523,8
RunningMeanBuffer,extend/append,65536,2206,8,523,12
RunningMeanSqBuffer,extend/append,65536,898,8,523,12
RunningMeanBuffer,calculation,65536,8774,8,523,12
RunningMeanSqBuffer,calculation,65536,3394,8,523,12
RunningMeanBuffer,extend/append,65536,1807,8,523,16
RunningMeanSqBuffer,extend/append,65536,788,8,523,16
RunningMeanBuffer,calculation,65536,8775,8,523,16
RunningMeanSqBuffer,calculation,65536,3453,8,523,16
RunningMeanBuffer,extend/append,65536,1290,8,523,24
RunningMeanSqBuffer,extend/append,65536,646,8,523,24
RunningMeanBuffer,calculation,65536,8876,8,523,24
RunningMeanSqBuffer,calculation,65536,3451,8,523,24
RunningMeanBuffer,extend/append,65536,1184,8,523,32
RunningMeanSqBuffer,extend/append,65536,643,8,523,32
RunningMeanBuffer,calculation,65536,8976,8,523,32
RunningMeanSqBuffer,calculation,65536,3481,8,523,32
RunningMeanBuffer,extend/append,65536,895,8,523,48
RunningMeanSqBuffer,extend/append,65536,554,8,523,48
RunningMeanBuffer,calculation,65536,8938,8,523,48
RunningMeanSqBuffer,calculation,65536,3482,8,523,48
RunningMeanBuffer,extend/append,65536,814,8,523,64
RunningMeanSqBuffer,extend/append,65536,508,8,523,64
RunningMeanBuffer,calculation,65536,8877,8,523,64
RunningMeanSqBuffer,calculation,65536,3440,8,523,64
RunningMeanBuffer,extend/append,131072,40323,8,523,1
RunningMeanSqBuffer,extend/append,131072,11406,8,523,1
RunningMeanBuffer,calculation,131072,9140,8,523,1
RunningMeanSqBuffer,calculation,131072,3590,8,523,1
RunningMeanBuffer,extend/append,131072,19234,8,523,2
RunningMeanSqBuffer,extend/append,131072,5932,8,523,2
RunningMeanBuffer,calculation,131072,8958,8,523,2
RunningMeanSqBuffer,calculation,131072,3575,8,523,2
RunningMeanBuffer,extend/append,131072,13197,8,523,3
RunningMeanSqBuffer,extend/append,131072,4172,8,523,3
RunningMeanBuffer,calculation,131072,9106,8,523,3
RunningMeanSqBuffer,calculation,131072,3553,8,523,3
RunningMeanBuffer,extend/append,131072,10088,8,523,4
RunningMeanSqBuffer,extend/append,131072,3307,8,523,4
RunningMeanBuffer,calculation,131072,8982,8,523,4
RunningMeanSqBuffer,calculation,131072,3500,8,523,4
RunningMeanBuffer,extend/append,131072,6918,8,523,6
RunningMeanSqBuffer,extend/append,131072,2294,8,523,6
RunningMeanBuffer,calculation,131072,8965,8,523,6
RunningMeanSqBuffer,calculation,131072,3535,8,523,6
RunningMeanBuffer,extend/append,131072,5131,8,523,8
RunningMeanSqBuffer,extend/append,131072,1820,8,523,8
RunningMeanBuffer,calculation,131072,8991,8,523,8
RunningMeanSqBuffer,calculation,131072,3491,8,523,8
RunningMeanBuffer,extend/append,131072,3516,8,523,12
RunningMeanSqBuffer,extend/append,131072,1322,8,523,12
RunningMeanBuffer,calculation,131072,8964,8,523,12
RunningMeanSqBuffer,calculation,131072,3508,8,523,12
RunningMeanBuffer,extend/append,131072,2834,8,523,16
RunningMeanSqBuffer,extend/append,131072,1142,8,523,16
RunningMeanBuffer,calculation,131072,8924,8,523,16
RunningMeanSqBuffer,calculation,131072,3524,8,523,16
RunningMeanBuffer,extend/append,131072,1907,8,523,24
RunningMeanSqBuffer,extend/append,131072,846,8,523,24
RunningMeanBuffer,calculation,131072,9066,8,523,24
RunningMeanSqBuffer,calculation,131072,3482,8,523,24
RunningMeanBuffer,extend/append,131072,1728,8,523,32
RunningMeanSqBuffer,extend/append,131072,804,8,523,32
RunningMeanBuffer,calculation,131072,9268,8,523,32
RunningMeanSqBuffer,calculation,131072,3463,8,523,32
RunningMeanBuffer,extend/append,131072,1232,8,523,48
RunningMeanSqBuffer,extend/append,131072,647,8,523,48
RunningMeanBuffer,calculation,131072,9003,8,523,48
RunningMeanSqBuffer,calculation,131072,3483,8,523,48
RunningMeanBuffer,extend/append,131072,1076,8,523,64
RunningMeanSqBuffer,extend/append,131072,616,8,523,64
RunningMeanBuffer,calculation,131072,8940,8,523,64
RunningMeanSqBuffer,calculation,131072,3506,8,523,64
RunningMeanBuffer,extend/append,262144,72218,8,523,1
RunningMeanSqBuffer,extend/append,262144,16640,8,523,1
RunningMeanBuffer,calculation,262144,9172,8,523,1
RunningMeanSqBuffer,calculation,262144,3750,8,523,1
RunningMeanBuffer,extend/append,262144,36393,8,523,2
RunningMeanSqBuffer,extend/append,262144,8470,8,523,2
RunningMeanBuffer,calculation,262144,9136,8,523,2
RunningMeanSqBuffer,calculation,262144,3485,8,523,2
RunningMeanBuffer,extend/append,262144,23483,8,523,3
RunningMeanSqBuffer,extend/append,262144,5781,8,523,3
RunningMeanBuffer,calculation,262144,8889,8,523,3
RunningMeanSqBuffer,calculation,262144,3508,8,523,3
RunningMeanBuffer,extend/append,262144,17728,8,523,4
RunningMeanSqBuffer,extend/append,262144,4417,8,523,4
RunningMeanBuffer,calculation,262144,8898,8,523,4
RunningMeanSqBuffer,calculation,262144,3494,8,523,4
RunningMeanBuffer,extend/append,262144,11920,8,523,6
RunningMeanSqBuffer,extend/append,262144,3063,8,523,6
RunningMeanBuffer,calculation,262144,8841,8,523,6
RunningMeanSqBuffer,calculation,262144,3499,8,523,6
RunningMeanBuffer,extend/append,262144,8950,8,523,8
RunningMeanSqBuffer,extend/append,262144,2375,8,523,8
RunningMeanBuffer,calculation,262144,8939,8,523,8
RunningMeanSqBuffer,calculation,262144,3460,8,523,8
RunningMeanBuffer,extend/append,262144,5976,8,523,12
RunningMeanSqBuffer,extend/append,262144,1692,8,523,12
RunningMeanBuffer,calculation,262144,8808,8,523,12
RunningMeanSqBuffer,calculation,262144,3466,8,523,12
RunningMeanBuffer,extend/append,262144,5037,8,523,16
RunningMeanSqBuffer,extend/append,262144,1517,8,523,16
RunningMeanBuffer,calculation,262144,9134,8,523,16
RunningMeanSqBuffer,calculation,262144,3509,8,523,16
RunningMeanBuffer,extend/append,262144,3217,8,523,24
RunningMeanSqBuffer,extend/append,262144,1070,8,523,24
RunningMeanBuffer,calculation,262144,9111,8,523,24
RunningMeanSqBuffer,calculation,262144,3608,8,523,24
RunningMeanBuffer,extend/append,262144,2897,8,523,32
RunningMeanSqBuffer,extend/append,262144,997,8,523,32
RunningMeanBuffer,calculation,262144,9158,8,523,32
RunningMeanSqBuffer,calculation,262144,3528,8,523,32
RunningMeanBuffer,extend/append,262144,2016,8,523,48
RunningMeanSqBuffer,extend/append,262144,828,8,523,48
RunningMeanBuffer,calculation,262144,9134,8,523,48
RunningMeanSqBuffer,calculation,262144,3521,8,523,48
RunningMeanBuffer,extend/append,262144,1718,8,523,64
RunningMeanSqBuffer,extend/append,262144,717,8,523,64
RunningMeanBuffer,calculation,262144,9047,8,523,64
RunningMeanSqBuffer,calculation,262144,3544,8,523,64
RunningMeanBuffer,extend/append,524288,421963,8,523,1
RunningMeanSqBuffer,extend/append,524288,66851,8,523,1
RunningMeanBuffer,calculation,524288,9505,8,523,1
RunningMeanSqBuffer,calculation,524288,3556,8,523,1
RunningMeanBuffer,extend/append,524288,210116,8,523,2
RunningMeanSqBuffer,extend/append,524288,34068,8,523,2
RunningMeanBuffer,calculation,524288,9022,8,523,2
RunningMeanSqBuffer,calculation,524288,3558,8,523,2
RunningMeanBuffer,extend/append,524288,141408,8,523,3
RunningMeanSqBuffer,extend/append,524288,23159,8,523,3
RunningMeanBuffer,calculation,524288,9014,8,523,3
RunningMeanSqBuffer,calculation,524288,3525,8,523,3
RunningMeanBuffer,extend/append,524288,105414,8,523,4
RunningMeanSqBuffer,extend/append,524288,17452,8,523,4
RunningMeanBuffer,calculation,524288,9577,8,523,4
RunningMeanSqBuffer,calculation,524288,3684,8,523,4
RunningMeanBuffer,extend/append,524288,69927,8,523,6
RunningMeanSqBuffer,extend/append,524288,11637,8,523,6
RunningMeanBuffer,calculation,524288,9440,8,523,6
RunningMeanSqBuffer,calculation,524288,3630,8,523,6
RunningMeanBuffer,extend/append,524288,52720,8,523,8
RunningMeanSqBuffer,extend/append,524288,8758,8,523,8
RunningMeanBuffer,calculation,524288,9467,8,523,8
RunningMeanSqBuffer,calculation,524288,3622,8,523,8
RunningMeanBuffer,extend/append,524288,34697,8,523,12
RunningMeanSqBuffer,extend/append,524288,5945,8,523,12
RunningMeanBuffer,calculation,524288,9385,8,523,12
RunningMeanSqBuffer,calculation,524288,3655,8,523,12
RunningMeanBuffer,extend/append,524288,27191,8,523,16
RunningMeanSqBuffer,extend/append,524288,4776,8,523,16
RunningMeanBuffer,calculation,524288,8889,8,523,16
RunningMeanSqBuffer,calculation,524288,3469,8,523,16
RunningMeanBuffer,extend/append,524288,16596,8,523,24
RunningMeanSqBuffer,extend/append,524288,2978,8,523,24
RunningMeanBuffer,calculation,524288,8918,8,523,24
RunningMeanSqBuffer,calculation,524288,3451,8,523,24
RunningMeanBuffer,extend/append,524288,14795,8,523,32
RunningMeanSqBuffer,extend/append,524288,2791,8,523,32
RunningMeanBuffer,calculation,524288,8876,8,523,32
RunningMeanSqBuffer,calculation,524288,3462,8,523,32
RunningMeanBuffer,extend/append,524288,9366,8,523,48
RunningMeanSqBuffer,extend/append,524288,1918,8,523,48
RunningMeanBuffer,calculation,524288,8873,8,523,48
RunningMeanSqBuffer,calculation,524288,3640,8,523,48
RunningMeanBuffer,extend/append,524288,7736,8,523,64
RunningMeanSqBuffer,extend/append,524288,1668,8,523,64
RunningMeanBuffer,calculation,524288,9349,8,523,64
RunningMeanSqBuffer,calculation,524288,3635,8,523,64
RunningMeanBuffer,extend/append,1048576,830364,8,523,1
RunningMeanSqBuffer,extend/append,1048576,131005,8,523,1
RunningMeanBuffer,calculation,1048576,9639,8,523,1
RunningMeanSqBuffer,calculation,1048576,3826,8,523,1
RunningMeanBuffer,extend/append,1048576,415478,8,523,2
RunningMeanSqBuffer,extend/append,1048576,67577,8,523,2
RunningMeanBuffer,calculation,1048576,9074,8,523,2
RunningMeanSqBuffer,calculation,1048576,3560,8,523,2
RunningMeanBuffer,extend/append,1048576,278910,8,523,3
RunningMeanSqBuffer,extend/append,1048576,45230,8,523,3
RunningMeanBuffer,calculation,1048576,9095,8,523,3
RunningMeanSqBuffer,calculation,1048576,3724,8,523,3
RunningMeanBuffer,extend/append,1048576,209275,8,523,4
RunningMeanSqBuffer,extend/append,1048576,33270,8,523,4
RunningMeanBuffer,calculation,1048576,9521,8,523,4
RunningMeanSqBuffer,calculation,1048576,3757,8,523,4
RunningMeanBuffer,extend/append,1048576,138087,8,523,6
RunningMeanSqBuffer,extend/append,1048576,22200,8,523,6
RunningMeanBuffer,calculation,1048576,9637,8,523,6
RunningMeanSqBuffer,calculation,1048576,3585,8,523,6
RunningMeanBuffer,extend/append,1048576,103327,8,523,8
RunningMeanSqBuffer,extend/append,1048576,16675,8,523,8
RunningMeanBuffer,calculation,1048576,9317,8,523,8
RunningMeanSqBuffer,calculation,1048576,3605,8,523,8
RunningMeanBuffer,extend/append,1048576,67494,8,523,12
RunningMeanSqBuffer,extend/append,1048576,11140,8,523,12
RunningMeanBuffer,calculation,1048576,9210,8,523,12
RunningMeanSqBuffer,calculation,1048576,3680,8,523,12
RunningMeanBuffer,extend/append,1048576,53770,8,523,16
RunningMeanSqBuffer,extend/append,1048576,8928,8,523,16
RunningMeanBuffer,calculation,1048576,9491,8,523,16
RunningMeanSqBuffer,calculation,1048576,3689,8,523,16
RunningMeanBuffer,extend/append,1048576,32497,8,523,24
RunningMeanSqBuffer,extend/append,1048576,5619,8,523,24
RunningMeanBuffer,calculation,1048576,9560,8,523,24
RunningMeanSqBuffer,calculation,1048576,3667,8,523,24
RunningMeanBuffer,extend/append,1048576,29055,8,523,32
RunningMeanSqBuffer,extend/append,1048576,5023,8,523,32
RunningMeanBuffer,calculation,1048576,9404,8,523,32
RunningMeanSqBuffer,calculation,1048576,3620,8,523,32
RunningMeanBuffer,extend/append,1048576,18343,8,523,48
RunningMeanSqBuffer,extend/append,1048576,3335,8,523,48
RunningMeanBuffer,calculation,1048576,9016,8,523,48
RunningMeanSqBuffer,calculation,1048576,3535,8,523,48
RunningMeanBuffer,extend/append,1048576,14712,8,523,64
RunningMeanSqBuffer,extend/append,1048576,2745,8,523,64
RunningMeanBuffer,calculation,1048576,8953,8,523,64
RunningMeanSqBuffer,calculation,1048576,3625,8,523,64
RunningMeanBuffer,extend/append,2097152,1659124,8,523,1
RunningMeanSqBuffer,extend/append,2097152,257198,8,523,1
RunningMeanBuffer,calculation,2097152,9796,8,523,1
RunningMeanSqBuffer,calculation,2097152,3883,8,523,1
RunningMeanBuffer,extend/append,2097152,829282,8,523,2
RunningMeanSqBuffer,extend/append,2097152,130920,8,523,2
RunningMeanBuffer,calculation,2097152,9831,8,523,2
RunningMeanSqBuffer,calculation,2097152,3877,8,523,2
RunningMeanBuffer,extend/append,2097152,557538,8,523,3
RunningMeanSqBuffer,extend/append,2097152,86807,8,523,3
RunningMeanBuffer,calculation,2097152,9706,8,523,3
RunningMeanSqBuffer,calculation,2097152,3803,8,523,3
RunningMeanBuffer,extend/append,2097152,417970,8,523,4
RunningMeanSqBuffer,extend/append,2097152,64970,8,523,4
RunningMeanBuffer,calculation,2097152,9867,8,523,4
RunningMeanSqBuffer,calculation,2097152,3816,8,523,4
RunningMeanBuffer,extend/append,2097152,277309,8,523,6
RunningMeanSqBuffer,extend/append,2097152,43994,8,523,6
RunningMeanBuffer,calculation,2097152,9187,8,523,6
RunningMeanSqBuffer,calculation,2097152,3634,8,523,6
RunningMeanBuffer,extend/append,2097152,204369,8,523,8
RunningMeanSqBuffer,extend/append,2097152,32312,8,523,8
RunningMeanBuffer,calculation,2097152,9650,8,523,8
RunningMeanSqBuffer,calculation,2097152,3794,8,523,8
RunningMeanBuffer,extend/append,2097152,134925,8,523,12
RunningMeanSqBuffer,extend/append,2097152,21571,8,523,12
RunningMeanBuffer,calculation,2097152,9682,8,523,12
RunningMeanSqBuffer,calculation,2097152,3695,8,523,12
RunningMeanBuffer,extend/append,2097152,106598,8,523,16
RunningMeanSqBuffer,extend/append,2097152,17320,8,523,16
RunningMeanBuffer,calculation,2097152,9160,8,523,16
RunningMeanSqBuffer,calculation,2097152,3735,8,523,16
RunningMeanBuffer,extend/append,2097152,63628,8,523,24
RunningMeanSqBuffer,extend/append,2097152,10379,8,523,24
RunningMeanBuffer,calculation,2097152,9756,8,523,24
RunningMeanSqBuffer,calculation,2097152,3779,8,523,24
RunningMeanBuffer,extend/append,2097152,57278,8,523,32
RunningMeanSqBuffer,extend/append,2097152,9391,8,523,32
RunningMeanBuffer,calculation,2097152,9626,8,523,32
RunningMeanSqBuffer,calculation,2097152,3854,8,523,32
RunningMeanBuffer,extend/append,2097152,36511,8,523,48
RunningMeanSqBuffer,extend/append,2097152,6008,8,523,48
RunningMeanBuffer,calculation,2097152,9809,8,523,48
RunningMeanSqBuffer,calculation,2097152,3823,8,523,48
RunningMeanBuffer,extend/append,2097152,28717,8,523,64
RunningMeanSqBuffer,extend/append,2097152,4938,8,523,64
RunningMeanBuffer,calculation,2097152,9165,8,523,64
RunningMeanSqBuffer,calculation,2097152,3747,8,523,64
RunningMeanBuffer,extend/append,4194304,3243914,8,523,1
RunningMeanSqBuffer,extend/append,4194304,508660,8,523,1
RunningMeanBuffer,calculation,4194304,10167,8,523,1
RunningMeanSqBuffer,calculation,4194304,4042,8,523,1
RunningMeanBuffer,extend/append,4194304,1643757,8,523,2
RunningMeanSqBuffer,extend/append,4194304,254259,8,523,2
RunningMeanBuffer,calculation,4194304,9578,8,523,2
RunningMeanSqBuffer,calculation,4194304,3781,8,523,2
RunningMeanBuffer,extend/append,4194304,1089903,8,523,3
RunningMeanSqBuffer,extend/append,4194304,174889,8,523,3
RunningMeanBuffer,calculation,4194304,10514,8,523,3
RunningMeanSqBuffer,calculation,4194304,3970,8,523,3
RunningMeanBuffer,extend/append,4194304,823548,8,523,4
RunningMeanSqBuffer,extend/append,4194304,128309,8,523,4
RunningMeanBuffer,calculation,4194304,10074,8,523,4
RunningMeanSqBuffer,calculation,4194304,3878,8,523,4
RunningMeanBuffer,extend/append,4194304,545474,8,523,6
RunningMeanSqBuffer,extend/append,4194304,86598,8,523,6
RunningMeanBuffer,calculation,4194304,9636,8,523,6
RunningMeanSqBuffer,calculation,4194304,3872,8,523,6
RunningMeanBuffer,extend/append,4194304,405434,8,523,8
RunningMeanSqBuffer,extend/append,4194304,63625,8,523,8
RunningMeanBuffer,calculation,4194304,10144,8,523,8
RunningMeanSqBuffer,calculation,4194304,3916,8,523,8
RunningMeanBuffer,extend/append,4194304,264930,8,523,12
RunningMeanSqBuffer,extend/append,4194304,41650,8,523,12
RunningMeanBuffer,calculation,4194304,9531,8,523,12
RunningMeanSqBuffer,calculation,4194304,3769,8,523,12
RunningMeanBuffer,extend/append,4194304,211186,8,523,16
RunningMeanSqBuffer,extend/append,4194304,33032,8,523,16
RunningMeanBuffer,calculation,4194304,10044,8,523,16
RunningMeanSqBuffer,calculation,4194304,3697,8,523,16
RunningMeanBuffer,extend/append,4194304,125954,8,523,24
RunningMeanSqBuffer,extend/append,4194304,20205,8,523,24
RunningMeanBuffer,calculation,4194304,10824,8,523,24
RunningMeanSqBuffer,calculation,4194304,3906,8,523,24
RunningMeanBuffer,extend/append,4194304,112002,8,523,32
RunningMeanSqBuffer,extend/append,4194304,17972,8,523,32
RunningMeanBuffer,calculation,4194304,10163,8,523,32
RunningMeanSqBuffer,calculation,4194304,3883,8,523,32
RunningMeanBuffer,extend/append,4194304,70798,8,523,48
RunningMeanSqBuffer,extend/append,4194304,11507,8,523,48
RunningMeanBuffer,calculation,4194304,9824,8,523,48
RunningMeanSqBuffer,calculation,4194304,3851,8,523,48
RunningMeanBuffer,extend/append,4194304,56678,8,523,64
RunningMeanSqBuffer,extend/append,4194304,9427,8,523,64
RunningMeanBuffer,calculation,4194304,9556,8,523,64
RunningMeanSqBuffer,calculation,4194304,3840,8,523,64
RunningMeanBuffer,extend/append,8388608,6563129,8,523,1
RunningMeanSqBuffer,extend/append,8388608,1015957,8,523,1
RunningMeanBuffer,calculation,8388608,11445,8,523,1
RunningMeanSqBuffer,calculation,8388608,4126,8,523,1
RunningMeanBuffer,extend/append,8388608,3278212,8,523,2
RunningMeanSqBuffer,extend/append,8388608,505849,8,523,2
RunningMeanBuffer,calculation,8388608,11611,8,523,2
RunningMeanSqBuffer,calculation,8388608,4040,8,523,2
RunningMeanBuffer,extend/append,8388608,2195072,8,523,3
RunningMeanSqBuffer,extend/append,8388608,347666,8,523,3
RunningMeanBuffer,calculation,8388608,11479,8,523,3
RunningMeanSqBuffer,calculation,8388608,4031,8,523,3
RunningMeanBuffer,extend/append,8388608,1644341,8,523,4
RunningMeanSqBuffer,extend/append,8388608,256107,8,523,4
RunningMeanBuffer,calculation,8388608,11384,8,523,4
RunningMeanSqBuffer,calculation,8388608,4060,8,523,4
RunningMeanBuffer,extend/append,8388608,1080675,8,523,6
RunningMeanSqBuffer,extend/append,8388608,168827,8,523,6
RunningMeanBuffer,calculation,8388608,11020,8,523,6
RunningMeanSqBuffer,calculation,8388608,4004,8,523,6
RunningMeanBuffer,extend/append,8388608,802775,8,523,8
RunningMeanSqBuffer,extend/append,8388608,125704,8,523,8
RunningMeanBuffer,calculation,8388608,11294,8,523,8
RunningMeanSqBuffer,calculation,8388608,3892,8,523,8
RunningMeanBuffer,extend/append,8388608,529225,8,523,12
RunningMeanSqBuffer,extend/append,8388608,82669,8,523,12
RunningMeanBuffer,calculation,8388608,11182,8,523,12
RunningMeanSqBuffer,calculation,8388608,3979,8,523,12
RunningMeanBuffer,extend/append,8388608,419118,8,523,16
RunningMeanSqBuffer,extend/append,8388608,66687,8,523,16
RunningMeanBuffer,calculation,8388608,11369,8,523,16
RunningMeanSqBuffer,calculation,8388608,3975,8,523,16
RunningMeanBuffer,extend/append,8388608,249803,8,523,24
RunningMeanSqBuffer,extend/append,8388608,40039,8,523,24
RunningMeanBuffer,calculation,8388608,11116,8,523,24
RunningMeanSqBuffer,calculation,8388608,3943,8,523,24
RunningMeanBuffer,extend/append,8388608,223660,8,523,32
RunningMeanSqBuffer,extend/append,8388608,35250,8,523,32
RunningMeanBuffer,calculation,8388608,11058,8,523,32
RunningMeanSqBuffer,calculation,8388608,3942,8,523,32
RunningMeanBuffer,extend/append,8388608,139323,8,523,48
RunningMeanSqBuffer,extend/append,8388608,22451,8,523,48
RunningMeanBuffer,calculation,8388608,11276,8,523,48
RunningMeanSqBuffer,calculation,8388608,3965,8,523,48
RunningMeanBuffer,extend/append,8388608,113076,8,523,64
RunningMeanSqBuffer,extend/append,8388608,17891,8,523,64
RunningMeanBuffer,calculation,8388608,10941,8,523,64
RunningMeanSqBuffer,calculation,8388608,3906,8,523,64
RunningMeanBuffer,extend/append,512,6602,16,523,1
RunningMeanSqBuffer,extend/append,512,2948,16,523,1
RunningMeanBuffer,calculation,512,8717,16,523,1
RunningMeanSqBuffer,calculation,512,3460,16,523,1
RunningMeanBuffer,extend/append,512,3573,16,523,2
RunningMeanSqBuffer,extend/append,512,1703,16,523,2
RunningMeanBuffer,calculation,512,8745,16,523,2
RunningMeanSqBuffer,calculation,512,3447,16,523,2
RunningMeanBuffer,extend/append,512,2572,16,523,3
RunningMeanSqBuffer,extend/append,512,1317,16,523,3
RunningMeanBuffer,calculation,512,8707,16,523,3
RunningMeanSqBuffer,calculation,512,3437,16,523,3
RunningMeanBuffer,extend/append,512,2020,16,523,4
RunningMeanSqBuffer,extend/append,512,1081,16,523,4
RunningMeanBuffer,calculation,512,8717,16,523,4
RunningMeanSqBuffer,calculation,512,3413,16,523,4
RunningMeanBuffer,extend/append,512,1486,16,523,6
RunningMeanSqBuffer,extend/append,512,840,16,523,6
RunningMeanBuffer,calculation,512,8673,16,523,6
RunningMeanSqBuffer,calculation,512,3398,16,523,6
RunningMeanBuffer,extend/append,512,1202,16,523,8
RunningMeanSqBuffer,extend/append,512,715,16,523,8
RunningMeanBuffer,calculation,512,8746,16,523,8
RunningMeanSqBuffer,calculation,512,3397,16,523,8
RunningMeanBuffer,extend/append,512,892,16,523,12
RunningMeanSqBuffer,extend/append,512,602,16,523,12
RunningMeanBuffer,calculation,512,8683,16,523,12
RunningMeanSqBuffer,calculation,512,3410,16,523,12
RunningMeanBuffer,extend/append,512,814,16,523,16
RunningMeanSqBuffer,extend/append,512,542,16,523,16
RunningMeanBuffer,calculation,512,8626,16,523,16
RunningMeanSqBuffer,calculation,512,3381,16,523,16
RunningMeanBuffer,extend/append,512,634,16,523,24
RunningMeanSqBuffer,extend/append,512,473,16,523,24
RunningMeanBuffer,calculation,512,8667,16,523,24
RunningMeanSqBuffer,calculation,512,3393,16,523,24
RunningMeanBuffer,extend/append,512,596,16,523,32
RunningMeanSqBuffer,extend/append,512,471,16,523,32
RunningMeanBuffer,calculation,512,8527,16,523,32
RunningMeanSqBuffer,calculation,512,3416,16,523,32
RunningMeanBuffer,extend/append,512,523,16,523,48
RunningMeanSqBuffer,extend/append,512,454,16,523,48
RunningMeanBuffer,calculation,512,8543,16,523,48
RunningMeanSqBuffer,calculation,512,3378,16,523,48
RunningMeanBuffer,extend/append,512,480,16,523,64
RunningMeanSqBuffer,extend/append,512,411,16,523,64
RunningMeanBuffer,calculation,512,8623,16,523,64
RunningMeanSqBuffer,calculation,512,3419,16,523,64
RunningMeanBuffer,extend/append,1024,6838,16,523,1
RunningMeanSqBuffer,extend/append,1024,2975,16,523,1
RunningMeanBuffer,calculation,1024,8759,16,523,1
RunningMeanSqBuffer,calculation,1024,3467,16,523,1
RunningMeanBuffer,extend/append,1024,3717,16,523,2
RunningMeanSqBuffer,extend/append,1024,1738,16,523,2
RunningMeanBuffer,calculation,1024,8781,16,523,2
RunningMeanSqBuffer,calculation,1024,3473,16,523,2
RunningMeanBuffer,extend/append,1024,2647,16,523,3
RunningMeanSqBuffer,extend/append,1024,1289,16,523,3
RunningMeanBuffer,calculation,1024,8820,16,523,3
RunningMeanSqBuffer,calculation,1024,3457,16,523,3
RunningMeanBuffer,extend/append,1024,2077,16,523,4
RunningMeanSqBuffer,extend/append,1024,1069,16,523,4
RunningMeanBuffer,calculation,1024,8827,16,523,4
RunningMeanSqBuffer,calculation,1024,3450,16,523,4
RunningMeanBuffer,extend/append,1024,1528,16,523,6
RunningMeanSqBuffer,extend/append,1024,859,16,523,6
RunningMeanBuffer,calculation,1024,8844,16,523,6
RunningMeanSqBuffer,calculation,1024,3479,16,523,6
RunningMeanBuffer,extend/append,1024,1228,16,523,8
RunningMeanSqBuffer,extend/append,1024,729,16,523,8
RunningMeanBuffer,calculation,1024,8695,16,523,8
RunningMeanSqBuffer,calculation,1024,3443,16,523,8
RunningMeanBuffer,extend/append,1024,945,16,523,12
RunningMeanSqBuffer,extend/append,1024,601,16,523,12
RunningMeanBuffer,calculation,1024,8661,16,523,12
RunningMeanSqBuffer,calculation,1024,3419,16,523,12
RunningMeanBuffer,extend/append,1024,809,16,523,16
RunningMeanSqBuffer,extend/append,1024,560,16,523,16
RunningMeanBuffer,calculation,1024,8722,16,523,16
RunningMeanSqBuffer,calculation,1024,3435,16,523,16
RunningMeanBuffer,extend/append,1024,630,16,523,24
RunningMeanSqBuffer,extend/append,1024,485,16,523,24
RunningMeanBuffer,calculation,1024,8667,16,523,24
RunningMeanSqBuffer,calculation,1024,3355,16,523,24
RunningMeanBuffer,extend/append,1024,614,16,523,32
RunningMeanSqBuffer,extend/append,1024,491,16,523,32
RunningMeanBuffer,calculation,1024,8761,16,523,32
RunningMeanSqBuffer,calculation,1024,3393,16,523,32
RunningMeanBuffer,extend/append,1024,522,16,523,48
RunningMeanSqBuffer,extend/append,1024,455,16,523,48
RunningMeanBuffer,calculation,1024,8733,16,523,48
RunningMeanSqBuffer,calculation,1024,3418,16,523,48
RunningMeanBuffer,extend/append,1024,494,16,523,64
RunningMeanSqBuffer,extend/append,1024,426,16,523,64
RunningMeanBuffer,calculation,1024,8725,16,523,64
RunningMeanSqBuffer,calculation,1024,3388,16,523,64
RunningMeanBuffer,extend/append,2048,7179,16,523,1
RunningMeanSqBuffer,extend/append,2048,3090,16,523,1
RunningMeanBuffer,calculation,2048,8795,16,523,1
RunningMeanSqBuffer,calculation,2048,3479,16,523,1
RunningMeanBuffer,extend/append,2048,3891,16,523,2
RunningMeanSqBuffer,extend/append,2048,1754,16,523,2
RunningMeanBuffer,calculation,2048,8722,16,523,2
RunningMeanSqBuffer,calculation,2048,3434,16,523,2
RunningMeanBuffer,extend/append,2048,2760,16,523,3
RunningMeanSqBuffer,extend/append,2048,1313,16,523,3
RunningMeanBuffer,calculation,2048,8744,16,523,3
RunningMeanSqBuffer,calculation,2048,3441,16,523,3
RunningMeanBuffer,extend/append,2048,2152,16,523,4
RunningMeanSqBuffer,extend/append,2048,1075,16,523,4
RunningMeanBuffer,calculation,2048,8722,16,523,4
RunningMeanSqBuffer,calculation,2048,3417,16,523,4
RunningMeanBuffer,extend/append,2048,1594,16,523,6
RunningMeanSqBuffer,extend/append,2048,884,16,523,6
RunningMeanBuffer,calculation,2048,8742,16,523,6
RunningMeanSqBuffer,calculation,2048,3413,16,523,6
RunningMeanBuffer,extend/append,2048,1238,16,523,8
RunningMeanSqBuffer,extend/append,2048,729,16,523,8
RunningMeanBuffer,calculation,2048,8613,16,523,8
RunningMeanSqBuffer,calculation,2048,3415,16,523,8
RunningMeanBuffer,extend/append,2048,961,16,523,12
RunningMeanSqBuffer,extend/append,2048,588,16,523,12
RunningMeanBuffer,calculation,2048,8715,16,523,12
RunningMeanSqBuffer,calculation,2048,3387,16,523,12
RunningMeanBuffer,extend/append,2048,845,16,523,16
RunningMeanSqBuffer,extend/append,2048,563,16,523,16
RunningMeanBuffer,calculation,2048,8754,16,523,16
RunningMeanSqBuffer,calculation,2048,3412,16,523,16
RunningMeanBuffer,extend/append,2048,659,16,523,24
RunningMeanSqBuffer,extend/append,2048,482,16,523,24
RunningMeanBuffer,calculation,2048,8691,16,523,24
RunningMeanSqBuffer,calculation,2048,3364,16,523,24
RunningMeanBuffer,extend/append,2048,630,16,523,32
RunningMeanSqBuffer,extend/append,2048,486,16,523,32
RunningMeanBuffer,calculation,2048,8674,16,523,32
RunningMeanSqBuffer,calculation,2048,3394,16,523,32
RunningMeanBuffer,extend/append,2048,539,16,523,48
RunningMeanSqBuffer,extend/append,2048,441,16,523,48
RunningMeanBuffer,calculation,2048,8725,16,523,48
RunningMeanSqBuffer,calculation,2048,3390,16,523,48
RunningMeanBuffer,extend/append,2048,495,16,523,64
RunningMeanSqBuffer,extend/append,2048,427,16,523,64
RunningMeanBuffer,calculation,2048,8597,16,523,64
RunningMeanSqBuffer,calculation,2048,3392,16,523,64
RunningMeanBuffer,extend/append,4096,7441,16,523,1
RunningMeanSqBuffer,extend/append,4096,3116,16,523,1
RunningMeanBuffer,calculation,4096,8821,16,523,1
RunningMeanSqBuffer,calculation,4096,3467,16,523,1
RunningMeanBuffer,extend/append,4096,3990,16,523,2
RunningMeanSqBuffer,extend/append,4096,1822,16,523,2
RunningMeanBuffer,calculation,4096,8719,16,523,2
RunningMeanSqBuffer,calculation,4096,3449,16,523,2
RunningMeanBuffer,extend/append,4096,2860,16,523,3
RunningMeanSqBuffer,extend/append,4096,1360,16,523,3
RunningMeanBuffer,calculation,4096,8731,16,523,3
RunningMeanSqBuffer,calculation,4096,3421,16,523,3
RunningMeanBuffer,extend/append,4096,2278,16,523,4
RunningMeanSqBuffer,extend/append,4096,1106,16,523,4
RunningMeanBuffer,calculation,4096,8695,16,523,4
RunningMeanSqBuffer,calculation,4096,3458,16,523,4
RunningMeanBuffer,extend/append,4096,1635,16,523,6
RunningMeanSqBuffer,extend/append,4096,889,16,523,6
RunningMeanBuffer,calculation,4096,8768,16,523,6
RunningMeanSqBuffer,calculation,4096,3404,16,523,6
RunningMeanBuffer,extend/append,4096,1330,16,523,8
RunningMeanSqBuffer,extend/append,4096,727,16,523,8
RunningMeanBuffer,calculation,4096,8740,16,523,8
RunningMeanSqBuffer,calculation,4096,3378,16,523,8
RunningMeanBuffer,extend/append,4096,992,16,523,12
RunningMeanSqBuffer,extend/append,4096,639,16,523,12
RunningMeanBuffer,calculation,4096,8717,16,523,12
RunningMeanSqBuffer,calculation,4096,3404,16,523,12
RunningMeanBuffer,extend/append,4096,873,16,523,16
RunningMeanSqBuffer,extend/append,4096,582,16,523,16
RunningMeanBuffer,calculation,4096,8779,16,523,16
RunningMeanSqBuffer,calculation,4096,3450,16,523,16
RunningMeanBuffer,extend/append,4096,685,16,523,24
RunningMeanSqBuffer,extend/append,4096,512,16,523,24
RunningMeanBuffer,calculation,4096,8753,16,523,24
RunningMeanSqBuffer,calculation,4096,3384,16,523,24
RunningMeanBuffer,extend/append,4096,642,16,523,32
RunningMeanSqBuffer,extend/append,4096,488,16,523,32
RunningMeanBuffer,calculation,4096,8655,16,523,32
RunningMeanSqBuffer,calculation,4096,3454,16,523,32
RunningMeanBuffer,extend/append,4096,565,16,523,48
RunningMeanSqBuffer,extend/append,4096,449,16,523,48
RunningMeanBuffer,calculation,4096,8688,16,523,48
RunningMeanSqBuffer,calculation,4096,3364,16,523,48
RunningMeanBuffer,extend/append,4096,504,16,523,64
RunningMeanSqBuffer,extend/append,4096,446,16,523,64
RunningMeanBuffer,calculation,4096,8709,16,523,64
RunningMeanSqBuffer,calculation,4096,3429,16,523,64
RunningMeanBuffer,extend/append,8192,8450,16,523,1
RunningMeanSqBuffer,extend/append,8192,3516,16,523,1
RunningMeanBuffer,calculation,8192,8821,16,523,1
RunningMeanSqBuffer,calculation,8192,3518,16,523,1
RunningMeanBuffer,extend/append,8192,4531,16,523,2
RunningMeanSqBuffer,extend/append,8192,2047,16,523,2
RunningMeanBuffer,calculation,8192,8819,16,523,2
RunningMeanSqBuffer,calculation,8192,3449,16,523,2
RunningMeanBuffer,extend/append,8192,3217,16,523,3
RunningMeanSqBuffer,extend/append,8192,1494,16,523,3
RunningMeanBuffer,calculation,8192,8769,16,523,3
RunningMeanSqBuffer,calculation,8192,3478,16,523,3
RunningMeanBuffer,extend/append,8192,2537,16,523,4
RunningMeanSqBuffer,extend/append,8192,1202,16,523,4
RunningMeanBuffer,calculation,8192,8771,16,523,4
RunningMeanSqBuffer,calculation,8192,3441,16,523,4
RunningMeanBuffer,extend/append,8192,1810,16,523,6
RunningMeanSqBuffer,extend/append,8192,941,16,523,6
RunningMeanBuffer,calculation,8192,8683,16,523,6
RunningMeanSqBuffer,calculation,8192,3471,16,523,6
RunningMeanBuffer,extend/append,8192,1442,16,523,8
RunningMeanSqBuffer,extend/append,8192,804,16,523,8
RunningMeanBuffer,calculation,8192,8700,16,523,8
RunningMeanSqBuffer,calculation,8192,3403,16,523,8
RunningMeanBuffer,extend/append,8192,1057,16,523,12
RunningMeanSqBuffer,extend/append,8192,654,16,523,12
RunningMeanBuffer,calculation,8192,8726,16,523,12
RunningMeanSqBuffer,calculation,8192,3401,16,523,12
RunningMeanBuffer,extend/append,8192,929,16,523,16
RunningMeanSqBuffer,extend/append,8192,600,16,523,16
RunningMeanBuffer,calculation,8192,8701,16,523,16
RunningMeanSqBuffer,calculation,8192,3391,16,523,16
RunningMeanBuffer,extend/append,8192,702,16,523,24
RunningMeanSqBuffer,extend/append,8192,502,16,523,24
RunningMeanBuffer,calculation,8192,8764,16,523,24
RunningMeanSqBuffer,calculation,8192,3405,16,523,24
RunningMeanBuffer,extend/append,8192,680,16,523,32
RunningMeanSqBuffer,extend/append,8192,516,16,523,32
RunningMeanBuffer,calculation,8192,8748,16,523,32
RunningMeanSqBuffer,calculation,8192,3433,16,523,32
RunningMeanBuffer,extend/append,8192,568,16,523,48
RunningMeanSqBuffer,extend/append,8192,465,16,523,48
RunningMeanBuffer,calculation,8192,8706,16,523,48
RunningMeanSqBuffer,calculation,8192,3390,16,523,48
RunningMeanBuffer,extend/append,8192,531,16,523,64
RunningMeanSqBuffer,extend/append,8192,435,16,523,64
RunningMeanBuffer,calculation,8192,8647,16,523,64
RunningMeanSqBuffer,calculation,8192,3427,16,523,64
RunningMeanBuffer,extend/append,16384,10634,16,523,1
RunningMeanSqBuffer,extend/append,16384,3787,16,523,1
RunningMeanBuffer,calculation,16384,8856,16,523,1
RunningMeanSqBuffer,calculation,16384,3479,16,523,1
RunningMeanBuffer,extend/append,16384,5604,16,523,2
RunningMeanSqBuffer,extend/append,16384,2157,16,523,2
RunningMeanBuffer,calculation,16384,8772,16,523,2
RunningMeanSqBuffer,calculation,16384,3441,16,523,2
RunningMeanBuffer,extend/append,16384,3928,16,523,3
RunningMeanSqBuffer,extend/append,16384,1611,16,523,3
RunningMeanBuffer,calculation,16384,8768,16,523,3
RunningMeanSqBuffer,calculation,16384,3436,16,523,3
RunningMeanBuffer,extend/append,16384,3063,16,523,4
RunningMeanSqBuffer,extend/append,16384,1291,16,523,4
RunningMeanBuffer,calculation,16384,8783,16,523,4
RunningMeanSqBuffer,calculation,16384,3453,16,523,4
RunningMeanBuffer,extend/append,16384,2168,16,523,6
RunningMeanSqBuffer,extend/append,16384,998,16,523,6
RunningMeanBuffer,calculation,16384,8730,16,523,6
RunningMeanSqBuffer,calculation,16384,3439,16,523,6
RunningMeanBuffer,extend/append,16384,1717,16,523,8
RunningMeanSqBuffer,extend/append,16384,835,16,523,8
RunningMeanBuffer,calculation,16384,8800,16,523,8
RunningMeanSqBuffer,calculation,16384,3466,16,523,8
RunningMeanBuffer,extend/append,16384,1296,16,523,12
RunningMeanSqBuffer,extend/append,16384,697,16,523,12
RunningMeanBuffer,calculation,16384,8695,16,523,12
RunningMeanSqBuffer,calculation,16384,3453,16,523,12
RunningMeanBuffer,extend/append,16384,1089,16,523,16
RunningMeanSqBuffer,extend/append,16384,628,16,523,16
RunningMeanBuffer,calculation,16384,8811,16,523,16
RunningMeanSqBuffer,calculation,16384,3392,16,523,16
RunningMeanBuffer,extend/append,16384,832,16,523,24
RunningMeanSqBuffer,extend/append,16384,550,16,523,24
RunningMeanBuffer,calculation,16384,8710,16,523,24
RunningMeanSqBuffer,calculation,16384,3436,16,523,24
RunningMeanBuffer,extend/append,16384,775,16,523,32
RunningMeanSqBuffer,extend/append,16384,520,16,523,32
RunningMeanBuffer,calculation,16384,8767,16,523,32
RunningMeanSqBuffer,calculation,16384,3399,16,523,32
RunningMeanBuffer,extend/append,16384,614,16,523,48
RunningMeanSqBuffer,extend/append,16384,464,16,523,48
RunningMeanBuffer,calculation,16384,8688,16,523,48
RunningMeanSqBuffer,calculation,16384,3407,16,523,48
RunningMeanBuffer,extend/append,16384,571,16,523,64
RunningMeanSqBuffer,extend/append,16384,461,16,523,64
RunningMeanBuffer,calculation,16384,8759,16,523,64
RunningMeanSqBuffer,calculation,16384,3469,16,523,64
RunningMeanBuffer,extend/append,32768,14376,16,523,1
RunningMeanSqBuffer,extend/append,32768,5097,16,523,1
RunningMeanBuffer,calculation,32768,9018,16,523,1
RunningMeanSqBuffer,calculation,32768,3541,16,523,1
RunningMeanBuffer,extend/append,32768,7512,16,523,2
RunningMeanSqBuffer,extend/append,32768,2813,16,523,2
RunningMeanBuffer,calculation,32768,8898,16,523,2
RunningMeanSqBuffer,calculation,32768,3525,16,523,2
RunningMeanBuffer,extend/append,32768,5219,16,523,3
RunningMeanSqBuffer,extend/append,32768,2042,16,523,3
RunningMeanBuffer,calculation,32768,8828,16,523,3
RunningMeanSqBuffer,calculation,32768,3499,16,523,3
RunningMeanBuffer,extend/append,32768,4044,16,523,4
RunningMeanSqBuffer,extend/append,32768,1652,16,523,4
RunningMeanBuffer,calculation,32768,8756,16,523,4
RunningMeanSqBuffer,calculation,32768,3467,16,523,4
RunningMeanBuffer,extend/append,32768,2775,16,523,6
RunningMeanSqBuffer,extend/append,32768,1212,16,523,6
RunningMeanBuffer,calculation,32768,8803,16,523,6
RunningMeanSqBuffer,calculation,32768,3448,16,523,6
RunningMeanBuffer,extend/append,32768,2210,16,523,8
RunningMeanSqBuffer,extend/append,32768,1021,16,523,8
RunningMeanBuffer,calculation,32768,8750,16,523,8
RunningMeanSqBuffer,calculation,32768,3483,16,523,8
RunningMeanBuffer,extend/append,32768,1537,16,523,12
RunningMeanSqBuffer,extend/append,32768,772,16,523,12
RunningMeanBuffer,calculation,32768,8669,16,523,12
RunningMeanSqBuffer,calculation,32768,3390,16,523,12
RunningMeanBuffer,extend/append,32768,1289,16,523,16
RunningMeanSqBuffer,extend/append,32768,689,16,523,16
RunningMeanBuffer,calculation,32768,8699,16,523,16
RunningMeanSqBuffer,calculation,32768,3380,16,523,16
RunningMeanBuffer,extend/append,32768,907,16,523,24
RunningMeanSqBuffer,extend/append,32768,568,16,523,24
RunningMeanBuffer,calculation,32768,8697,16,523,24
RunningMeanSqBuffer,calculation,32768,3391,16,523,24
RunningMeanBuffer,extend/append,32768,855,16,523,32
RunningMeanSqBuffer,extend/append,32768,547,16,523,32
RunningMeanBuffer,calculation,32768,8727,16,523,32
RunningMeanSqBuffer,calculation,32768,3400,16,523,32
RunningMeanBuffer,extend/append,32768,679,16,523,48
RunningMeanSqBuffer,extend/append,32768,481,16,523,48
RunningMeanBuffer,calculation,32768,8654,16,523,48
RunningMeanSqBuffer,calculation,32768,3392,16,523,48
RunningMeanBuffer,extend/append,32768,615,16,523,64
RunningMeanSqBuffer,extend/append,32768,461,16,523,64
RunningMeanBuffer,calculation,32768,8630,16,523,64
RunningMeanSqBuffer,calculation,32768,3405,16,523,64
RunningMeanBuffer,extend/append,65536,22208,16,523,1
RunningMeanSqBuffer,extend/append,65536,7038,16,523,1
RunningMeanBuffer,calculation,65536,8811,16,523,1
RunningMeanSqBuffer,calculation,65536,3486,16,523,1
RunningMeanBuffer,extend/append,65536,11582,16,523,2
RunningMeanSqBuffer,extend/append,65536,3357,16,523,2
RunningMeanBuffer,calculation,65536,8781,16,523,2
RunningMeanSqBuffer,calculation,65536,3466,16,523,2
RunningMeanBuffer,extend/append,65536,7920,16,523,3
RunningMeanSqBuffer,extend/append,65536,2414,16,523,3
RunningMeanBuffer,calculation,65536,8766,16,523,3
RunningMeanSqBuffer,calculation,65536,3479,16,523,3
RunningMeanBuffer,extend/append,65536,6056,16,523,4
RunningMeanSqBuffer,extend/append,65536,1902,16,523,4
RunningMeanBuffer,calculation,65536,8737,16,523,4
RunningMeanSqBuffer,calculation,65536,3475,16,523,4
RunningMeanBuffer,extend/append,65536,4099,16,523,6
RunningMeanSqBuffer,extend/append,65536,1374,16,523,6
RunningMeanBuffer,calculation,65536,8764,16,523,6
RunningMeanSqBuffer,calculation,65536,3446,16,523,6
RunningMeanBuffer,extend/append,65536,3227,16,523,8
RunningMeanSqBuffer,extend/append,65536,1122,16,523,8
RunningMeanBuffer,calculation,65536,8723,16,523,8
RunningMeanSqBuffer,calculation,65536,3464,16,523,8
RunningMeanBuffer,extend/append,65536,2242,16,523,12
RunningMeanSqBuffer,extend/append,65536,872,16,523,12
RunningMeanBuffer,calculation,65536,8756,16,523,12
RunningMeanSqBuffer,calculation,65536,3436,16,523,12
RunningMeanBuffer,extend/append,65536,1833,16,523,16
RunningMeanSqBuffer,extend/append,65536,774,16,523,16
RunningMeanBuffer,calculation,65536,8652,16,523,16
RunningMeanSqBuffer,calculation,65536,3487,16,523,16
RunningMeanBuffer,extend/append,65536,1247,16,523,24
RunningMeanSqBuffer,extend/append,65536,603,16,523,24
RunningMeanBuffer,calculation,65536,8688,16,523,24
RunningMeanSqBuffer,calculation,65536,3463,16,523,24
RunningMeanBuffer,extend/append,65536,1161,16,523,32
RunningMeanSqBuffer,extend/append,65536,588,16,523,32
RunningMeanBuffer,calculation,65536,8694,16,523,32
RunningMeanSqBuffer,calculation,65536,3414,16,523,32
RunningMeanBuffer,extend/append,65536,884,16,523,48
RunningMeanSqBuffer,extend/append,65536,519,16,523,48
RunningMeanBuffer,calculation,65536,8702,16,523,48
RunningMeanSqBuffer,calculation,65536,3439,16,523,48
RunningMeanBuffer,extend/append,65536,776,16,523,64
RunningMeanSqBuffer,extend/append,65536,494,16,523,64
RunningMeanBuffer,calculation,65536,8732,16,523,64
RunningMeanSqBuffer,calculation,65536,3409,16,523,64
RunningMeanBuffer,extend/append,131072,38728,16,523,1
RunningMeanSqBuffer,extend/append,131072,11160,16,523,1
RunningMeanBuffer,calculation,131072,8900,16,523,1
RunningMeanSqBuffer,calculation,131072,3545,16,523,1
RunningMeanBuffer,extend/append,131072,18187,16,523,2
RunningMeanSqBuffer,extend/append,131072,5834,16,523,2
RunningMeanBuffer,calculation,131072,9081,16,523,2
RunningMeanSqBuffer,calculation,131072,3603,16,523,2
RunningMeanBuffer,extend/append,131072,12648,16,523,3
RunningMeanSqBuffer,extend/append,131072,4155,16,523,3
RunningMeanBuffer,calculation,131072,9109,16,523,3
RunningMeanSqBuffer,calculation,131072,3599,16,523,3
RunningMeanBuffer,extend/append,131072,9636,16,523,4
RunningMeanSqBuffer,extend/append,131072,3232,16,523,4
RunningMeanBuffer,calculation,131072,9063,16,523,4
RunningMeanSqBuffer,calculation,131072,3576,16,523,4
RunningMeanBuffer,extend/append,131072,6395,16,523,6
RunningMeanSqBuffer,extend/append,131072,2284,16,523,6
RunningMeanBuffer,calculation,131072,9028,16,523,6
RunningMeanSqBuffer,calculation,131072,3548,16,523,6
RunningMeanBuffer,extend/append,131072,4916,16,523,8
RunningMeanSqBuffer,extend/append,131072,1810,16,523,8
RunningMeanBuffer,calculation,131072,8852,16,523,8
RunningMeanSqBuffer,calculation,131072,3495,16,523,8
RunningMeanBuffer,extend/append,131072,3428,16,523,12
RunningMeanSqBuffer,extend/append,131072,1321,16,523,12
RunningMeanBuffer,calculation,131072,9098,16,523,12
RunningMeanSqBuffer,calculation,131072,3554,16,523,12
RunningMeanBuffer,extend/append,131072,2798,16,523,16
RunningMeanSqBuffer,extend/append,131072,1156,16,523,16
RunningMeanBuffer,calculation,131072,8931,16,523,16
RunningMeanSqBuffer,calculation,131072,3546,16,523,16
RunningMeanBuffer,extend/append,131072,1860,16,523,24
RunningMeanSqBuffer,extend/append,131072,864,16,523,24
RunningMeanBuffer,calculation,131072,8986,16,523,24
RunningMeanSqBuffer,calculation,131072,3667,16,523,24
RunningMeanBuffer,extend/append,131072,1682,16,523,32
RunningMeanSqBuffer,extend/append,131072,812,16,523,32
RunningMeanBuffer,calculation,131072,8998,16,523,32
RunningMeanSqBuffer,calculation,131072,3565,16,523,32
RunningMeanBuffer,extend/append,131072,1241,16,523,48
RunningMeanSqBuffer,extend/append,131072,679,16,523,48
RunningMeanBuffer,calculation,131072,8942,16,523,48
RunningMeanSqBuffer,calculation,131072,3484,16,523,48
RunningMeanBuffer,extend/append,131072,1065,16,523,64
RunningMeanSqBuffer,extend/append,131072,618,16,523,64
RunningMeanBuffer,calculation,131072,8947,16,523,64
RunningMeanSqBuffer,calculation,131072,3500,16,523,64
RunningMeanBuffer,extend/append,262144,72198,16,523,1
RunningMeanSqBuffer,extend/append,262144,16532,16,523,1
RunningMeanBuffer,calculation,262144,9191,16,523,1
RunningMeanSqBuffer,calculation,262144,3683,16,523,1
RunningMeanBuffer,extend/append,262144,36489,16,523,2
RunningMeanSqBuffer,extend/append,262144,8422,16,523,2
RunningMeanBuffer,calculation,262144,9134,16,523,2
RunningMeanSqBuffer,calculation,262144,3621,16,523,2
RunningMeanBuffer,extend/append,262144,25028,16,523,3
RunningMeanSqBuffer,extend/append,262144,5889,16,523,3
RunningMeanBuffer,calculation,262144,9087,16,523,3
RunningMeanSqBuffer,calculation,262144,3625,16,523,3
RunningMeanBuffer,extend/append,262144,18521,16,523,4
RunningMeanSqBuffer,extend/append,262144,4476,16,523,4
RunningMeanBuffer,calculation,262144,9076,16,523,4
RunningMeanSqBuffer,calculation,262144,3583,16,523,4
RunningMeanBuffer,extend/append,262144,12567,16,523,6
RunningMeanSqBuffer,extend/append,262144,3214,16,523,6
RunningMeanBuffer,calculation,262144,9040,16,523,6
RunningMeanSqBuffer,calculation,262144,3567,16,523,6
RunningMeanBuffer,extend/append,262144,9429,16,523,8
RunningMeanSqBuffer,extend/append,262144,2483,16,523,8
RunningMeanBuffer,calculation,262144,9070,16,523,8
RunningMeanSqBuffer,calculation,262144,3615,16,523,8
RunningMeanBuffer,extend/append,262144,6342,16,523,12
RunningMeanSqBuffer,extend/append,262144,1810,16,523,12
RunningMeanBuffer,calculation,262144,9198,16,523,12
RunningMeanSqBuffer,calculation,262144,3561,16,523,12
RunningMeanBuffer,extend/append,262144,5035,16,523,16
RunningMeanSqBuffer,extend/append,262144,1469,16,523,16
RunningMeanBuffer,calculation,262144,9001,16,523,16
RunningMeanSqBuffer,calculation,262144,3567,16,523,16
RunningMeanBuffer,extend/append,262144,3198,16,523,24
RunningMeanSqBuffer,extend/append,262144,1086,16,523,24
RunningMeanBuffer,calculation,262144,8787,16,523,24
RunningMeanSqBuffer,calculation,262144,3459,16,523,24
RunningMeanBuffer,extend/append,262144,2824,16,523,32
RunningMeanSqBuffer,extend/append,262144,1110,16,523,32
RunningMeanBuffer,calculation,262144,9091,16,523,32
RunningMeanSqBuffer,calculation,262144,3560,16,523,32
RunningMeanBuffer,extend/append,262144,2015,16,523,48
RunningMeanSqBuffer,extend/append,262144,814,16,523,48
RunningMeanBuffer,calculation,262144,9078,16,523,48
RunningMeanSqBuffer,calculation,262144,3578,16,523,48
RunningMeanBuffer,extend/append,262144,1706,16,523,64
RunningMeanSqBuffer,extend/append,262144,752,16,523,64
RunningMeanBuffer,calculation,262144,9125,16,523,64
RunningMeanSqBuffer,calculation,262144,3514,16,523,64
RunningMeanBuffer,extend/append,524288,420067,16,523,1
RunningMeanSqBuffer,extend/append,524288,65461,16,523,1
RunningMeanBuffer,calculation,524288,9462,16,523,1
RunningMeanSqBuffer,calculation,524288,3728,16,523,1
RunningMeanBuffer,extend/append,524288,210689,16,523,2
RunningMeanSqBuffer,extend/append,524288,33364,16,523,2
RunningMeanBuffer,calculation,524288,9468,16,523,2
RunningMeanSqBuffer,calculation,524288,3686,16,523,2
RunningMeanBuffer,extend/append,524288,141607,16,523,3
RunningMeanSqBuffer,extend/append,524288,22561,16,523,3
RunningMeanBuffer,calculation,524288,9368,16,523,3
RunningMeanSqBuffer,calculation,524288,3663,16,523,3
RunningMeanBuffer,extend/append,524288,105989,16,523,4
RunningMeanSqBuffer,extend/append,524288,16857,16,523,4
RunningMeanBuffer,calculation,524288,9357,16,523,4
RunningMeanSqBuffer,calculation,524288,3638,16,523,4
RunningMeanBuffer,extend/append,524288,70229,16,523,6
RunningMeanSqBuffer,extend/append,524288,11437,16,523,6
RunningMeanBuffer,calculation,524288,9578,16,523,6
RunningMeanSqBuffer,calculation,524288,3583,16,523,6
RunningMeanBuffer,extend/append,524288,52361,16,523,8
RunningMeanSqBuffer,extend/append,524288,8720,16,523,8
RunningMeanBuffer,calculation,524288,8946,16,523,8
RunningMeanSqBuffer,calculation,524288,3528,16,523,8
RunningMeanBuffer,extend/append,524288,34627,16,523,12
RunningMeanSqBuffer,extend/append,524288,5802,16,523,12
RunningMeanBuffer,calculation,524288,8872,16,523,12
RunningMeanSqBuffer,calculation,524288,3479,16,523,12
RunningMeanBuffer,extend/append,524288,27329,16,523,16
RunningMeanSqBuffer,extend/append,524288,4674,16,523,16
RunningMeanBuffer,calculation,524288,8898,16,523,16
RunningMeanSqBuffer,calculation,524288,3582,16,523,16
RunningMeanBuffer,extend/append,524288,16640,16,523,24
RunningMeanSqBuffer,extend/append,524288,2996,16,523,24
RunningMeanBuffer,calculation,524288,9335,16,523,24
RunningMeanSqBuffer,calculation,524288,3626,16,523,24
RunningMeanBuffer,extend/append,524288,14860,16,523,32
RunningMeanSqBuffer,extend/append,524288,2740,16,523,32
RunningMeanBuffer,calculation,524288,9467,16,523,32
RunningMeanSqBuffer,calculation,524288,3699,16,523,32
RunningMeanBuffer,extend/append,524288,9512,16,523,48
RunningMeanSqBuffer,extend/append,524288,1892,16,523,48
RunningMeanBuffer,calculation,524288,9347,16,523,48
RunningMeanSqBuffer,calculation,524288,3658,16,523,48
RunningMeanBuffer,extend/append,524288,7734,16,523,64
RunningMeanSqBuffer,extend/append,524288,1666,16,523,64
RunningMeanBuffer,calculation,524288,9404,16,523,64
RunningMeanSqBuffer,calculation,524288,3606,16,523,64
RunningMeanBuffer,extend/append,1048576,828114,16,523,1
RunningMeanSqBuffer,extend/append,1048576,130436,16,523,1
RunningMeanBuffer,calculation,1048576,9625,16,523,1
RunningMeanSqBuffer,calculation,1048576,3809,16,523,1
RunningMeanBuffer,extend/append,1048576,417967,16,523,2
RunningMeanSqBuffer,extend/append,1048576,65564,16,523,2
RunningMeanBuffer,calculation,1048576,9625,16,523,2
RunningMeanSqBuffer,calculation,1048576,3745,16,523,2
RunningMeanBuffer,extend/append,1048576,281708,16,523,3
RunningMeanSqBuffer,extend/append,1048576,44351,16,523,3
RunningMeanBuffer,calculation,1048576,9531,16,523,3
RunningMeanSqBuffer,calculation,1048576,3769,16,523,3
RunningMeanBuffer,extend/append,1048576,210691,16,523,4
RunningMeanSqBuffer,extend/append,1048576,33532,16,523,4
RunningMeanBuffer,calculation,1048576,9595,16,523,4
RunningMeanSqBuffer,calculation,1048576,3741,16,523,4
RunningMeanBuffer,extend/append,1048576,139357,16,523,6
RunningMeanSqBuffer,extend/append,1048576,22259,16,523,6
RunningMeanBuffer,calculation,1048576,9462,16,523,6
RunningMeanSqBuffer,calculation,1048576,3723,16,523,6
RunningMeanBuffer,extend/append,1048576,103687,16,523,8
RunningMeanSqBuffer,extend/append,1048576,16669,16,523,8
RunningMeanBuffer,calculation,1048576,9542,16,523,8
RunningMeanSqBuffer,calculation,1048576,3683,16,523,8
RunningMeanBuffer,extend/append,1048576,68001,16,523,12
RunningMeanSqBuffer,extend/append,1048576,11076,16,523,12
RunningMeanBuffer,calculation,1048576,9540,16,523,12
RunningMeanSqBuffer,calculation,1048576,3766,16,523,12
RunningMeanBuffer,extend/append,1048576,53930,16,523,16
RunningMeanSqBuffer,extend/append,1048576,8953,16,523,16
RunningMeanBuffer,calculation,1048576,9506,16,523,16
RunningMeanSqBuffer,calculation,1048576,3723,16,523,16
RunningMeanBuffer,extend/append,1048576,32722,16,523,24
RunningMeanSqBuffer,extend/append,1048576,5556,16,523,24
RunningMeanBuffer,calculation,1048576,9621,16,523,24
RunningMeanSqBuffer,calculation,1048576,3754,16,523,24
RunningMeanBuffer,extend/append,1048576,29358,16,523,32
RunningMeanSqBuffer,extend/append,1048576,5013,16,523,32
RunningMeanBuffer,calculation,1048576,9452,16,523,32
RunningMeanSqBuffer,calculation,1048576,3700,16,523,32
RunningMeanBuffer,extend/append,1048576,18457,16,523,48
RunningMeanSqBuffer,extend/append,1048576,3316,16,523,48
RunningMeanBuffer,calculation,1048576,9032,16,523,48
RunningMeanSqBuffer,calculation,1048576,3538,16,523,48
RunningMeanBuffer,extend/append,1048576,14831,16,523,64
RunningMeanSqBuffer,extend/append,1048576,2764,16,523,64
RunningMeanBuffer,calculation,1048576,9174,16,523,64
RunningMeanSqBuffer,calculation,1048576,3703,16,523,64
RunningMeanBuffer,extend/append,2097152,1667558,16,523,1
RunningMeanSqBuffer,extend/append,2097152,256175,16,523,1
RunningMeanBuffer,calculation,2097152,9935,16,523,1
RunningMeanSqBuffer,calculation,2097152,3916,16,523,1
RunningMeanBuffer,extend/append,2097152,827854,16,523,2
RunningMeanSqBuffer,extend/append,2097152,128281,16,523,2
RunningMeanBuffer,calculation,2097152,9330,16,523,2
RunningMeanSqBuffer,calculation,2097152,3687,16,523,2
RunningMeanBuffer,extend/append,2097152,555948,16,523,3
RunningMeanSqBuffer,extend/append,2097152,87658,16,523,3
RunningMeanBuffer,calculation,2097152,9816,16,523,3
RunningMeanSqBuffer,calculation,2097152,3824,16,523,3
RunningMeanBuffer,extend/append,2097152,415518,16,523,4
RunningMeanSqBuffer,extend/append,2097152,64981,16,523,4
RunningMeanBuffer,calculation,2097152,9739,16,523,4
RunningMeanSqBuffer,calculation,2097152,3879,16,523,4
RunningMeanBuffer,extend/append,2097152,274699,16,523,6
RunningMeanSqBuffer,extend/append,2097152,42929,16,523,6
RunningMeanBuffer,calculation,2097152,9760,16,523,6
RunningMeanSqBuffer,calculation,2097152,3850,16,523,6
RunningMeanBuffer,extend/append,2097152,203579,16,523,8
RunningMeanSqBuffer,extend/append,2097152,32237,16,523,8
RunningMeanBuffer,calculation,2097152,9814,16,523,8
RunningMeanSqBuffer,calculation,2097152,3885,16,523,8
RunningMeanBuffer,extend/append,2097152,134364,16,523,12
RunningMeanSqBuffer,extend/append,2097152,21252,16,523,12
RunningMeanBuffer,calculation,2097152,9729,16,523,12
RunningMeanSqBuffer,calculation,2097152,3842,16,523,12
RunningMeanBuffer,extend/append,2097152,106045,16,523,16
RunningMeanSqBuffer,extend/append,2097152,17099,16,523,16
RunningMeanBuffer,calculation,2097152,9834,16,523,16
RunningMeanSqBuffer,calculation,2097152,3777,16,523,16
RunningMeanBuffer,extend/append,2097152,64264,16,523,24
RunningMeanSqBuffer,extend/append,2097152,10492,16,523,24
RunningMeanBuffer,calculation,2097152,9245,16,523,24
RunningMeanSqBuffer,calculation,2097152,3706,16,523,24
RunningMeanBuffer,extend/append,2097152,55796,16,523,32
RunningMeanSqBuffer,extend/append,2097152,9312,16,523,32
RunningMeanBuffer,calculation,2097152,9897,16,523,32
RunningMeanSqBuffer,calculation,2097152,3759,16,523,32
RunningMeanBuffer,extend/append,2097152,36138,16,523,48
RunningMeanSqBuffer,extend/append,2097152,6102,16,523,48
RunningMeanBuffer,calculation,2097152,9704,16,523,48
RunningMeanSqBuffer,calculation,2097152,3817,16,523,48
RunningMeanBuffer,extend/append,2097152,29022,16,523,64
RunningMeanSqBuffer,extend/append,2097152,4964,16,523,64
RunningMeanBuffer,calculation,2097152,9446,16,523,64
RunningMeanSqBuffer,calculation,2097152,3580,16,523,64
RunningMeanBuffer,extend/append,4194304,3325111,16,523,1
RunningMeanSqBuffer,extend/append,4194304,510060,16,523,1
RunningMeanBuffer,calculation,4194304,10086,16,523,1
RunningMeanSqBuffer,calculation,4194304,4017,16,523,1
RunningMeanBuffer,extend/append,4194304,1655739,16,523,2
RunningMeanSqBuffer,extend/append,4194304,254938,16,523,2
RunningMeanBuffer,calculation,4194304,10022,16,523,2
RunningMeanSqBuffer,calculation,4194304,3973,16,523,2
RunningMeanBuffer,extend/append,4194304,1114315,16,523,3
RunningMeanSqBuffer,extend/append,4194304,171382,16,523,3
RunningMeanBuffer,calculation,4194304,10251,16,523,3
RunningMeanSqBuffer,calculation,4194304,3827,16,523,3
RunningMeanBuffer,extend/append,4194304,835892,16,523,4
RunningMeanSqBuffer,extend/append,4194304,128327,16,523,4
RunningMeanBuffer,calculation,4194304,9782,16,523,4
RunningMeanSqBuffer,calculation,4194304,3705,16,523,4
RunningMeanBuffer,extend/append,4194304,552633,16,523,6
RunningMeanSqBuffer,extend/append,4194304,85231,16,523,6
RunningMeanBuffer,calculation,4194304,10127,16,523,6
RunningMeanSqBuffer,calculation,4194304,3889,16,523,6
RunningMeanBuffer,extend/append,4194304,408829,16,523,8
RunningMeanSqBuffer,extend/append,4194304,64084,16,523,8
RunningMeanBuffer,calculation,4194304,10044,16,523,8
RunningMeanSqBuffer,calculation,4194304,3879,16,523,8
RunningMeanBuffer,extend/append,4194304,268112,16,523,12
RunningMeanSqBuffer,extend/append,4194304,41747,16,523,12
RunningMeanBuffer,calculation,4194304,10061,16,523,12
RunningMeanSqBuffer,calculation,4194304,3935,16,523,12
RunningMeanBuffer,extend/append,4194304,212000,16,523,16
RunningMeanSqBuffer,extend/append,4194304,33279,16,523,16
RunningMeanBuffer,calculation,4194304,10180,16,523,16
RunningMeanSqBuffer,calculation,4194304,3917,16,523,16
RunningMeanBuffer,extend/append,4194304,126518,16,523,24
RunningMeanSqBuffer,extend/append,4194304,20564,16,523,24
RunningMeanBuffer,calculation,4194304,9899,16,523,24
RunningMeanSqBuffer,calculation,4194304,3831,16,523,24
RunningMeanBuffer,extend/append,4194304,113219,16,523,32
RunningMeanSqBuffer,extend/append,4194304,18102,16,523,32
RunningMeanBuffer,calculation,4194304,10085,16,523,32
RunningMeanSqBuffer,calculation,4194304,3961,16,523,32
RunningMeanBuffer,extend/append,4194304,71487,16,523,48
RunningMeanSqBuffer,extend/append,4194304,11613,16,523,48
RunningMeanBuffer,calculation,4194304,10036,16,523,48
RunningMeanSqBuffer,calculation,4194304,3903,16,523,48
RunningMeanBuffer,extend/append,4194304,57138,16,523,64
RunningMeanSqBuffer,extend/append,4194304,9357,16,523,64
RunningMeanBuffer,calculation,4194304,9926,16,523,64
RunningMeanSqBuffer,calculation,4194304,3836,16,523,64
RunningMeanBuffer,extend/append,8388608,6645786,16,523,1
RunningMeanSqBuffer,extend/append,8388608,1019244,16,523,1
RunningMeanBuffer,calculation,8388608,11304,16,523,1
RunningMeanSqBuffer,calculation,8388608,3924,16,523,1
RunningMeanBuffer,extend/append,8388608,3294642,16,523,2
RunningMeanSqBuffer,extend/append,8388608,511371,16,523,2
RunningMeanBuffer,calculation,8388608,10889,16,523,2
RunningMeanSqBuffer,calculation,8388608,4109,16,523,2
RunningMeanBuffer,extend/append,8388608,2235895,16,523,3
RunningMeanSqBuffer,extend/append,8388608,341907,16,523,3
RunningMeanBuffer,calculation,8388608,11672,16,523,3
RunningMeanSqBuffer,calculation,8388608,3902,16,523,3
RunningMeanBuffer,extend/append,8388608,1670582,16,523,4
RunningMeanSqBuffer,extend/append,8388608,256140,16,523,4
RunningMeanBuffer,calculation,8388608,11128,16,523,4
RunningMeanSqBuffer,calculation,8388608,4093,16,523,4
RunningMeanBuffer,extend/append,8388608,1102120,16,523,6
RunningMeanSqBuffer,extend/append,8388608,171175,16,523,6
RunningMeanBuffer,calculation,8388608,11351,16,523,6
RunningMeanSqBuffer,calculation,8388608,4041,16,523,6
RunningMeanBuffer,extend/append,8388608,815952,16,523,8
RunningMeanSqBuffer,extend/append,8388608,128411,16,523,8
RunningMeanBuffer,calculation,8388608,11181,16,523,8
RunningMeanSqBuffer,calculation,8388608,4075,16,523,8
RunningMeanBuffer,extend/append,8388608,536489,16,523,12
RunningMeanSqBuffer,extend/append,8388608,83061,16,523,12
RunningMeanBuffer,calculation,8388608,10821,16,523,12
RunningMeanSqBuffer,calculation,8388608,4009,16,523,12
RunningMeanBuffer,extend/append,8388608,423974,16,523,16
RunningMeanSqBuffer,extend/append,8388608,65927,16,523,16
RunningMeanBuffer,calculation,8388608,11214,16,523,16
RunningMeanSqBuffer,calculation,8388608,4054,16,523,16
RunningMeanBuffer,extend/append,8388608,254130,16,523,24
RunningMeanSqBuffer,extend/append,8388608,39835,16,523,24
RunningMeanBuffer,calculation,8388608,10835,16,523,24
RunningMeanSqBuffer,calculation,8388608,4002,16,523,24
RunningMeanBuffer,extend/append,8388608,226101,16,523,32
RunningMeanSqBuffer,extend/append,8388608,35814,16,523,32
RunningMeanBuffer,calculation,8388608,11405,16,523,32
RunningMeanSqBuffer,calculation,8388608,4006,16,523,32
RunningMeanBuffer,extend/append,8388608,141507,16,523,48
RunningMeanSqBuffer,extend/append,8388608,22324,16,523,48
RunningMeanBuffer,calculation,8388608,11189,16,523,48
RunningMeanSqBuffer,calculation,8388608,4015,16,523,48
RunningMeanBuffer,extend/append,8388608,113188,16,523,64
RunningMeanSqBuffer,extend/append,8388608,18102,16,523,64
RunningMeanBuffer,calculation,8388608,11275,16,523,64
RunningMeanSqBuffer,calculation,8388608,3935,16,523,64
RunningMeanBuffer,extend/append,512,6640,32,523,1
RunningMeanSqBuffer,extend/append,512,2936,32,523,1
RunningMeanBuffer,calculation,512,8816,32,523,1
RunningMeanSqBuffer,calculation,512,3469,32,523,1
RunningMeanBuffer,extend/append,512,3579,32,523,2
RunningMeanSqBuffer,extend/append,512,1735,32,523,2
RunningMeanBuffer,calculation,512,8791,32,523,2
RunningMeanSqBuffer,calculation,512,3432,32,523,2
RunningMeanBuffer,extend/append,512,2562,32,523,3
RunningMeanSqBuffer,extend/append,512,1293,32,523,3
RunningMeanBuffer,calculation,512,8810,32,523,3
RunningMeanSqBuffer,calculation,512,3423,32,523,3
RunningMeanBuffer,extend/append,512,2042,32,523,4
RunningMeanSqBuffer,extend/append,512,1105,32,523,4
RunningMeanBuffer,calculation,512,8683,32,523,4
RunningMeanSqBuffer,calculation,512,3441,32,523,4
RunningMeanBuffer,extend/append,512,1469,32,523,6
RunningMeanSqBuffer,extend/append,512,931,32,523,6
RunningMeanBuffer,calculation,512,8681,32,523,6
RunningMeanSqBuffer,calculation,512,3428,32,523,6
RunningMeanBuffer,extend/append,512,1186,32,523,8
RunningMeanSqBuffer,extend/append,512,726,32,523,8
RunningMeanBuffer,calculation,512,8710,32,523,8
RunningMeanSqBuffer,calculation,512,3398,32,523,8
RunningMeanBuffer,extend/append,512,911,32,523,12
RunningMeanSqBuffer,extend/append,512,620,32,523,12
RunningMeanBuffer,calculation,512,8654,32,523,12
RunningMeanSqBuffer,calculation,512,3397,32,523,12
RunningMeanBuffer,extend/append,512,808,32,523,16
RunningMeanSqBuffer,extend/append,512,552,32,523,16
RunningMeanBuffer,calculation,512,8642,32,523,16
RunningMeanSqBuffer,calculation,512,3419,32,523,16
RunningMeanBuffer,extend/append,512,653,32,523,24
RunningMeanSqBuffer,extend/append,512,489,32,523,24
RunningMeanBuffer,calculation,512,8595,32,523,24
RunningMeanSqBuffer,calculation,512,3421,32,523,24
RunningMeanBuffer,extend/append,512,605,32,523,32
RunningMeanSqBuffer,extend/append,512,481,32,523,32
RunningMeanBuffer,calculation,512,8621,32,523,32
RunningMeanSqBuffer,calculation,512,3408,32,523,32
RunningMeanBuffer,extend/append,512,510,32,523,48
RunningMeanSqBuffer,extend/append,512,440,32,523,48
RunningMeanBuffer,calculation,512,8723,32,523,48
RunningMeanSqBuffer,calculation,512,3434,32,523,48
RunningMeanBuffer,extend/append,512,504,32,523,64
RunningMeanSqBuffer,extend/append,512,420,32,523,64
RunningMeanBuffer,calculation,512,8668,32,523,64
RunningMeanSqBuffer,calculation,512,3399,32,523,64
RunningMeanBuffer,extend/append,1024,6872,32,523,1
RunningMeanSqBuffer,extend/append,1024,2951,32,523,1
RunningMeanBuffer,calculation,1024,8782,32,523,1
RunningMeanSqBuffer,calculation,1024,3510,32,523,1
RunningMeanBuffer,extend/append,1024,3694,32,523,2
RunningMeanSqBuffer,extend/append,1024,1726,32,523,2
RunningMeanBuffer,calculation,1024,8783,32,523,2
RunningMeanSqBuffer,calculation,1024,3438,32,523,2
RunningMeanBuffer,extend/append,1024,2629,32,523,3
RunningMeanSqBuffer,extend/append,1024,1319,32,523,3
RunningMeanBuffer,calculation,1024,8732,32,523,3
RunningMeanSqBuffer,calculation,1024,3410,32,523,3
RunningMeanBuffer,extend/append,1024,2056,32,523,4
RunningMeanSqBuffer,extend/append,1024,1066,32,523,4
RunningMeanBuffer,calculation,1024,8775,32,523,4
RunningMeanSqBuffer,calculation,1024,3430,32,523,4
RunningMeanBuffer,extend/append,1024,2014,32,523,6
RunningMeanSqBuffer,extend/append,1024,825,32,523,6
RunningMeanBuffer,calculation,1024,8588,32,523,6
RunningMeanSqBuffer,calculation,1024,3426,32,523,6
RunningMeanBuffer,extend/append,1024,1223,32,523,8
RunningMeanSqBuffer,extend/append,1024,727,32,523,8
RunningMeanBuffer,calculation,1024,8733,32,523,8
RunningMeanSqBuffer,calculation,1024,3461,32,523,8
RunningMeanBuffer,extend/append,1024,935,32,523,12
RunningMeanSqBuffer,extend/append,1024,607,32,523,12
RunningMeanBuffer,calculation,1024,8675,32,523,12
RunningMeanSqBuffer,calculation,1024,3394,32,523,12
RunningMeanBuffer,extend/append,1024,814,32,523,16
RunningMeanSqBuffer,extend/append,1024,571,32,523,16
RunningMeanBuffer,calculation,1024,8651,32,523,16
RunningMeanSqBuffer,calculation,1024,3391,32,523,16
RunningMeanBuffer,extend/append,1024,649,32,523,24
RunningMeanSqBuffer,extend/append,1024,476,32,523,24
RunningMeanBuffer,calculation,1024,8713,32,523,24
RunningMeanSqBuffer,calculation,1024,3389,32,523,24
RunningMeanBuffer,extend/append,1024,611,32,523,32
RunningMeanSqBuffer,extend/append,1024,468,32,523,32
RunningMeanBuffer,calculation,1024,8667,32,523,32
RunningMeanSqBuffer,calculation,1024,3422,32,523,32
RunningMeanBuffer,extend/append,1024,536,32,523,48
RunningMeanSqBuffer,extend/append,1024,451,32,523,48
RunningMeanBuffer,calculation,1024,8681,32,523,48
RunningMeanSqBuffer,calculation,1024,3369,32,523,48
RunningMeanBuffer,extend/append,1024,496,32,523,64
RunningMeanSqBuffer,extend/append,1024,426,32,523,64
RunningMeanBuffer,calculation,1024,8747,32,523,64
RunningMeanSqBuffer,calculation,1024,3444,32,523,64
RunningMeanBuffer,extend/append,2048,7196,32,523,1
RunningMeanSqBuffer,extend/append,2048,3038,32,523,1
RunningMeanBuffer,calculation,2048,8781,32,523,1
RunningMeanSqBuffer,calculation,2048,3460,32,523,1
RunningMeanBuffer,extend/append,2048,3935,32,523,2
RunningMeanSqBuffer,extend/append,2048,1734,32,523,2
RunningMeanBuffer,calculation,2048,8815,32,523,2
RunningMeanSqBuffer,calculation,2048,3432,32,523,2
RunningMeanBuffer,extend/append,2048,2732,32,523,3
RunningMeanSqBuffer,extend/append,2048,1332,32,523,3
RunningMeanBuffer,calculation,2048,8713,32,523,3
RunningMeanSqBuffer,calculation,2048,3430,32,523,3
RunningMeanBuffer,extend/append,2048,2146,32,523,4
RunningMeanSqBuffer,extend/append,2048,1108,32,523,4
RunningMeanBuffer,calculation,2048,8653,32,523,4
RunningMeanSqBuffer,calculation,2048,3413,32,523,4
RunningMeanBuffer,extend/append,2048,1552,32,523,6
RunningMeanSqBuffer,extend/append,2048,884,32,523,6
RunningMeanBuffer,calculation,2048,8647,32,523,6
RunningMeanSqBuffer,calculation,2048,3389,32,523,6
RunningMeanBuffer,extend/append,2048,1273,32,523,8
RunningMeanSqBuffer,extend/append,2048,766,32,523,8
RunningMeanBuffer,calculation,2048,8700,32,523,8
RunningMeanSqBuffer,calculation,2048,3399,32,523,8
RunningMeanBuffer,extend/append,2048,970,32,523,12
RunningMeanSqBuffer,extend/append,2048,621,32,523,12
RunningMeanBuffer,calculation,2048,8760,32,523,12
RunningMeanSqBuffer,calculation,2048,3443,32,523,12
RunningMeanBuffer,extend/append,2048,839,32,523,16
RunningMeanSqBuffer,extend/append,2048,562,32,523,16
RunningMeanBuffer,calculation,2048,8743,32,523,16
RunningMeanSqBuffer,calculation,2048,3444,32,523,16
RunningMeanBuffer,extend/append,2048,659,32,523,24
RunningMeanSqBuffer,extend/append,2048,517,32,523,24
RunningMeanBuffer,calculation,2048,8637,32,523,24
RunningMeanSqBuffer,calculation,2048,3443,32,523,24
RunningMeanBuffer,extend/append,2048,631,32,523,32
RunningMeanSqBuffer,extend/append,2048,489,32,523,32
RunningMeanBuffer,calculation,2048,8695,32,523,32
RunningMeanSqBuffer,calculation,2048,3387,32,523,32
RunningMeanBuffer,extend/append,2048,520,32,523,48
RunningMeanSqBuffer,extend/append,2048,442,32,523,48
RunningMeanBuffer,calculation,2048,8634,32,523,48
RunningMeanSqBuffer,calculation,2048,3382,32,523,48
RunningMeanBuffer,extend/append,2048,523,32,523,64
RunningMeanSqBuffer,extend/append,2048,437,32,523,64
RunningMeanBuffer,calculation,2048,8664,32,523,64
RunningMeanSqBuffer,calculation,2048,3392,32,523,64
RunningMeanBuffer,extend/append,4096,7536,32,523,1
RunningMeanSqBuffer,extend/append,4096,3148,32,523,1
RunningMeanBuffer,calculation,4096,8818,32,523,1
RunningMeanSqBuffer,calculation,4096,3462,32,523,1
RunningMeanBuffer,extend/append,4096,4165,32,523,2
RunningMeanSqBuffer,extend/append,4096,1807,32,523,2
RunningMeanBuffer,calculation,4096,8767,32,523,2
RunningMeanSqBuffer,calculation,4096,3446,32,523,2
RunningMeanBuffer,extend/append,4096,2912,32,523,3
RunningMeanSqBuffer,extend/append,4096,1361,32,523,3
RunningMeanBuffer,calculation,4096,8728,32,523,3
RunningMeanSqBuffer,calculation,4096,3496,32,523,3
RunningMeanBuffer,extend/append,4096,2358,32,523,4
RunningMeanSqBuffer,extend/append,4096,1153,32,523,4
RunningMeanBuffer,calculation,4096,8720,32,523,4
RunningMeanSqBuffer,calculation,4096,3414,32,523,4
RunningMeanBuffer,extend/append,4096,1697,32,523,6
RunningMeanSqBuffer,extend/append,4096,888,32,523,6
RunningMeanBuffer,calculation,4096,8762,32,523,6
RunningMeanSqBuffer,calculation,4096,3434,32,523,6
RunningMeanBuffer,extend/append,4096,1331,32,523,8
RunningMeanSqBuffer,extend/append,4096,785,32,523,8
RunningMeanBuffer,calculation,4096,8763,32,523,8
RunningMeanSqBuffer,calculation,4096,3454,32,523,8
RunningMeanBuffer,extend/append,4096,1029,32,523,12
RunningMeanSqBuffer,extend/append,4096,635,32,523,12
RunningMeanBuffer,calculation,4096,8700,32,523,12
RunningMeanSqBuffer,calculation,4096,3411,32,523,12
RunningMeanBuffer,extend/append,4096,872,32,523,16
RunningMeanSqBuffer,extend/append,4096,580,32,523,16
RunningMeanBuffer,calculation,4096,8692,32,523,16
RunningMeanSqBuffer,calculation,4096,3426,32,523,16
RunningMeanBuffer,extend/append,4096,666,32,523,24
RunningMeanSqBuffer,extend/append,4096,502,32,523,24
RunningMeanBuffer,calculation,4096,8705,32,523,24
RunningMeanSqBuffer,calculation,4096,3410,32,523,24
RunningMeanBuffer,extend/append,4096,669,32,523,32
RunningMeanSqBuffer,extend/append,4096,480,32,523,32
RunningMeanBuffer,calculation,4096,8760,32,523,32
RunningMeanSqBuffer,calculation,4096,3362,32,523,32
RunningMeanBuffer,extend/append,4096,532,32,523,48
RunningMeanSqBuffer,extend/append,4096,434,32,523,48
RunningMeanBuffer,calculation,4096,8674,32,523,48
RunningMeanSqBuffer,calculation,4096,3335,32,523,48
RunningMeanBuffer,extend/append,4096,508,32,523,64
RunningMeanSqBuffer,extend/append,4096,410,32,523,64
RunningMeanBuffer,calculation,4096,8591,32,523,64
RunningMeanSqBuffer,calculation,4096,3352,32,523,64
RunningMeanBuffer,extend/append,8192,8332,32,523,1
RunningMeanSqBuffer,extend/append,8192,3345,32,523,1
RunningMeanBuffer,calculation,8192,8722,32,523,1
RunningMeanSqBuffer,calculation,8192,3466,32,523,1
RunningMeanBuffer,extend/append,8192,4505,32,523,2
RunningMeanSqBuffer,extend/append,8192,1909,32,523,2
RunningMeanBuffer,calculation,8192,8810,32,523,2
RunningMeanSqBuffer,calculation,8192,3609,32,523,2
RunningMeanBuffer,extend/append,8192,3183,32,523,3
RunningMeanSqBuffer,extend/append,8192,1420,32,523,3
RunningMeanBuffer,calculation,8192,8614,32,523,3
RunningMeanSqBuffer,calculation,8192,3391,32,523,3
RunningMeanBuffer,extend/append,8192,2440,32,523,4
RunningMeanSqBuffer,extend/append,8192,1167,32,523,4
RunningMeanBuffer,calculation,8192,8671,32,523,4
RunningMeanSqBuffer,calculation,8192,3433,32,523,4
RunningMeanBuffer,extend/append,8192,1780,32,523,6
RunningMeanSqBuffer,extend/append,8192,891,32,523,6
RunningMeanBuffer,calculation,8192,8679,32,523,6
RunningMeanSqBuffer,calculation,8192,3376,32,523,6
RunningMeanBuffer,extend/append,8192,1412,32,523,8
RunningMeanSqBuffer,extend/append,8192,764,32,523,8
RunningMeanBuffer,calculation,8192,8604,32,523,8
RunningMeanSqBuffer,calculation,8192,3371,32,523,8
RunningMeanBuffer,extend/append,8192,1058,32,523,12
RunningMeanSqBuffer,extend/append,8192,614,32,523,12
RunningMeanBuffer,calculation,8192,8597,32,523,12
RunningMeanSqBuffer,calculation,8192,3364,32,523,12
RunningMeanBuffer,extend/append,8192,899,32,523,16
RunningMeanSqBuffer,extend/append,8192,577,32,523,16
RunningMeanBuffer,calculation,8192,8663,32,523,16
RunningMeanSqBuffer,calculation,8192,3363,32,523,16
RunningMeanBuffer,extend/append,8192,695,32,523,24
RunningMeanSqBuffer,extend/append,8192,495,32,523,24
RunningMeanBuffer,calculation,8192,8647,32,523,24
RunningMeanSqBuffer,calculation,8192,3361,32,523,24
RunningMeanBuffer,extend/append,8192,670,32,523,32
RunningMeanSqBuffer,extend/append,8192,487,32,523,32
RunningMeanBuffer,calculation,8192,8754,32,523,32
RunningMeanSqBuffer,calculation,8192,3347,32,523,32
RunningMeanBuffer,extend/append,8192,554,32,523,48
RunningMeanSqBuffer,extend/append,8192,451,32,523,48
RunningMeanBuffer,calculation,8192,8691,32,523,48
RunningMeanSqBuffer,calculation,8192,3340,32,523,48
RunningMeanBuffer,extend/append,8192,510,32,523,64
RunningMeanSqBuffer,extend/append,8192,425,32,523,64
RunningMeanBuffer,calculation,8192,8656,32,523,64
RunningMeanSqBuffer,calculation,8192,3388,32,523,64
RunningMeanBuffer,extend/append,16384,10233,32,523,1
RunningMeanSqBuffer,extend/append,16384,3748,32,523,1
RunningMeanBuffer,calculation,16384,8762,32,523,1
RunningMeanSqBuffer,calculation,16384,3475,32,523,1
RunningMeanBuffer,extend/append,16384,5443,32,523,2
RunningMeanSqBuffer,extend/append,16384,2134,32,523,2
RunningMeanBuffer,calculation,16384,8718,32,523,2
RunningMeanSqBuffer,calculation,16384,3426,32,523,2
RunningMeanBuffer,extend/append,16384,3822,32,523,3
RunningMeanSqBuffer,extend/append,16384,1555,32,523,3
RunningMeanBuffer,calculation,16384,8725,32,523,3
RunningMeanSqBuffer,calculation,16384,3407,32,523,3
RunningMeanBuffer,extend/append,16384,2931,32,523,4
RunningMeanSqBuffer,extend/append,16384,1256,32,523,4
RunningMeanBuffer,calculation,16384,8708,32,523,4
RunningMeanSqBuffer,calculation,16384,3421,32,523,4
RunningMeanBuffer,extend/append,16384,2127,32,523,6
RunningMeanSqBuffer,extend/append,16384,971,32,523,6
RunningMeanBuffer,calculation,16384,8628,32,523,6
RunningMeanSqBuffer,calculation,16384,3412,32,523,6
RunningMeanBuffer,extend/append,16384,1656,32,523,8
RunningMeanSqBuffer,extend/append,16384,828,32,523,8
RunningMeanBuffer,calculation,16384,8706,32,523,8
RunningMeanSqBuffer,calculation,16384,3384,32,523,8
RunningMeanBuffer,extend/append,16384,1197,32,523,12
RunningMeanSqBuffer,extend/append,16384,670,32,523,12
RunningMeanBuffer,calculation,16384,8671,32,523,12
RunningMeanSqBuffer,calculation,16384,3415,32,523,12
RunningMeanBuffer,extend/append,16384,1046,32,523,16
RunningMeanSqBuffer,extend/append,16384,611,32,523,16
RunningMeanBuffer,calculation,16384,8611,32,523,16
RunningMeanSqBuffer,calculation,16384,3385,32,523,16
RunningMeanBuffer,extend/append,16384,756,32,523,24
RunningMeanSqBuffer,extend/append,16384,520,32,523,24
RunningMeanBuffer,calculation,16384,8678,32,523,24
RunningMeanSqBuffer,calculation,16384,3368,32,523,24
RunningMeanBuffer,extend/append,16384,725,32,523,32
RunningMeanSqBuffer,extend/append,16384,504,32,523,32
RunningMeanBuffer,calculation,16384,8632,32,523,32
RunningMeanSqBuffer,calculation,16384,3393,32,523,32
RunningMeanBuffer,extend/append,16384,604,32,523,48
RunningMeanSqBuffer,extend/append,16384,451,32,523,48
RunningMeanBuffer,calculation,16384,8687,32,523,48
RunningMeanSqBuffer,calculation,16384,3408,32,523,48
RunningMeanBuffer,extend/append,16384,548,32,523,64
RunningMeanSqBuffer,extend/append,16384,434,32,523,64
RunningMeanBuffer,calculation,16384,8646,32,523,64
RunningMeanSqBuffer,calculation,16384,3385,32,523,64
RunningMeanBuffer,extend/append,32768,14082,32,523,1
RunningMeanSqBuffer,extend/append,32768,5145,32,523,1
RunningMeanBuffer,calculation,32768,8817,32,523,1
RunningMeanSqBuffer,calculation,32768,3494,32,523,1
RunningMeanBuffer,extend/append,32768,7313,32,523,2
RunningMeanSqBuffer,extend/append,32768,2769,32,523,2
RunningMeanBuffer,calculation,32768,8785,32,523,2
RunningMeanSqBuffer,calculation,32768,3465,32,523,2
RunningMeanBuffer,extend/append,32768,5031,32,523,3
RunningMeanSqBuffer,extend/append,32768,2002,32,523,3
RunningMeanBuffer,calculation,32768,8743,32,523,3
RunningMeanSqBuffer,calculation,32768,3449,32,523,3
RunningMeanBuffer,extend/append,32768,3883,32,523,4
RunningMeanSqBuffer,extend/append,32768,1589,32,523,4
RunningMeanBuffer,calculation,32768,8723,32,523,4
RunningMeanSqBuffer,calculation,32768,3387,32,523,4
RunningMeanBuffer,extend/append,32768,2714,32,523,6
RunningMeanSqBuffer,extend/append,32768,1182,32,523,6
RunningMeanBuffer,calculation,32768,8707,32,523,6
RunningMeanSqBuffer,calculation,32768,3419,32,523,6
RunningMeanBuffer,extend/append,32768,2146,32,523,8
RunningMeanSqBuffer,extend/append,32768,1031,32,523,8
RunningMeanBuffer,calculation,32768,8704,32,523,8
RunningMeanSqBuffer,calculation,32768,3398,32,523,8
RunningMeanBuffer,extend/append,32768,1522,32,523,12
RunningMeanSqBuffer,extend/append,32768,858,32,523,12
RunningMeanBuffer,calculation,32768,8815,32,523,12
RunningMeanSqBuffer,calculation,32768,3488,32,523,12
RunningMeanBuffer,extend/append,32768,1367,32,523,16
RunningMeanSqBuffer,extend/append,32768,725,32,523,16
RunningMeanBuffer,calculation,32768,8748,32,523,16
RunningMeanSqBuffer,calculation,32768,3430,32,523,16
RunningMeanBuffer,extend/append,32768,941,32,523,24
RunningMeanSqBuffer,extend/append,32768,599,32,523,24
RunningMeanBuffer,calculation,32768,8812,32,523,24
RunningMeanSqBuffer,calculation,32768,3426,32,523,24
RunningMeanBuffer,extend/append,32768,885,32,523,32
RunningMeanSqBuffer,extend/append,32768,582,32,523,32
RunningMeanBuffer,calculation,32768,8837,32,523,32
RunningMeanSqBuffer,calculation,32768,3565,32,523,32
RunningMeanBuffer,extend/append,32768,690,32,523,48
RunningMeanSqBuffer,extend/append,32768,502,32,523,48
RunningMeanBuffer,calculation,32768,8755,32,523,48
RunningMeanSqBuffer,calculation,32768,3446,32,523,48
RunningMeanBuffer,extend/append,32768,630,32,523,64
RunningMeanSqBuffer,extend/append,32768,480,32,523,64
RunningMeanBuffer,calculation,32768,8876,32,523,64
RunningMeanSqBuffer,calculation,32768,3426,32,523,64
RunningMeanBuffer,extend/append,65536,22639,32,523,1
RunningMeanSqBuffer,extend/append,65536,7133,32,523,1
RunningMeanBuffer,calculation,65536,8891,32,523,1
RunningMeanSqBuffer,calculation,65536,3595,32,523,1
RunningMeanBuffer,extend/append,65536,11876,32,523,2
RunningMeanSqBuffer,extend/append,65536,3450,32,523,2
RunningMeanBuffer,calculation,65536,8903,32,523,2
RunningMeanSqBuffer,calculation,65536,3542,32,523,2
RunningMeanBuffer,extend/append,65536,8197,32,523,3
RunningMeanSqBuffer,extend/append,65536,2468,32,523,3
RunningMeanBuffer,calculation,65536,8939,32,523,3
RunningMeanSqBuffer,calculation,65536,3553,32,523,3
RunningMeanBuffer,extend/append,65536,6154,32,523,4
RunningMeanSqBuffer,extend/append,65536,1925,32,523,4
RunningMeanBuffer,calculation,65536,8942,32,523,4
RunningMeanSqBuffer,calculation,65536,3501,32,523,4
RunningMeanBuffer,extend/append,65536,4271,32,523,6
RunningMeanSqBuffer,extend/append,65536,1451,32,523,6
RunningMeanBuffer,calculation,65536,8904,32,523,6
RunningMeanSqBuffer,calculation,65536,3493,32,523,6
RunningMeanBuffer,extend/append,65536,3280,32,523,8
RunningMeanSqBuffer,extend/append,65536,1184,32,523,8
RunningMeanBuffer,calculation,65536,8891,32,523,8
RunningMeanSqBuffer,calculation,65536,3524,32,523,8
RunningMeanBuffer,extend/append,65536,2297,32,523,12
RunningMeanSqBuffer,extend/append,65536,901,32,523,12
RunningMeanBuffer,calculation,65536,8851,32,523,12
RunningMeanSqBuffer,calculation,65536,3504,32,523,12
RunningMeanBuffer,extend/append,65536,1953,32,523,16
RunningMeanSqBuffer,extend/append,65536,823,32,523,16
RunningMeanBuffer,calculation,65536,8961,32,523,16
RunningMeanSqBuffer,calculation,65536,3479,32,523,16
RunningMeanBuffer,extend/append,65536,1289,32,523,24
RunningMeanSqBuffer,extend/append,65536,641,32,523,24
RunningMeanBuffer,calculation,65536,8879,32,523,24
RunningMeanSqBuffer,calculation,65536,3480,32,523,24
RunningMeanBuffer,extend/append,65536,1245,32,523,32
RunningMeanSqBuffer,extend/append,65536,645,32,523,32
RunningMeanBuffer,calculation,65536,8968,32,523,32
RunningMeanSqBuffer,calculation,65536,3513,32,523,32
RunningMeanBuffer,extend/append,65536,893,32,523,48
RunningMeanSqBuffer,extend/append,65536,550,32,523,48
RunningMeanBuffer,calculation,65536,8900,32,523,48
RunningMeanSqBuffer,calculation,65536,3480,32,523,48
RunningMeanBuffer,extend/append,65536,805,32,523,64
RunningMeanSqBuffer,extend/append,65536,526,32,523,64
RunningMeanBuffer,calculation,65536,8889,32,523,64
RunningMeanSqBuffer,calculation,65536,3435,32,523,64
RunningMeanBuffer,extend/append,131072,40160,32,523,1
RunningMeanSqBuffer,extend/append,131072,11266,32,523,1
RunningMeanBuffer,calculation,131072,9083,32,523,1
RunningMeanSqBuffer,calculation,131072,3657,32,523,1
RunningMeanBuffer,extend/append,131072,18677,32,523,2
RunningMeanSqBuffer,extend/append,131072,5910,32,523,2
RunningMeanBuffer,calculation,131072,9103,32,523,2
RunningMeanSqBuffer,calculation,131072,3594,32,523,2
RunningMeanBuffer,extend/append,131072,12759,32,523,3
RunningMeanSqBuffer,extend/append,131072,4147,32,523,3
RunningMeanBuffer,calculation,131072,9055,32,523,3
RunningMeanSqBuffer,calculation,131072,3609,32,523,3
RunningMeanBuffer,extend/append,131072,9661,32,523,4
RunningMeanSqBuffer,extend/append,131072,3224,32,523,4
RunningMeanBuffer,calculation,131072,9085,32,523,4
RunningMeanSqBuffer,calculation,131072,3572,32,523,4
RunningMeanBuffer,extend/append,131072,6399,32,523,6
RunningMeanSqBuffer,extend/append,131072,2321,32,523,6
RunningMeanBuffer,calculation,131072,8949,32,523,6
RunningMeanSqBuffer,calculation,131072,3540,32,523,6
RunningMeanBuffer,extend/append,131072,5052,32,523,8
RunningMeanSqBuffer,extend/append,131072,1823,32,523,8
RunningMeanBuffer,calculation,131072,8986,32,523,8
RunningMeanSqBuffer,calculation,131072,3553,32,523,8
RunningMeanBuffer,extend/append,131072,3423,32,523,12
RunningMeanSqBuffer,extend/append,131072,1340,32,523,12
RunningMeanBuffer,calculation,131072,8886,32,523,12
RunningMeanSqBuffer,calculation,131072,3580,32,523,12
RunningMeanBuffer,extend/append,131072,2695,32,523,16
RunningMeanSqBuffer,extend/append,131072,1162,32,523,16
RunningMeanBuffer,calculation,131072,8909,32,523,16
RunningMeanSqBuffer,calculation,131072,3501,32,523,16
RunningMeanBuffer,extend/append,131072,1856,32,523,24
RunningMeanSqBuffer,extend/append,131072,883,32,523,24
RunningMeanBuffer,calculation,131072,8987,32,523,24
RunningMeanSqBuffer,calculation,131072,3533,32,523,24
RunningMeanBuffer,extend/append,131072,1646,32,523,32
RunningMeanSqBuffer,extend/append,131072,823,32,523,32
RunningMeanBuffer,calculation,131072,8991,32,523,32
RunningMeanSqBuffer,calculation,131072,3517,32,523,32
RunningMeanBuffer,extend/append,131072,1191,32,523,48
RunningMeanSqBuffer,extend/append,131072,682,32,523,48
RunningMeanBuffer,calculation,131072,8846,32,523,48
RunningMeanSqBuffer,calculation,131072,3525,32,523,48
RunningMeanBuffer,extend/append,131072,1061,32,523,64
RunningMeanSqBuffer,extend/append,131072,647,32,523,64
RunningMeanBuffer,calculation,131072,8902,32,523,64
RunningMeanSqBuffer,calculation,131072,3515,32,523,64
RunningMeanBuffer,extend/append,262144,71947,32,523,1
RunningMeanSqBuffer,extend/append,262144,16406,32,523,1
RunningMeanBuffer,calculation,262144,9143,32,523,1
RunningMeanSqBuffer,calculation,262144,3652,32,523,1
RunningMeanBuffer,extend/append,262144,36378,32,523,2
RunningMeanSqBuffer,extend/append,262144,8443,32,523,2
RunningMeanBuffer,calculation,262144,9138,32,523,2
RunningMeanSqBuffer,calculation,262144,3615,32,523,2
RunningMeanBuffer,extend/append,262144,24691,32,523,3
RunningMeanSqBuffer,extend/append,262144,5809,32,523,3
RunningMeanBuffer,calculation,262144,9155,32,523,3
RunningMeanSqBuffer,calculation,262144,3601,32,523,3
RunningMeanBuffer,extend/append,262144,18616,32,523,4
RunningMeanSqBuffer,extend/append,262144,4534,32,523,4
RunningMeanBuffer,calculation,262144,9144,32,523,4
RunningMeanSqBuffer,calculation,262144,3562,32,523,4
RunningMeanBuffer,extend/append,262144,12377,32,523,6
RunningMeanSqBuffer,extend/append,262144,3158,32,523,6
RunningMeanBuffer,calculation,262144,9215,32,523,6
RunningMeanSqBuffer,calculation,262144,3624,32,523,6
RunningMeanBuffer,extend/append,262144,9446,32,523,8
RunningMeanSqBuffer,extend/append,262144,2479,32,523,8
RunningMeanBuffer,calculation,262144,9065,32,523,8
RunningMeanSqBuffer,calculation,262144,3610,32,523,8
RunningMeanBuffer,extend/append,262144,6283,32,523,12
RunningMeanSqBuffer,extend/append,262144,1750,32,523,12
RunningMeanBuffer,calculation,262144,9104,32,523,12
RunningMeanSqBuffer,calculation,262144,3578,32,523,12
RunningMeanBuffer,extend/append,262144,5124,32,523,16
RunningMeanSqBuffer,extend/append,262144,1503,32,523,16
RunningMeanBuffer,calculation,262144,9167,32,523,16
RunningMeanSqBuffer,calculation,262144,3593,32,523,16
RunningMeanBuffer,extend/append,262144,3255,32,523,24
RunningMeanSqBuffer,extend/append,262144,1085,32,523,24
RunningMeanBuffer,calculation,262144,9116,32,523,24
RunningMeanSqBuffer,calculation,262144,3562,32,523,24
RunningMeanBuffer,extend/append,262144,2956,32,523,32
RunningMeanSqBuffer,extend/append,262144,1015,32,523,32
RunningMeanBuffer,calculation,262144,9073,32,523,32
RunningMeanSqBuffer,calculation,262144,3561,32,523,32
RunningMeanBuffer,extend/append,262144,1972,32,523,48
RunningMeanSqBuffer,extend/append,262144,823,32,523,48
RunningMeanBuffer,calculation,262144,9080,32,523,48
RunningMeanSqBuffer,calculation,262144,3570,32,523,48
RunningMeanBuffer,extend/append,262144,1705,32,523,64
RunningMeanSqBuffer,extend/append,262144,736,32,523,64
RunningMeanBuffer,calculation,262144,9093,32,523,64
RunningMeanSqBuffer,calculation,262144,3588,32,523,64
RunningMeanBuffer,extend/append,524288,411723,32,523,1
RunningMeanSqBuffer,extend/append,524288,65839,32,523,1
RunningMeanBuffer,calculation,524288,9624,32,523,1
RunningMeanSqBuffer,calculation,524288,3776,32,523,1
RunningMeanBuffer,extend/append,524288,208315,32,523,2
RunningMeanSqBuffer,extend/append,524288,33343,32,523,2
RunningMeanBuffer,calculation,524288,9495,32,523,2
RunningMeanSqBuffer,calculation,524288,3721,32,523,2
RunningMeanBuffer,extend/append,524288,139865,32,523,3
RunningMeanSqBuffer,extend/append,524288,22549,32,523,3
RunningMeanBuffer,calculation,524288,9443,32,523,3
RunningMeanSqBuffer,calculation,524288,3670,32,523,3
RunningMeanBuffer,extend/append,524288,102905,32,523,4
RunningMeanSqBuffer,extend/append,524288,17005,32,523,4
RunningMeanBuffer,calculation,524288,9522,32,523,4
RunningMeanSqBuffer,calculation,524288,3720,32,523,4
RunningMeanBuffer,extend/append,524288,68979,32,523,6
RunningMeanSqBuffer,extend/append,524288,11406,32,523,6
RunningMeanBuffer,calculation,524288,9459,32,523,6
RunningMeanSqBuffer,calculation,524288,3634,32,523,6
RunningMeanBuffer,extend/append,524288,51391,32,523,8
RunningMeanSqBuffer,extend/append,524288,8625,32,523,8
RunningMeanBuffer,calculation,524288,9304,32,523,8
RunningMeanSqBuffer,calculation,524288,3624,32,523,8
RunningMeanBuffer,extend/append,524288,34099,32,523,12
RunningMeanSqBuffer,extend/append,524288,5823,32,523,12
RunningMeanBuffer,calculation,524288,9385,32,523,12
RunningMeanSqBuffer,calculation,524288,3678,32,523,12
RunningMeanBuffer,extend/append,524288,27487,32,523,16
RunningMeanSqBuffer,extend/append,524288,4735,32,523,16
RunningMeanBuffer,calculation,524288,9335,32,523,16
RunningMeanSqBuffer,calculation,524288,3693,32,523,16
RunningMeanBuffer,extend/append,524288,16408,32,523,24
RunningMeanSqBuffer,extend/append,524288,3125,32,523,24
RunningMeanBuffer,calculation,524288,9432,32,523,24
RunningMeanSqBuffer,calculation,524288,3663,32,523,24
RunningMeanBuffer,extend/append,524288,15099,32,523,32
RunningMeanSqBuffer,extend/append,524288,2850,32,523,32
RunningMeanBuffer,calculation,524288,9397,32,523,32
RunningMeanSqBuffer,calculation,524288,3661,32,523,32
RunningMeanBuffer,extend/append,524288,9400,32,523,48
RunningMeanSqBuffer,extend/append,524288,1970,32,523,48
RunningMeanBuffer,calculation,524288,9412,32,523,48
RunningMeanSqBuffer,calculation,524288,3604,32,523,48
RunningMeanBuffer,extend/append,524288,7750,32,523,64
RunningMeanSqBuffer,extend/append,524288,1698,32,523,64
RunningMeanBuffer,calculation,524288,9421,32,523,64
RunningMeanSqBuffer,calculation,524288,3653,32,523,64
RunningMeanBuffer,extend/append,1048576,834893,32,523,1
RunningMeanSqBuffer,extend/append,1048576,132740,32,523,1
RunningMeanBuffer,calculation,1048576,9691,32,523,1
RunningMeanSqBuffer,calculation,1048576,3817,32,523,1
RunningMeanBuffer,extend/append,1048576,416384,32,523,2
RunningMeanSqBuffer,extend/append,1048576,66538,32,523,2
RunningMeanBuffer,calculation,1048576,9681,32,523,2
RunningMeanSqBuffer,calculation,1048576,3770,32,523,2
RunningMeanBuffer,extend/append,1048576,279792,32,523,3
RunningMeanSqBuffer,extend/append,1048576,44826,32,523,3
RunningMeanBuffer,calculation,1048576,9565,32,523,3
RunningMeanSqBuffer,calculation,1048576,3767,32,523,3
RunningMeanBuffer,extend/append,1048576,208512,32,523,4
RunningMeanSqBuffer,extend/append,1048576,33829,32,523,4
RunningMeanBuffer,calculation,1048576,9627,32,523,4
RunningMeanSqBuffer,calculation,1048576,3729,32,523,4
RunningMeanBuffer,extend/append,1048576,138553,32,523,6
RunningMeanSqBuffer,extend/append,1048576,22526,32,523,6
RunningMeanBuffer,calculation,1048576,9149,32,523,6
RunningMeanSqBuffer,calculation,1048576,3593,32,523,6
RunningMeanBuffer,extend/append,1048576,102751,32,523,8
RunningMeanSqBuffer,extend/append,1048576,17200,32,523,8
RunningMeanBuffer,calculation,1048576,9027,32,523,8
RunningMeanSqBuffer,calculation,1048576,3575,32,523,8
RunningMeanBuffer,extend/append,1048576,68683,32,523,12
RunningMeanSqBuffer,extend/append,1048576,11387,32,523,12
RunningMeanBuffer,calculation,1048576,9615,32,523,12
RunningMeanSqBuffer,calculation,1048576,3678,32,523,12
RunningMeanBuffer,extend/append,1048576,53838,32,523,16
RunningMeanSqBuffer,extend/append,1048576,9039,32,523,16
RunningMeanBuffer,calculation,1048576,9619,32,523,16
RunningMeanSqBuffer,calculation,1048576,3680,32,523,16
RunningMeanBuffer,extend/append,1048576,32843,32,523,24
RunningMeanSqBuffer,extend/append,1048576,5746,32,523,24
RunningMeanBuffer,calculation,1048576,9104,32,523,24
RunningMeanSqBuffer,calculation,1048576,3564,32,523,24
RunningMeanBuffer,extend/append,1048576,28735,32,523,32
RunningMeanSqBuffer,extend/append,1048576,5152,32,523,32
RunningMeanBuffer,calculation,1048576,9122,32,523,32
RunningMeanSqBuffer,calculation,1048576,3554,32,523,32
RunningMeanBuffer,extend/append,1048576,18300,32,523,48
RunningMeanSqBuffer,extend/append,1048576,3388,32,523,48
RunningMeanBuffer,calculation,1048576,9572,32,523,48
RunningMeanSqBuffer,calculation,1048576,3634,32,523,48
RunningMeanBuffer,extend/append,1048576,14664,32,523,64
RunningMeanSqBuffer,extend/append,1048576,2797,32,523,64
RunningMeanBuffer,calculation,1048576,9775,32,523,64
RunningMeanSqBuffer,calculation,1048576,3686,32,523,64
RunningMeanBuffer,extend/append,2097152,1644769,32,523,1
RunningMeanSqBuffer,extend/append,2097152,259034,32,523,1
RunningMeanBuffer,calculation,2097152,10062,32,523,1
RunningMeanSqBuffer,calculation,2097152,3946,32,523,1
RunningMeanBuffer,extend/append,2097152,822423,32,523,2
RunningMeanSqBuffer,extend/append,2097152,132242,32,523,2
RunningMeanBuffer,calculation,2097152,9342,32,523,2
RunningMeanSqBuffer,calculation,2097152,3715,32,523,2
RunningMeanBuffer,extend/append,2097152,549920,32,523,3
RunningMeanSqBuffer,extend/append,2097152,87477,32,523,3
RunningMeanBuffer,calculation,2097152,9881,32,523,3
RunningMeanSqBuffer,calculation,2097152,3860,32,523,3
RunningMeanBuffer,extend/append,2097152,409072,32,523,4
RunningMeanSqBuffer,extend/append,2097152,65990,32,523,4
RunningMeanBuffer,calculation,2097152,9985,32,523,4
RunningMeanSqBuffer,calculation,2097152,3877,32,523,4
RunningMeanBuffer,extend/append,2097152,274894,32,523,6
RunningMeanSqBuffer,extend/append,2097152,44537,32,523,6
RunningMeanBuffer,calculation,2097152,9308,32,523,6
RunningMeanSqBuffer,calculation,2097152,3667,32,523,6
RunningMeanBuffer,extend/append,2097152,202866,32,523,8
RunningMeanSqBuffer,extend/append,2097152,32636,32,523,8
RunningMeanBuffer,calculation,2097152,9801,32,523,8
RunningMeanSqBuffer,calculation,2097152,3836,32,523,8
RunningMeanBuffer,extend/append,2097152,133345,32,523,12
RunningMeanSqBuffer,extend/append,2097152,21939,32,523,12
RunningMeanBuffer,calculation,2097152,9797,32,523,12
RunningMeanSqBuffer,calculation,2097152,3906,32,523,12
RunningMeanBuffer,extend/append,2097152,105936,32,523,16
RunningMeanSqBuffer,extend/append,2097152,17128,32,523,16
RunningMeanBuffer,calculation,2097152,9745,32,523,16
RunningMeanSqBuffer,calculation,2097152,3656,32,523,16
RunningMeanBuffer,extend/append,2097152,63055,32,523,24
RunningMeanSqBuffer,extend/append,2097152,10660,32,523,24
RunningMeanBuffer,calculation,2097152,9611,32,523,24
RunningMeanSqBuffer,calculation,2097152,3810,32,523,24
RunningMeanBuffer,extend/append,2097152,56590,32,523,32
RunningMeanSqBuffer,extend/append,2097152,9441,32,523,32
RunningMeanBuffer,calculation,2097152,9831,32,523,32
RunningMeanSqBuffer,calculation,2097152,3848,32,523,32
RunningMeanBuffer,extend/append,2097152,35379,32,523,48
RunningMeanSqBuffer,extend/append,2097152,6202,32,523,48
RunningMeanBuffer,calculation,2097152,9758,32,523,48
RunningMeanSqBuffer,calculation,2097152,3822,32,523,48
RunningMeanBuffer,extend/append,2097152,28533,32,523,64
RunningMeanSqBuffer,extend/append,2097152,5024,32,523,64
RunningMeanBuffer,calculation,2097152,9702,32,523,64
RunningMeanSqBuffer,calculation,2097152,3805,32,523,64
RunningMeanBuffer,extend/append,4194304,3220857,32,523,1
RunningMeanSqBuffer,extend/append,4194304,516172,32,523,1
RunningMeanBuffer,calculation,4194304,10350,32,523,1
RunningMeanSqBuffer,calculation,4194304,4070,32,523,1
RunningMeanBuffer,extend/append,4194304,1614657,32,523,2
RunningMeanSqBuffer,extend/append,4194304,261442,32,523,2
RunningMeanBuffer,calculation,4194304,10040,32,523,2
RunningMeanSqBuffer,calculation,4194304,4013,32,523,2
RunningMeanBuffer,extend/append,4194304,1088583,32,523,3
RunningMeanSqBuffer,extend/append,4194304,172966,32,523,3
RunningMeanBuffer,calculation,4194304,10074,32,523,3
RunningMeanSqBuffer,calculation,4194304,3968,32,523,3
RunningMeanBuffer,extend/append,4194304,812938,32,523,4
RunningMeanSqBuffer,extend/append,4194304,129515,32,523,4
RunningMeanBuffer,calculation,4194304,9640,32,523,4
RunningMeanSqBuffer,calculation,4194304,3737,32,523,4
RunningMeanBuffer,extend/append,4194304,537861,32,523,6
RunningMeanSqBuffer,extend/append,4194304,85614,32,523,6
RunningMeanBuffer,calculation,4194304,10167,32,523,6
RunningMeanSqBuffer,calculation,4194304,3933,32,523,6
RunningMeanBuffer,extend/append,4194304,400464,32,523,8
RunningMeanSqBuffer,extend/append,4194304,65234,32,523,8
RunningMeanBuffer,calculation,4194304,10106,32,523,8
RunningMeanSqBuffer,calculation,4194304,3912,32,523,8
RunningMeanBuffer,extend/append,4194304,262821,32,523,12
RunningMeanSqBuffer,extend/append,4194304,42879,32,523,12
RunningMeanBuffer,calculation,4194304,9965,32,523,12
RunningMeanSqBuffer,calculation,4194304,3895,32,523,12
RunningMeanBuffer,extend/append,4194304,205245,32,523,16
RunningMeanSqBuffer,extend/append,4194304,33318,32,523,16
RunningMeanBuffer,calculation,4194304,9967,32,523,16
RunningMeanSqBuffer,calculation,4194304,3944,32,523,16
RunningMeanBuffer,extend/append,4194304,124216,32,523,24
RunningMeanSqBuffer,extend/append,4194304,20446,32,523,24
RunningMeanBuffer,calculation,4194304,10061,32,523,24
RunningMeanSqBuffer,calculation,4194304,3875,32,523,24
RunningMeanBuffer,extend/append,4194304,109857,32,523,32
RunningMeanSqBuffer,extend/append,4194304,18167,32,523,32
RunningMeanBuffer,calculation,4194304,9907,32,523,32
RunningMeanSqBuffer,calculation,4194304,3862,32,523,32
RunningMeanBuffer,extend/append,4194304,68773,32,523,48
RunningMeanSqBuffer,extend/append,4194304,11673,32,523,48
RunningMeanBuffer,calculation,4194304,10021,32,523,48
RunningMeanSqBuffer,calculation,4194304,3866,32,523,48
RunningMeanBuffer,extend/append,4194304,55552,32,523,64
RunningMeanSqBuffer,extend/append,4194304,9467,32,523,64
RunningMeanBuffer,calculation,4194304,9962,32,523,64
RunningMeanSqBuffer,calculation,4194304,3860,32,523,64
RunningMeanBuffer,extend/append,8388608,6436058,32,523,1
RunningMeanSqBuffer,extend/append,8388608,1018993,32,523,1
RunningMeanBuffer,calculation,8388608,11398,32,523,1
RunningMeanSqBuffer,calculation,8388608,4033,32,523,1
RunningMeanBuffer,extend/append,8388608,3214296,32,523,2
RunningMeanSqBuffer,extend/append,8388608,511747,32,523,2
RunningMeanBuffer,calculation,8388608,11163,32,523,2
RunningMeanSqBuffer,calculation,8388608,4133,32,523,2
RunningMeanBuffer,extend/append,8388608,2148962,32,523,3
RunningMeanSqBuffer,extend/append,8388608,343805,32,523,3
RunningMeanBuffer,calculation,8388608,11167,32,523,3
RunningMeanSqBuffer,calculation,8388608,4008,32,523,3
RunningMeanBuffer,extend/append,8388608,1617696,32,523,4
RunningMeanSqBuffer,extend/append,8388608,262115,32,523,4
RunningMeanBuffer,calculation,8388608,11036,32,523,4
RunningMeanSqBuffer,calculation,8388608,4132,32,523,4
RunningMeanBuffer,extend/append,8388608,1068860,32,523,6
RunningMeanSqBuffer,extend/append,8388608,173029,32,523,6
RunningMeanBuffer,calculation,8388608,10420,32,523,6
RunningMeanSqBuffer,calculation,8388608,3981,32,523,6
RunningMeanBuffer,extend/append,8388608,792754,32,523,8
RunningMeanSqBuffer,extend/append,8388608,128484,32,523,8
RunningMeanBuffer,calculation,8388608,11137,32,523,8
RunningMeanSqBuffer,calculation,8388608,4070,32,523,8
RunningMeanBuffer,extend/append,8388608,519284,32,523,12
RunningMeanSqBuffer,extend/append,8388608,83616,32,523,12
RunningMeanBuffer,calculation,8388608,10894,32,523,12
RunningMeanSqBuffer,calculation,8388608,3991,32,523,12
RunningMeanBuffer,extend/append,8388608,409223,32,523,16
RunningMeanSqBuffer,extend/append,8388608,66059,32,523,16
RunningMeanBuffer,calculation,8388608,10430,32,523,16
RunningMeanSqBuffer,calculation,8388608,4000,32,523,16
RunningMeanBuffer,extend/append,8388608,247104,32,523,24
RunningMeanSqBuffer,extend/append,8388608,40510,32,523,24
RunningMeanBuffer,calculation,8388608,11267,32,523,24
RunningMeanSqBuffer,calculation,8388608,4009,32,523,24
RunningMeanBuffer,extend/append,8388608,222608,32,523,32
RunningMeanSqBuffer,extend/append,8388608,35806,32,523,32
RunningMeanBuffer,calculation,8388608,10899,32,523,32
RunningMeanSqBuffer,calculation,8388608,3954,32,523,32
RunningMeanBuffer,extend/append,8388608,136842,32,523,48
RunningMeanSqBuffer,extend/append,8388608,22566,32,523,48
RunningMeanBuffer,calculation,8388608,11430,32,523,48
RunningMeanSqBuffer,calculation,8388608,3813,32,523,48
RunningMeanBuffer,extend/append,8388608,108814,32,523,64
RunningMeanSqBuffer,extend/append,8388608,18094,32,523,64
RunningMeanBuffer,calculation,8388608,11451,32,523,64
RunningMeanSqBuffer,calculation,8388608,4011,32,523,64
RunningMeanBuffer,extend/append,512,6695,64,523,1
RunningMeanSqBuffer,extend/append,512,3086,64,523,1
RunningMeanBuffer,calculation,512,8760,64,523,1
RunningMeanSqBuffer,calculation,512,3528,64,523,1
RunningMeanBuffer,extend/append,512,3670,64,523,2
RunningMeanSqBuffer,extend/append,512,1776,64,523,2
RunningMeanBuffer,calculation,512,8889,64,523,2
RunningMeanSqBuffer,calculation,512,3533,64,523,2
RunningMeanBuffer,extend/append,512,2574,64,523,3
RunningMeanSqBuffer,extend/append,512,1327,64,523,3
RunningMeanBuffer,calculation,512,8890,64,523,3
RunningMeanSqBuffer,calculation,512,3509,64,523,3
RunningMeanBuffer,extend/append,512,2080,64,523,4
RunningMeanSqBuffer,extend/append,512,1119,64,523,4
RunningMeanBuffer,calculation,512,8835,64,523,4
RunningMeanSqBuffer,calculation,512,3524,64,523,4
RunningMeanBuffer,extend/append,512,1547,64,523,6
RunningMeanSqBuffer,extend/append,512,903,64,523,6
RunningMeanBuffer,calculation,512,8753,64,523,6
RunningMeanSqBuffer,calculation,512,3498,64,523,6
RunningMeanBuffer,extend/append,512,1275,64,523,8
RunningMeanSqBuffer,extend/append,512,782,64,523,8
RunningMeanBuffer,calculation,512,8857,64,523,8
RunningMeanSqBuffer,calculation,512,3479,64,523,8
RunningMeanBuffer,extend/append,512,992,64,523,12
RunningMeanSqBuffer,extend/append,512,660,64,523,12
RunningMeanBuffer,calculation,512,8828,64,523,12
RunningMeanSqBuffer,calculation,512,3513,64,523,12
RunningMeanBuffer,extend/append,512,865,64,523,16
RunningMeanSqBuffer,extend/append,512,618,64,523,16
RunningMeanBuffer,calculation,512,8801,64,523,16
RunningMeanSqBuffer,calculation,512,3523,64,523,16
RunningMeanBuffer,extend/append,512,681,64,523,24
RunningMeanSqBuffer,extend/append,512,537,64,523,24
RunningMeanBuffer,calculation,512,8863,64,523,24
RunningMeanSqBuffer,calculation,512,3462,64,523,24
RunningMeanBuffer,extend/append,512,655,64,523,32
RunningMeanSqBuffer,extend/append,512,546,64,523,32
RunningMeanBuffer,calculation,512,8752,64,523,32
RunningMeanSqBuffer,calculation,512,3516,64,523,32
RunningMeanBuffer,extend/append,512,575,64,523,48
RunningMeanSqBuffer,extend/append,512,501,64,523,48
RunningMeanBuffer,calculation,512,8767,64,523,48
RunningMeanSqBuffer,calculation,512,3498,64,523,48
RunningMeanBuffer,extend/append,512,554,64,523,64
RunningMeanSqBuffer,extend/append,512,486,64,523,64
RunningMeanBuffer,calculation,512,8767,64,523,64
RunningMeanSqBuffer,calculation,512,3462,64,523,64
RunningMeanBuffer,extend/append,1024,6922,64,523,1
RunningMeanSqBuffer,extend/append,1024,2977,64,523,1
RunningMeanBuffer,calculation,1024,8881,64,523,1
RunningMeanSqBuffer,calculation,1024,3570,64,523,1
RunningMeanBuffer,extend/append,1024,3793,64,523,2
RunningMeanSqBuffer,extend/append,1024,1769,64,523,2
RunningMeanBuffer,calculation,1024,8834,64,523,2
RunningMeanSqBuffer,calculation,1024,3542,64,523,2
RunningMeanBuffer,extend/append,1024,2669,64,523,3
RunningMeanSqBuffer,extend/append,1024,1369,64,523,3
RunningMeanBuffer,calculation,1024,8783,64,523,3
RunningMeanSqBuffer,calculation,1024,3486,64,523,3
RunningMeanBuffer,extend/append,1024,2138,64,523,4
RunningMeanSqBuffer,extend/append,1024,1098,64,523,4
RunningMeanBuffer,calculation,1024,8887,64,523,4
RunningMeanSqBuffer,calculation,1024,3481,64,523,4
RunningMeanBuffer,extend/append,1024,1572,64,523,6
RunningMeanSqBuffer,extend/append,1024,893,64,523,6
RunningMeanBuffer,calculation,1024,8870,64,523,6
RunningMeanSqBuffer,calculation,1024,3520,64,523,6
RunningMeanBuffer,extend/append,1024,1284,64,523,8
RunningMeanSqBuffer,extend/append,1024,793,64,523,8
RunningMeanBuffer,calculation,1024,8702,64,523,8
RunningMeanSqBuffer,calculation,1024,3476,64,523,8
RunningMeanBuffer,extend/append,1024,1017,64,523,12
RunningMeanSqBuffer,extend/append,1024,652,64,523,12
RunningMeanBuffer,calculation,1024,8789,64,523,12
RunningMeanSqBuffer,calculation,1024,3497,64,523,12
RunningMeanBuffer,extend/append,1024,870,64,523,16
RunningMeanSqBuffer,extend/append,1024,618,64,523,16
RunningMeanBuffer,calculation,1024,8852,64,523,16
RunningMeanSqBuffer,calculation,1024,3492,64,523,16
RunningMeanBuffer,extend/append,1024,692,64,523,24
RunningMeanSqBuffer,extend/append,1024,552,64,523,24
RunningMeanBuffer,calculation,1024,8799,64,523,24
RunningMeanSqBuffer,calculation,1024,3488,64,523,24
RunningMeanBuffer,extend/append,1024,683,64,523,32
RunningMeanSqBuffer,extend/append,1024,545,64,523,32
RunningMeanBuffer,calculation,1024,8775,64,523,32
RunningMeanSqBuffer,calculation,1024,3514,64,523,32
RunningMeanBuffer,extend/append,1024,578,64,523,48
RunningMeanSqBuffer,extend/append,1024,510,64,523,48
RunningMeanBuffer,calculation,1024,8774,64,523,48
RunningMeanSqBuffer,calculation,1024,3469,64,523,48
RunningMeanBuffer,extend/append,1024,542,64,523,64
RunningMeanSqBuffer,extend/append,1024,478,64,523,64
RunningMeanBuffer,calculation,1024,8751,64,523,64
RunningMeanSqBuffer,calculation,1024,3477,64,523,64
RunningMeanBuffer,extend/append,2048,7193,64,523,1
RunningMeanSqBuffer,extend/append,2048,3120,64,523,1
RunningMeanBuffer,calculation,2048,8878,64,523,1
RunningMeanSqBuffer,calculation,2048,3561,64,523,1
RunningMeanBuffer,extend/append,2048,3871,64,523,2
RunningMeanSqBuffer,extend/append,2048,1793,64,523,2
RunningMeanBuffer,calculation,2048,8819,64,523,2
RunningMeanSqBuffer,calculation,2048,3513,64,523,2
RunningMeanBuffer,extend/append,2048,2746,64,523,3
RunningMeanSqBuffer,extend/append,2048,1394,64,523,3
RunningMeanBuffer,calculation,2048,8836,64,523,3
RunningMeanSqBuffer,calculation,2048,3553,64,523,3
RunningMeanBuffer,extend/append,2048,2217,64,523,4
RunningMeanSqBuffer,extend/append,2048,1161,64,523,4
RunningMeanBuffer,calculation,2048,8761,64,523,4
RunningMeanSqBuffer,calculation,2048,3556,64,523,4
RunningMeanBuffer,extend/append,2048,1614,64,523,6
RunningMeanSqBuffer,extend/append,2048,925,64,523,6
RunningMeanBuffer,calculation,2048,8840,64,523,6
RunningMeanSqBuffer,calculation,2048,3480,64,523,6
RunningMeanBuffer,extend/append,2048,1313,64,523,8
RunningMeanSqBuffer,extend/append,2048,800,64,523,8
RunningMeanBuffer,calculation,2048,8825,64,523,8
RunningMeanSqBuffer,calculation,2048,3484,64,523,8
RunningMeanBuffer,extend/append,2048,1012,64,523,12
RunningMeanSqBuffer,extend/append,2048,684,64,523,12
RunningMeanBuffer,calculation,2048,8726,64,523,12
RunningMeanSqBuffer,calculation,2048,3460,64,523,12
RunningMeanBuffer,extend/append,2048,890,64,523,16
RunningMeanSqBuffer,extend/append,2048,629,64,523,16
RunningMeanBuffer,calculation,2048,8948,64,523,16
RunningMeanSqBuffer,calculation,2048,3491,64,523,16
RunningMeanBuffer,extend/append,2048,712,64,523,24
RunningMeanSqBuffer,extend/append,2048,547,64,523,24
RunningMeanBuffer,calculation,2048,9003,64,523,24
RunningMeanSqBuffer,calculation,2048,3438,64,523,24
RunningMeanBuffer,extend/append,2048,688,64,523,32
RunningMeanSqBuffer,extend/append,2048,542,64,523,32
RunningMeanBuffer,calculation,2048,8952,64,523,32
RunningMeanSqBuffer,calculation,2048,3469,64,523,32
RunningMeanBuffer,extend/append,2048,594,64,523,48
RunningMeanSqBuffer,extend/append,2048,529,64,523,48
RunningMeanBuffer,calculation,2048,8716,64,523,48
RunningMeanSqBuffer,calculation,2048,3487,64,523,48
RunningMeanBuffer,extend/append,2048,544,64,523,64
RunningMeanSqBuffer,extend/append,2048,490,64,523,64
RunningMeanBuffer,calculation,2048,8803,64,523,64
RunningMeanSqBuffer,calculation,2048,3448,64,523,64
RunningMeanBuffer,extend/append,4096,7748,64,523,1
RunningMeanSqBuffer,extend/append,4096,3167,64,523,1
RunningMeanBuffer,calculation,4096,8803,64,523,1
RunningMeanSqBuffer,calculation,4096,3550,64,523,1
RunningMeanBuffer,extend/append,4096,4109,64,523,2
RunningMeanSqBuffer,extend/append,4096,1863,64,523,2
RunningMeanBuffer,calculation,4096,8840,64,523,2
RunningMeanSqBuffer,calculation,4096,3534,64,523,2
RunningMeanBuffer,extend/append,4096,3017,64,523,3
RunningMeanSqBuffer,extend/append,4096,1413,64,523,3
RunningMeanBuffer,calculation,4096,8826,64,523,3
RunningMeanSqBuffer,calculation,4096,3516,64,523,3
RunningMeanBuffer,extend/append,4096,2317,64,523,4
RunningMeanSqBuffer,extend/append,4096,1189,64,523,4
RunningMeanBuffer,calculation,4096,8830,64,523,4
RunningMeanSqBuffer,calculation,4096,3559,64,523,4
RunningMeanBuffer,extend/append,4096,1727,64,523,6
RunningMeanSqBuffer,extend/append,4096,950,64,523,6
RunningMeanBuffer,calculation,4096,8798,64,523,6
RunningMeanSqBuffer,calculation,4096,3486,64,523,6
RunningMeanBuffer,extend/append,4096,1417,64,523,8
RunningMeanSqBuffer,extend/append,4096,789,64,523,8
RunningMeanBuffer,calculation,4096,8928,64,523,8
RunningMeanSqBuffer,calculation,4096,3503,64,523,8
RunningMeanBuffer,extend/append,4096,1062,64,523,12
RunningMeanSqBuffer,extend/append,4096,666,64,523,12
RunningMeanBuffer,calculation,4096,8833,64,523,12
RunningMeanSqBuffer,calculation,4096,3486,64,523,12
RunningMeanBuffer,extend/append,4096,930,64,523,16
RunningMeanSqBuffer,extend/append,4096,609,64,523,16
RunningMeanBuffer,calculation,4096,8880,64,523,16
RunningMeanSqBuffer,calculation,4096,3528,64,523,16
RunningMeanBuffer,extend/append,4096,717,64,523,24
RunningMeanSqBuffer,extend/append,4096,548,64,523,24
RunningMeanBuffer,calculation,4096,8819,64,523,24
RunningMeanSqBuffer,calculation,4096,3463,64,523,24
RunningMeanBuffer,extend/append,4096,707,64,523,32
RunningMeanSqBuffer,extend/append,4096,536,64,523,32
RunningMeanBuffer,calculation,4096,8744,64,523,32
RunningMeanSqBuffer,calculation,4096,3498,64,523,32
RunningMeanBuffer,extend/append,4096,599,64,523,48
RunningMeanSqBuffer,extend/append,4096,514,64,523,48
RunningMeanBuffer,calculation,4096,8755,64,523,48
RunningMeanSqBuffer,calculation,4096,3503,64,523,48
RunningMeanBuffer,extend/append,4096,562,64,523,64
RunningMeanSqBuffer,extend/append,4096,483,64,523,64
RunningMeanBuffer,calculation,4096,8859,64,523,64
RunningMeanSqBuffer,calculation,4096,3487,64,523,64
RunningMeanBuffer,extend/append,8192,8520,64,523,1
RunningMeanSqBuffer,extend/append,8192,3450,64,523,1
RunningMeanBuffer,calculation,8192,8914,64,523,1
RunningMeanSqBuffer,calculation,8192,3630,64,523,1
RunningMeanBuffer,extend/append,8192,4687,64,523,2
RunningMeanSqBuffer,extend/append,8192,2012,64,523,2
RunningMeanBuffer,calculation,8192,8850,64,523,2
RunningMeanSqBuffer,calculation,8192,3550,64,523,2
RunningMeanBuffer,extend/append,8192,3243,64,523,3
RunningMeanSqBuffer,extend/append,8192,1493,64,523,3
RunningMeanBuffer,calculation,8192,8912,64,523,3
RunningMeanSqBuffer,calculation,8192,3529,64,523,3
RunningMeanBuffer,extend/append,8192,2522,64,523,4
RunningMeanSqBuffer,extend/append,8192,1247,64,523,4
RunningMeanBuffer,calculation,8192,8753,64,523,4
RunningMeanSqBuffer,calculation,8192,3495,64,523,4
RunningMeanBuffer,extend/append,8192,1875,64,523,6
RunningMeanSqBuffer,extend/append,8192,979,64,523,6
RunningMeanBuffer,calculation,8192,8850,64,523,6
RunningMeanSqBuffer,calculation,8192,3491,64,523,6
RunningMeanBuffer,extend/append,8192,1485,64,523,8
RunningMeanSqBuffer,extend/append,8192,834,64,523,8
RunningMeanBuffer,calculation,8192,8855,64,523,8
RunningMeanSqBuffer,calculation,8192,3492,64,523,8
RunningMeanBuffer,extend/append,8192,1126,64,523,12
RunningMeanSqBuffer,extend/append,8192,685,64,523,12
RunningMeanBuffer,calculation,8192,8880,64,523,12
RunningMeanSqBuffer,calculation,8192,3510,64,523,12
RunningMeanBuffer,extend/append,8192,990,64,523,16
RunningMeanSqBuffer,extend/append,8192,654,64,523,16
RunningMeanBuffer,calculation,8192,8802,64,523,16
RunningMeanSqBuffer,calculation,8192,3503,64,523,16
RunningMeanBuffer,extend/append,8192,783,64,523,24
RunningMeanSqBuffer,extend/append,8192,566,64,523,24
RunningMeanBuffer,calculation,8192,8815,64,523,24
RunningMeanSqBuffer,calculation,8192,3444,64,523,24
RunningMeanBuffer,extend/append,8192,728,64,523,32
RunningMeanSqBuffer,extend/append,8192,550,64,523,32
RunningMeanBuffer,calculation,8192,8840,64,523,32
RunningMeanSqBuffer,calculation,8192,3466,64,523,32
RunningMeanBuffer,extend/append,8192,629,64,523,48
RunningMeanSqBuffer,extend/append,8192,534,64,523,48
RunningMeanBuffer,calculation,8192,8744,64,523,48
RunningMeanSqBuffer,calculation,8192,3495,64,523,48
RunningMeanBuffer,extend/append,8192,576,64,523,64
RunningMeanSqBuffer,extend/append,8192,491,64,523,64
RunningMeanBuffer,calculation,8192,8776,64,523,64
RunningMeanSqBuffer,calculation,8192,3448,64,523,64
RunningMeanBuffer,extend/append,16384,10543,64,523,1
RunningMeanSqBuffer,extend/append,16384,3852,64,523,1
RunningMeanBuffer,calculation,16384,8852,64,523,1
RunningMeanSqBuffer,calculation,16384,3704,64,523,1
RunningMeanBuffer,extend/append,16384,5606,64,523,2
RunningMeanSqBuffer,extend/append,16384,2204,64,523,2
RunningMeanBuffer,calculation,16384,8893,64,523,2
RunningMeanSqBuffer,calculation,16384,3525,64,523,2
RunningMeanBuffer,extend/append,16384,3952,64,523,3
RunningMeanSqBuffer,extend/append,16384,1642,64,523,3
RunningMeanBuffer,calculation,16384,8904,64,523,3
RunningMeanSqBuffer,calculation,16384,3579,64,523,3
RunningMeanBuffer,extend/append,16384,3112,64,523,4
RunningMeanSqBuffer,extend/append,16384,1365,64,523,4
RunningMeanBuffer,calculation,16384,8943,64,523,4
RunningMeanSqBuffer,calculation,16384,3533,64,523,4
RunningMeanBuffer,extend/append,16384,2196,64,523,6
RunningMeanSqBuffer,extend/append,16384,1048,64,523,6
RunningMeanBuffer,calculation,16384,8886,64,523,6
RunningMeanSqBuffer,calculation,16384,3561,64,523,6
RunningMeanBuffer,extend/append,16384,1757,64,523,8
RunningMeanSqBuffer,extend/append,16384,916,64,523,8
RunningMeanBuffer,calculation,16384,9012,64,523,8
RunningMeanSqBuffer,calculation,16384,3524,64,523,8
RunningMeanBuffer,extend/append,16384,1305,64,523,12
RunningMeanSqBuffer,extend/append,16384,731,64,523,12
RunningMeanBuffer,calculation,16384,8812,64,523,12
RunningMeanSqBuffer,calculation,16384,3462,64,523,12
RunningMeanBuffer,extend/append,16384,1137,64,523,16
RunningMeanSqBuffer,extend/append,16384,670,64,523,16
RunningMeanBuffer,calculation,16384,8837,64,523,16
RunningMeanSqBuffer,calculation,16384,3561,64,523,16
RunningMeanBuffer,extend/append,16384,854,64,523,24
RunningMeanSqBuffer,extend/append,16384,583,64,523,24
RunningMeanBuffer,calculation,16384,8852,64,523,24
RunningMeanSqBuffer,calculation,16384,3506,64,523,24
RunningMeanBuffer,extend/append,16384,797,64,523,32
RunningMeanSqBuffer,extend/append,16384,572,64,523,32
RunningMeanBuffer,calculation,16384,8908,64,523,32
RunningMeanSqBuffer,calculation,16384,3518,64,523,32
RunningMeanBuffer,extend/append,16384,650,64,523,48
RunningMeanSqBuffer,extend/append,16384,514,64,523,48
RunningMeanBuffer,calculation,16384,8747,64,523,48
RunningMeanSqBuffer,calculation,16384,3513,64,523,48
RunningMeanBuffer,extend/append,16384,639,64,523,64
RunningMeanSqBuffer,extend/append,16384,508,64,523,64
RunningMeanBuffer,calculation,16384,8801,64,523,64
RunningMeanSqBuffer,calculation,16384,3523,64,523,64
RunningMeanBuffer,extend/append,32768,14579,64,523,1
RunningMeanSqBuffer,extend/append,32768,5138,64,523,1
RunningMeanBuffer,calculation,32768,9100,64,523,1
RunningMeanSqBuffer,calculation,32768,3648,64,523,1
RunningMeanBuffer,extend/append,32768,7513,64,523,2
RunningMeanSqBuffer,extend/append,32768,2864,64,523,2
RunningMeanBuffer,calculation,32768,9020,64,523,2
RunningMeanSqBuffer,calculation,32768,3574,64,523,2
RunningMeanBuffer,extend/append,32768,5311,64,523,3
RunningMeanSqBuffer,extend/append,32768,2090,64,523,3
RunningMeanBuffer,calculation,32768,8992,64,523,3
RunningMeanSqBuffer,calculation,32768,3551,64,523,3
RunningMeanBuffer,extend/append,32768,4075,64,523,4
RunningMeanSqBuffer,extend/append,32768,1669,64,523,4
RunningMeanBuffer,calculation,32768,8960,64,523,4
RunningMeanSqBuffer,calculation,32768,3570,64,523,4
RunningMeanBuffer,extend/append,32768,2856,64,523,6
RunningMeanSqBuffer,extend/append,32768,1276,64,523,6
RunningMeanBuffer,calculation,32768,8933,64,523,6
RunningMeanSqBuffer,calculation,32768,3516,64,523,6
RunningMeanBuffer,extend/append,32768,2273,64,523,8
RunningMeanSqBuffer,extend/append,32768,1094,64,523,8
RunningMeanBuffer,calculation,32768,8837,64,523,8
RunningMeanSqBuffer,calculation,32768,3568,64,523,8
RunningMeanBuffer,extend/append,32768,1633,64,523,12
RunningMeanSqBuffer,extend/append,32768,851,64,523,12
RunningMeanBuffer,calculation,32768,8809,64,523,12
RunningMeanSqBuffer,calculation,32768,3572,64,523,12
RunningMeanBuffer,extend/append,32768,1392,64,523,16
RunningMeanSqBuffer,extend/append,32768,775,64,523,16
RunningMeanBuffer,calculation,32768,8941,64,523,16
RunningMeanSqBuffer,calculation,32768,3574,64,523,16
RunningMeanBuffer,extend/append,32768,991,64,523,24
RunningMeanSqBuffer,extend/append,32768,631,64,523,24
RunningMeanBuffer,calculation,32768,8963,64,523,24
RunningMeanSqBuffer,calculation,32768,3523,64,523,24
RunningMeanBuffer,extend/append,32768,944,64,523,32
RunningMeanSqBuffer,extend/append,32768,631,64,523,32
RunningMeanBuffer,calculation,32768,8892,64,523,32
RunningMeanSqBuffer,calculation,32768,3477,64,523,32
RunningMeanBuffer,extend/append,32768,756,64,523,48
RunningMeanSqBuffer,extend/append,32768,561,64,523,48
RunningMeanBuffer,calculation,32768,8987,64,523,48
RunningMeanSqBuffer,calculation,32768,3529,64,523,48
RunningMeanBuffer,extend/append,32768,716,64,523,64
RunningMeanSqBuffer,extend/append,32768,530,64,523,64
RunningMeanBuffer,calculation,32768,8811,64,523,64
RunningMeanSqBuffer,calculation,32768,3526,64,523,64
RunningMeanBuffer,extend/append,65536,22748,64,523,1
RunningMeanSqBuffer,extend/append,65536,7244,64,523,1
RunningMeanBuffer,calculation,65536,9120,64,523,1
RunningMeanSqBuffer,calculation,65536,3653,64,523,1
RunningMeanBuffer,extend/append,65536,11933,64,523,2
RunningMeanSqBuffer,extend/append,65536,3474,64,523,2
RunningMeanBuffer,calculation,65536,9122,64,523,2
RunningMeanSqBuffer,calculation,65536,3622,64,523,2
RunningMeanBuffer,extend/append,65536,8139,64,523,3
RunningMeanSqBuffer,extend/append,65536,2506,64,523,3
RunningMeanBuffer,calculation,65536,8995,64,523,3
RunningMeanSqBuffer,calculation,65536,3638,64,523,3
RunningMeanBuffer,extend/append,65536,6250,64,523,4
RunningMeanSqBuffer,extend/append,65536,2025,64,523,4
RunningMeanBuffer,calculation,65536,9044,64,523,4
RunningMeanSqBuffer,calculation,65536,3585,64,523,4
RunningMeanBuffer,extend/append,65536,4302,64,523,6
RunningMeanSqBuffer,extend/append,65536,1493,64,523,6
RunningMeanBuffer,calculation,65536,9003,64,523,6
RunningMeanSqBuffer,calculation,65536,3589,64,523,6
RunningMeanBuffer,extend/append,65536,3366,64,523,8
RunningMeanSqBuffer,extend/append,65536,1227,64,523,8
RunningMeanBuffer,calculation,65536,9024,64,523,8
RunningMeanSqBuffer,calculation,65536,3565,64,523,8
RunningMeanBuffer,extend/append,65536,2364,64,523,12
RunningMeanSqBuffer,extend/append,65536,969,64,523,12
RunningMeanBuffer,calculation,65536,9058,64,523,12
RunningMeanSqBuffer,calculation,65536,3638,64,523,12
RunningMeanBuffer,extend/append,65536,1946,64,523,16
RunningMeanSqBuffer,extend/append,65536,862,64,523,16
RunningMeanBuffer,calculation,65536,9033,64,523,16
RunningMeanSqBuffer,calculation,65536,3553,64,523,16
RunningMeanBuffer,extend/append,65536,1338,64,523,24
RunningMeanSqBuffer,extend/append,65536,702,64,523,24
RunningMeanBuffer,calculation,65536,8934,64,523,24
RunningMeanSqBuffer,calculation,65536,3567,64,523,24
RunningMeanBuffer,extend/append,65536,1265,64,523,32
RunningMeanSqBuffer,extend/append,65536,673,64,523,32
RunningMeanBuffer,calculation,65536,8914,64,523,32
RunningMeanSqBuffer,calculation,65536,3537,64,523,32
RunningMeanBuffer,extend/append,65536,915,64,523,48
RunningMeanSqBuffer,extend/append,65536,585,64,523,48
RunningMeanBuffer,calculation,65536,8901,64,523,48
RunningMeanSqBuffer,calculation,65536,3492,64,523,48
RunningMeanBuffer,extend/append,65536,908,64,523,64
RunningMeanSqBuffer,extend/append,65536,554,64,523,64
RunningMeanBuffer,calculation,65536,8803,64,523,64
RunningMeanSqBuffer,calculation,65536,3492,64,523,64
RunningMeanBuffer,extend/append,131072,38839,64,523,1
RunningMeanSqBuffer,extend/append,131072,11166,64,523,1
RunningMeanBuffer,calculation,131072,9038,64,523,1
RunningMeanSqBuffer,calculation,131072,3615,64,523,1
RunningMeanBuffer,extend/append,131072,19166,64,523,2
RunningMeanSqBuffer,extend/append,131072,5878,64,523,2
RunningMeanBuffer,calculation,131072,8940,64,523,2
RunningMeanSqBuffer,calculation,131072,3598,64,523,2
RunningMeanBuffer,extend/append,131072,13091,64,523,3
RunningMeanSqBuffer,extend/append,131072,4146,64,523,3
RunningMeanBuffer,calculation,131072,8945,64,523,3
RunningMeanSqBuffer,calculation,131072,3562,64,523,3
RunningMeanBuffer,extend/append,131072,9914,64,523,4
RunningMeanSqBuffer,extend/append,131072,3199,64,523,4
RunningMeanBuffer,calculation,131072,8955,64,523,4
RunningMeanSqBuffer,calculation,131072,3589,64,523,4
RunningMeanBuffer,extend/append,131072,6694,64,523,6
RunningMeanSqBuffer,extend/append,131072,2272,64,523,6
RunningMeanBuffer,calculation,131072,8931,64,523,6
RunningMeanSqBuffer,calculation,131072,3576,64,523,6
RunningMeanBuffer,extend/append,131072,5056,64,523,8
RunningMeanSqBuffer,extend/append,131072,1802,64,523,8
RunningMeanBuffer,calculation,131072,8873,64,523,8
RunningMeanSqBuffer,calculation,131072,3567,64,523,8
RunningMeanBuffer,extend/append,131072,3504,64,523,12
RunningMeanSqBuffer,extend/append,131072,1350,64,523,12
RunningMeanBuffer,calculation,131072,8926,64,523,12
RunningMeanSqBuffer,calculation,131072,3532,64,523,12
RunningMeanBuffer,extend/append,131072,2890,64,523,16
RunningMeanSqBuffer,extend/append,131072,1149,64,523,16
RunningMeanBuffer,calculation,131072,8829,64,523,16
RunningMeanSqBuffer,calculation,131072,3554,64,523,16
RunningMeanBuffer,extend/append,131072,1946,64,523,24
RunningMeanSqBuffer,extend/append,131072,890,64,523,24
RunningMeanBuffer,calculation,131072,8841,64,523,24
RunningMeanSqBuffer,calculation,131072,3573,64,523,24
RunningMeanBuffer,extend/append,131072,1760,64,523,32
RunningMeanSqBuffer,extend/append,131072,834,64,523,32
RunningMeanBuffer,calculation,131072,8925,64,523,32
RunningMeanSqBuffer,calculation,131072,3520,64,523,32
RunningMeanBuffer,extend/append,131072,1277,64,523,48
RunningMeanSqBuffer,extend/append,131072,705,64,523,48
RunningMeanBuffer,calculation,131072,8970,64,523,48
RunningMeanSqBuffer,calculation,131072,3681,64,523,48
RunningMeanBuffer,extend/append,131072,1149,64,523,64
RunningMeanSqBuffer,extend/append,131072,681,64,523,64
RunningMeanBuffer,calculation,131072,9037,64,523,64
RunningMeanSqBuffer,calculation,131072,3628,64,523,64
RunningMeanBuffer,extend/append,262144,69355,64,523,1
RunningMeanSqBuffer,extend/append,262144,16432,64,523,1
RunningMeanBuffer,calculation,262144,9315,64,523,1
RunningMeanSqBuffer,calculation,262144,3743,64,523,1
RunningMeanBuffer,extend/append,262144,35778,64,523,2
RunningMeanSqBuffer,extend/append,262144,8457,64,523,2
RunningMeanBuffer,calculation,262144,9226,64,523,2
RunningMeanSqBuffer,calculation,262144,3713,64,523,2
RunningMeanBuffer,extend/append,262144,24352,64,523,3
RunningMeanSqBuffer,extend/append,262144,5914,64,523,3
RunningMeanBuffer,calculation,262144,9221,64,523,3
RunningMeanSqBuffer,calculation,262144,3640,64,523,3
RunningMeanBuffer,extend/append,262144,17978,64,523,4
RunningMeanSqBuffer,extend/append,262144,4560,64,523,4
RunningMeanBuffer,calculation,262144,9218,64,523,4
RunningMeanSqBuffer,calculation,262144,3680,64,523,4
RunningMeanBuffer,extend/append,262144,12281,64,523,6
RunningMeanSqBuffer,extend/append,262144,3212,64,523,6
RunningMeanBuffer,calculation,262144,9198,64,523,6
RunningMeanSqBuffer,calculation,262144,3646,64,523,6
RunningMeanBuffer,extend/append,262144,9202,64,523,8
RunningMeanSqBuffer,extend/append,262144,2504,64,523,8
RunningMeanBuffer,calculation,262144,9139,64,523,8
RunningMeanSqBuffer,calculation,262144,3674,64,523,8
RunningMeanBuffer,extend/append,262144,6096,64,523,12
RunningMeanSqBuffer,extend/append,262144,1806,64,523,12
RunningMeanBuffer,calculation,262144,9169,64,523,12
RunningMeanSqBuffer,calculation,262144,3633,64,523,12
RunningMeanBuffer,extend/append,262144,4992,64,523,16
RunningMeanSqBuffer,extend/append,262144,1558,64,523,16
RunningMeanBuffer,calculation,262144,9200,64,523,16
RunningMeanSqBuffer,calculation,262144,3681,64,523,16
RunningMeanBuffer,extend/append,262144,3143,64,523,24
RunningMeanSqBuffer,extend/append,262144,1120,64,523,24
RunningMeanBuffer,calculation,262144,9156,64,523,24
RunningMeanSqBuffer,calculation,262144,3612,64,523,24
RunningMeanBuffer,extend/append,262144,2904,64,523,32
RunningMeanSqBuffer,extend/append,262144,1068,64,523,32
RunningMeanBuffer,calculation,262144,9068,64,523,32
RunningMeanSqBuffer,calculation,262144,3632,64,523,32
RunningMeanBuffer,extend/append,262144,2074,64,523,48
RunningMeanSqBuffer,extend/append,262144,887,64,523,48
RunningMeanBuffer,calculation,262144,9146,64,523,48
RunningMeanSqBuffer,calculation,262144,3671,64,523,48
RunningMeanBuffer,extend/append,262144,1723,64,523,64
RunningMeanSqBuffer,extend/append,262144,800,64,523,64
RunningMeanBuffer,calculation,262144,9146,64,523,64
RunningMeanSqBuffer,calculation,262144,3605,64,523,64
RunningMeanBuffer,extend/append,524288,421671,64,523,1
RunningMeanSqBuffer,extend/append,524288,68190,64,523,1
RunningMeanBuffer,calculation,524288,9605,64,523,1
RunningMeanSqBuffer,calculation,524288,3835,64,523,1
RunningMeanBuffer,extend/append,524288,209038,64,523,2
RunningMeanSqBuffer,extend/append,524288,34289,64,523,2
RunningMeanBuffer,calculation,524288,9617,64,523,2
RunningMeanSqBuffer,calculation,524288,3775,64,523,2
RunningMeanBuffer,extend/append,524288,140494,64,523,3
RunningMeanSqBuffer,extend/append,524288,23420,64,523,3
RunningMeanBuffer,calculation,524288,9828,64,523,3
RunningMeanSqBuffer,calculation,524288,3605,64,523,3
RunningMeanBuffer,extend/append,524288,106440,64,523,4
RunningMeanSqBuffer,extend/append,524288,17878,64,523,4
RunningMeanBuffer,calculation,524288,9035,64,523,4
RunningMeanSqBuffer,calculation,524288,3620,64,523,4
RunningMeanBuffer,extend/append,524288,70751,64,523,6
RunningMeanSqBuffer,extend/append,524288,12007,64,523,6
RunningMeanBuffer,calculation,524288,9106,64,523,6
RunningMeanSqBuffer,calculation,524288,3583,64,523,6
RunningMeanBuffer,extend/append,524288,52274,64,523,8
RunningMeanSqBuffer,extend/append,524288,9066,64,523,8
RunningMeanBuffer,calculation,524288,9071,64,523,8
RunningMeanSqBuffer,calculation,524288,3578,64,523,8
RunningMeanBuffer,extend/append,524288,34817,64,523,12
RunningMeanSqBuffer,extend/append,524288,6027,64,523,12
RunningMeanBuffer,calculation,524288,9491,64,523,12
RunningMeanSqBuffer,calculation,524288,3763,64,523,12
RunningMeanBuffer,extend/append,524288,27370,64,523,16
RunningMeanSqBuffer,extend/append,524288,4913,64,523,16
RunningMeanBuffer,calculation,524288,9441,64,523,16
RunningMeanSqBuffer,calculation,524288,3707,64,523,16
RunningMeanBuffer,extend/append,524288,16261,64,523,24
RunningMeanSqBuffer,extend/append,524288,3156,64,523,24
RunningMeanBuffer,calculation,524288,9513,64,523,24
RunningMeanSqBuffer,calculation,524288,3719,64,523,24
RunningMeanBuffer,extend/append,524288,14654,64,523,32
RunningMeanSqBuffer,extend/append,524288,2895,64,523,32
RunningMeanBuffer,calculation,524288,9488,64,523,32
RunningMeanSqBuffer,calculation,524288,3779,64,523,32
RunningMeanBuffer,extend/append,524288,9316,64,523,48
RunningMeanSqBuffer,extend/append,524288,2020,64,523,48
RunningMeanBuffer,calculation,524288,9397,64,523,48
RunningMeanSqBuffer,calculation,524288,3723,64,523,48
RunningMeanBuffer,extend/append,524288,7810,64,523,64
RunningMeanSqBuffer,extend/append,524288,1757,64,523,64
RunningMeanBuffer,calculation,524288,9385,64,523,64
RunningMeanSqBuffer,calculation,524288,3701,64,523,64
RunningMeanBuffer,extend/append,1048576,813308,64,523,1
RunningMeanSqBuffer,extend/append,1048576,132377,64,523,1
RunningMeanBuffer,calculation,1048576,9740,64,523,1
RunningMeanSqBuffer,calculation,1048576,3883,64,523,1
RunningMeanBuffer,extend/append,1048576,404497,64,523,2
RunningMeanSqBuffer,extend/append,1048576,66534,64,523,2
RunningMeanBuffer,calculation,1048576,9742,64,523,2
RunningMeanSqBuffer,calculation,1048576,3877,64,523,2
RunningMeanBuffer,extend/append,1048576,276867,64,523,3
RunningMeanSqBuffer,extend/append,1048576,45391,64,523,3
RunningMeanBuffer,calculation,1048576,9716,64,523,3
RunningMeanSqBuffer,calculation,1048576,3834,64,523,3
RunningMeanBuffer,extend/append,1048576,206840,64,523,4
RunningMeanSqBuffer,extend/append,1048576,34111,64,523,4
RunningMeanBuffer,calculation,1048576,9731,64,523,4
RunningMeanSqBuffer,calculation,1048576,3787,64,523,4
RunningMeanBuffer,extend/append,1048576,136713,64,523,6
RunningMeanSqBuffer,extend/append,1048576,22592,64,523,6
RunningMeanBuffer,calculation,1048576,9661,64,523,6
RunningMeanSqBuffer,calculation,1048576,3804,64,523,6
RunningMeanBuffer,extend/append,1048576,99758,64,523,8
RunningMeanSqBuffer,extend/append,1048576,17055,64,523,8
RunningMeanBuffer,calculation,1048576,9601,64,523,8
RunningMeanSqBuffer,calculation,1048576,3867,64,523,8
RunningMeanBuffer,extend/append,1048576,66798,64,523,12
RunningMeanSqBuffer,extend/append,1048576,11348,64,523,12
RunningMeanBuffer,calculation,1048576,9106,64,523,12
RunningMeanSqBuffer,calculation,1048576,3693,64,523,12
RunningMeanBuffer,extend/append,1048576,52887,64,523,16
RunningMeanSqBuffer,extend/append,1048576,9225,64,523,16
RunningMeanBuffer,calculation,1048576,9677,64,523,16
RunningMeanSqBuffer,calculation,1048576,3797,64,523,16
RunningMeanBuffer,extend/append,1048576,32420,64,523,24
RunningMeanSqBuffer,extend/append,1048576,5684,64,523,24
RunningMeanBuffer,calculation,1048576,9669,64,523,24
RunningMeanSqBuffer,calculation,1048576,3822,64,523,24
RunningMeanBuffer,extend/append,1048576,27437,64,523,32
RunningMeanSqBuffer,extend/append,1048576,5145,64,523,32
RunningMeanBuffer,calculation,1048576,9598,64,523,32
RunningMeanSqBuffer,calculation,1048576,3786,64,523,32
RunningMeanBuffer,extend/append,1048576,17937,64,523,48
RunningMeanSqBuffer,extend/append,1048576,3462,64,523,48
RunningMeanBuffer,calculation,1048576,9673,64,523,48
RunningMeanSqBuffer,calculation,1048576,3803,64,523,48
RunningMeanBuffer,extend/append,1048576,14406,64,523,64
RunningMeanSqBuffer,extend/append,1048576,2860,64,523,64
RunningMeanBuffer,calculation,1048576,9638,64,523,64
RunningMeanSqBuffer,calculation,1048576,3666,64,523,64
RunningMeanBuffer,extend/append,2097152,1625226,64,523,1
RunningMeanSqBuffer,extend/append,2097152,262902,64,523,1
RunningMeanBuffer,calculation,2097152,10018,64,523,1
RunningMeanSqBuffer,calculation,2097152,4084,64,523,1
RunningMeanBuffer,extend/append,2097152,810378,64,523,2
RunningMeanSqBuffer,extend/append,2097152,129841,64,523,2
RunningMeanBuffer,calculation,2097152,10025,64,523,2
RunningMeanSqBuffer,calculation,2097152,4037,64,523,2
RunningMeanBuffer,extend/append,2097152,545198,64,523,3
RunningMeanSqBuffer,extend/append,2097152,89543,64,523,3
RunningMeanBuffer,calculation,2097152,9307,64,523,3
RunningMeanSqBuffer,calculation,2097152,3788,64,523,3
RunningMeanBuffer,extend/append,2097152,414397,64,523,4
RunningMeanSqBuffer,extend/append,2097152,65651,64,523,4
RunningMeanBuffer,calculation,2097152,9856,64,523,4
RunningMeanSqBuffer,calculation,2097152,3927,64,523,4
RunningMeanBuffer,extend/append,2097152,272541,64,523,6
RunningMeanSqBuffer,extend/append,2097152,43499,64,523,6
RunningMeanBuffer,calculation,2097152,9879,64,523,6
RunningMeanSqBuffer,calculation,2097152,3967,64,523,6
RunningMeanBuffer,extend/append,2097152,200873,64,523,8
RunningMeanSqBuffer,extend/append,2097152,32402,64,523,8
RunningMeanBuffer,calculation,2097152,9953,64,523,8
RunningMeanSqBuffer,calculation,2097152,3961,64,523,8
RunningMeanBuffer,extend/append,2097152,131888,64,523,12
RunningMeanSqBuffer,extend/append,2097152,21532,64,523,12
RunningMeanBuffer,calculation,2097152,9901,64,523,12
RunningMeanSqBuffer,calculation,2097152,3903,64,523,12
RunningMeanBuffer,extend/append,2097152,103720,64,523,16
RunningMeanSqBuffer,extend/append,2097152,17489,64,523,16
RunningMeanBuffer,calculation,2097152,9379,64,523,16
RunningMeanSqBuffer,calculation,2097152,3983,64,523,16
RunningMeanBuffer,extend/append,2097152,61262,64,523,24
RunningMeanSqBuffer,extend/append,2097152,10602,64,523,24
RunningMeanBuffer,calculation,2097152,9518,64,523,24
RunningMeanSqBuffer,calculation,2097152,3682,64,523,24
RunningMeanBuffer,extend/append,2097152,55890,64,523,32
RunningMeanSqBuffer,extend/append,2097152,9564,64,523,32
RunningMeanBuffer,calculation,2097152,9819,64,523,32
RunningMeanSqBuffer,calculation,2097152,3903,64,523,32
RunningMeanBuffer,extend/append,2097152,35231,64,523,48
RunningMeanSqBuffer,extend/append,2097152,6148,64,523,48
RunningMeanBuffer,calculation,2097152,9996,64,523,48
RunningMeanSqBuffer,calculation,2097152,3774,64,523,48
RunningMeanBuffer,extend/append,2097152,27494,64,523,64
RunningMeanSqBuffer,extend/append,2097152,5037,64,523,64
RunningMeanBuffer,calculation,2097152,9783,64,523,64
RunningMeanSqBuffer,calculation,2097152,3936,64,523,64
RunningMeanBuffer,extend/append,4194304,3170406,64,523,1
RunningMeanSqBuffer,extend/append,4194304,520052,64,523,1
RunningMeanBuffer,calculation,4194304,10302,64,523,1
RunningMeanSqBuffer,calculation,4194304,4092,64,523,1
RunningMeanBuffer,extend/append,4194304,1604086,64,523,2
RunningMeanSqBuffer,extend/append,4194304,256655,64,523,2
RunningMeanBuffer,calculation,4194304,10328,64,523,2
RunningMeanSqBuffer,calculation,4194304,4071,64,523,2
RunningMeanBuffer,extend/append,4194304,1078493,64,523,3
RunningMeanSqBuffer,extend/append,4194304,172970,64,523,3
RunningMeanBuffer,calculation,4194304,10302,64,523,3
RunningMeanSqBuffer,calculation,4194304,4087,64,523,3
RunningMeanBuffer,extend/append,4194304,804315,64,523,4
RunningMeanSqBuffer,extend/append,4194304,129313,64,523,4
RunningMeanBuffer,calculation,4194304,10213,64,523,4
RunningMeanSqBuffer,calculation,4194304,4082,64,523,4
RunningMeanBuffer,extend/append,4194304,531384,64,523,6
RunningMeanSqBuffer,extend/append,4194304,86693,64,523,6
RunningMeanBuffer,calculation,4194304,10245,64,523,6
RunningMeanSqBuffer,calculation,4194304,4041,64,523,6
RunningMeanBuffer,extend/append,4194304,390078,64,523,8
RunningMeanSqBuffer,extend/append,4194304,64032,64,523,8
RunningMeanBuffer,calculation,4194304,10233,64,523,8
RunningMeanSqBuffer,calculation,4194304,3796,64,523,8
RunningMeanBuffer,extend/append,4194304,258828,64,523,12
RunningMeanSqBuffer,extend/append,4194304,42577,64,523,12
RunningMeanBuffer,calculation,4194304,10031,64,523,12
RunningMeanSqBuffer,calculation,4194304,4062,64,523,12
RunningMeanBuffer,extend/append,4194304,206584,64,523,16
RunningMeanSqBuffer,extend/append,4194304,33345,64,523,16
RunningMeanBuffer,calculation,4194304,10257,64,523,16
RunningMeanSqBuffer,calculation,4194304,3978,64,523,16
RunningMeanBuffer,extend/append,4194304,123630,64,523,24
RunningMeanSqBuffer,extend/append,4194304,20723,64,523,24
RunningMeanBuffer,calculation,4194304,9899,64,523,24
RunningMeanSqBuffer,calculation,4194304,4038,64,523,24
RunningMeanBuffer,extend/append,4194304,108554,64,523,32
RunningMeanSqBuffer,extend/append,4194304,18146,64,523,32
RunningMeanBuffer,calculation,4194304,10040,64,523,32
RunningMeanSqBuffer,calculation,4194304,4017,64,523,32
RunningMeanBuffer,extend/append,4194304,68476,64,523,48
RunningMeanSqBuffer,extend/append,4194304,11566,64,523,48
RunningMeanBuffer,calculation,4194304,10184,64,523,48
RunningMeanSqBuffer,calculation,4194304,3978,64,523,48
RunningMeanBuffer,extend/append,4194304,55062,64,523,64
RunningMeanSqBuffer,extend/append,4194304,9381,64,523,64
RunningMeanBuffer,calculation,4194304,9998,64,523,64
RunningMeanSqBuffer,calculation,4194304,3793,64,523,64
RunningMeanBuffer,extend/append,8388608,6356639,64,523,1
RunningMeanSqBuffer,extend/append,8388608,1022193,64,523,1
RunningMeanBuffer,calculation,8388608,11411,64,523,1
RunningMeanSqBuffer,calculation,8388608,4220,64,523,1
RunningMeanBuffer,extend/append,8388608,3159686,64,523,2
RunningMeanSqBuffer,extend/append,8388608,510652,64,523,2
RunningMeanBuffer,calculation,8388608,11489,64,523,2
RunningMeanSqBuffer,calculation,8388608,4016,64,523,2
RunningMeanBuffer,extend/append,8388608,2120298,64,523,3
RunningMeanSqBuffer,extend/append,8388608,344756,64,523,3
RunningMeanBuffer,calculation,8388608,11685,64,523,3
RunningMeanSqBuffer,calculation,8388608,4130,64,523,3
RunningMeanBuffer,extend/append,8388608,1600181,64,523,4
RunningMeanSqBuffer,extend/append,8388608,259132,64,523,4
RunningMeanBuffer,calculation,8388608,11511,64,523,4
RunningMeanSqBuffer,calculation,8388608,4133,64,523,4
RunningMeanBuffer,extend/append,8388608,1052560,64,523,6
RunningMeanSqBuffer,extend/append,8388608,170509,64,523,6
RunningMeanBuffer,calculation,8388608,11684,64,523,6
RunningMeanSqBuffer,calculation,8388608,4174,64,523,6
RunningMeanBuffer,extend/append,8388608,779674,64,523,8
RunningMeanSqBuffer,extend/append,8388608,126624,64,523,8
RunningMeanBuffer,calculation,8388608,11518,64,523,8
RunningMeanSqBuffer,calculation,8388608,4127,64,523,8
RunningMeanBuffer,extend/append,8388608,507380,64,523,12
RunningMeanSqBuffer,extend/append,8388608,83434,64,523,12
RunningMeanBuffer,calculation,8388608,11345,64,523,12
RunningMeanSqBuffer,calculation,8388608,4118,64,523,12
RunningMeanBuffer,extend/append,8388608,400442,64,523,16
RunningMeanSqBuffer,extend/append,8388608,65873,64,523,16
RunningMeanBuffer,calculation,8388608,11423,64,523,16
RunningMeanSqBuffer,calculation,8388608,4076,64,523,16
RunningMeanBuffer,extend/append,8388608,244103,64,523,24
RunningMeanSqBuffer,extend/append,8388608,40052,64,523,24
RunningMeanBuffer,calculation,8388608,11575,64,523,24
RunningMeanSqBuffer,calculation,8388608,4151,64,523,24
RunningMeanBuffer,extend/append,8388608,215091,64,523,32
RunningMeanSqBuffer,extend/append,8388608,35611,64,523,32
RunningMeanBuffer,calculation,8388608,11385,64,523,32
RunningMeanSqBuffer,calculation,8388608,4117,64,523,32
RunningMeanBuffer,extend/append,8388608,134117,64,523,48
RunningMeanSqBuffer,extend/append,8388608,22528,64,523,48
RunningMeanBuffer,calculation,8388608,11345,64,523,48
RunningMeanSqBuffer,calculation,8388608,4030,64,523,48
RunningMeanBuffer,extend/append,8388608,108152,64,523,64
RunningMeanSqBuffer,extend/append,8388608,18128,64,523,64
RunningMeanBuffer,calculation,8388608,11149,64,523,64
RunningMeanSqBuffer,calculation,8388608,4105,64,523,64
RunningMeanBuffer,extend/append,512,6761,128,523,1
RunningMeanSqBuffer,extend/append,512,2986,128,523,1
RunningMeanBuffer,calculation,512,8831,128,523,1
RunningMeanSqBuffer,calculation,512,3523,128,523,1
RunningMeanBuffer,extend/append,512,3640,128,523,2
RunningMeanSqBuffer,extend/append,512,1782,128,523,2
RunningMeanBuffer,calculation,512,8858,128,523,2
RunningMeanSqBuffer,calculation,512,3547,128,523,2
RunningMeanBuffer,extend/append,512,2646,128,523,3
RunningMeanSqBuffer,extend/append,512,1343,128,523,3
RunningMeanBuffer,calculation,512,8826,128,523,3
RunningMeanSqBuffer,calculation,512,3510,128,523,3
RunningMeanBuffer,extend/append,512,2074,128,523,4
RunningMeanSqBuffer,extend/append,512,1172,128,523,4
RunningMeanBuffer,calculation,512,8829,128,523,4
RunningMeanSqBuffer,calculation,512,3518,128,523,4
RunningMeanBuffer,extend/append,512,1550,128,523,6
RunningMeanSqBuffer,extend/append,512,923,128,523,6
RunningMeanBuffer,calculation,512,8865,128,523,6
RunningMeanSqBuffer,calculation,512,3500,128,523,6
RunningMeanBuffer,extend/append,512,1268,128,523,8
RunningMeanSqBuffer,extend/append,512,792,128,523,8
RunningMeanBuffer,calculation,512,8789,128,523,8
RunningMeanSqBuffer,calculation,512,3518,128,523,8
RunningMeanBuffer,extend/append,512,993,128,523,12
RunningMeanSqBuffer,extend/append,512,671,128,523,12
RunningMeanBuffer,calculation,512,8774,128,523,12
RunningMeanSqBuffer,calculation,512,3499,128,523,12
RunningMeanBuffer,extend/append,512,861,128,523,16
RunningMeanSqBuffer,extend/append,512,646,128,523,16
RunningMeanBuffer,calculation,512,8775,128,523,16
RunningMeanSqBuffer,calculation,512,3462,128,523,16
RunningMeanBuffer,extend/append,512,690,128,523,24
RunningMeanSqBuffer,extend/append,512,538,128,523,24
RunningMeanBuffer,calculation,512,8817,128,523,24
RunningMeanSqBuffer,calculation,512,3459,128,523,24
RunningMeanBuffer,extend/append,512,678,128,523,32
RunningMeanSqBuffer,extend/append,512,542,128,523,32
RunningMeanBuffer,calculation,512,8767,128,523,32
RunningMeanSqBuffer,calculation,512,3447,128,523,32
RunningMeanBuffer,extend/append,512,584,128,523,48
RunningMeanSqBuffer,extend/append,512,521,128,523,48
RunningMeanBuffer,calculation,512,8825,128,523,48
RunningMeanSqBuffer,calculation,512,3480,128,523,48
RunningMeanBuffer,extend/append,512,556,128,523,64
RunningMeanSqBuffer,extend/append,512,511,128,523,64
RunningMeanBuffer,calculation,512,8815,128,523,64
RunningMeanSqBuffer,calculation,512,3535,128,523,64
RunningMeanBuffer,extend/append,1024,6904,128,523,1
RunningMeanSqBuffer,extend/append,1024,3018,128,523,1
RunningMeanBuffer,calculation,1024,8938,128,523,1
RunningMeanSqBuffer,calculation,1024,3577,128,523,1
RunningMeanBuffer,extend/append,1024,3776,128,523,2
RunningMeanSqBuffer,extend/append,1024,1805,128,523,2
RunningMeanBuffer,calculation,1024,8861,128,523,2
RunningMeanSqBuffer,calculation,1024,3523,128,523,2
RunningMeanBuffer,extend/append,1024,2753,128,523,3
RunningMeanSqBuffer,extend/append,1024,1356,128,523,3
RunningMeanBuffer,calculation,1024,8820,128,523,3
RunningMeanSqBuffer,calculation,1024,3503,128,523,3
RunningMeanBuffer,extend/append,1024,2203,128,523,4
RunningMeanSqBuffer,extend/append,1024,1157,128,523,4
RunningMeanBuffer,calculation,1024,8868,128,523,4
RunningMeanSqBuffer,calculation,1024,3521,128,523,4
RunningMeanBuffer,extend/append,1024,1609,128,523,6
RunningMeanSqBuffer,extend/append,1024,915,128,523,6
RunningMeanBuffer,calculation,1024,8875,128,523,6
RunningMeanSqBuffer,calculation,1024,3520,128,523,6
RunningMeanBuffer,extend/append,1024,1307,128,523,8
RunningMeanSqBuffer,extend/append,1024,825,128,523,8
RunningMeanBuffer,calculation,1024,8892,128,523,8
RunningMeanSqBuffer,calculation,1024,3456,128,523,8
RunningMeanBuffer,extend/append,1024,1001,128,523,12
RunningMeanSqBuffer,extend/append,1024,676,128,523,12
RunningMeanBuffer,calculation,1024,8721,128,523,12
RunningMeanSqBuffer,calculation,1024,3507,128,523,12
RunningMeanBuffer,extend/append,1024,898,128,523,16
RunningMeanSqBuffer,extend/append,1024,625,128,523,16
RunningMeanBuffer,calculation,1024,8772,128,523,16
RunningMeanSqBuffer,calculation,1024,3523,128,523,16
RunningMeanBuffer,extend/append,1024,710,128,523,24
RunningMeanSqBuffer,extend/append,1024,542,128,523,24
RunningMeanBuffer,calculation,1024,8822,128,523,24
RunningMeanSqBuffer,calculation,1024,3549,128,523,24
RunningMeanBuffer,extend/append,1024,685,128,523,32
RunningMeanSqBuffer,extend/append,1024,549,128,523,32
RunningMeanBuffer,calculation,1024,8766,128,523,32
RunningMeanSqBuffer,calculation,1024,3488,128,523,32
RunningMeanBuffer,extend/append,1024,604,128,523,48
RunningMeanSqBuffer,extend/append,1024,507,128,523,48
RunningMeanBuffer,calculation,1024,8821,128,523,48
RunningMeanSqBuffer,calculation,1024,3494,128,523,48
RunningMeanBuffer,extend/append,1024,555,128,523,64
RunningMeanSqBuffer,extend/append,1024,503,128,523,64
RunningMeanBuffer,calculation,1024,8879,128,523,64
RunningMeanSqBuffer,calculation,1024,3460,128,523,64
RunningMeanBuffer,extend/append,2048,7255,128,523,1
RunningMeanSqBuffer,extend/append,2048,3142,128,523,1
RunningMeanBuffer,calculation,2048,8919,128,523,1
RunningMeanSqBuffer,calculation,2048,3538,128,523,1
RunningMeanBuffer,extend/append,2048,3856,128,523,2
RunningMeanSqBuffer,extend/append,2048,1830,128,523,2
RunningMeanBuffer,calculation,2048,8812,128,523,2
RunningMeanSqBuffer,calculation,2048,3508,128,523,2
RunningMeanBuffer,extend/append,2048,2730,128,523,3
RunningMeanSqBuffer,extend/append,2048,1368,128,523,3
RunningMeanBuffer,calculation,2048,8827,128,523,3
RunningMeanSqBuffer,calculation,2048,3464,128,523,3
RunningMeanBuffer,extend/append,2048,2165,128,523,4
RunningMeanSqBuffer,extend/append,2048,1143,128,523,4
RunningMeanBuffer,calculation,2048,8735,128,523,4
RunningMeanSqBuffer,calculation,2048,3449,128,523,4
RunningMeanBuffer,extend/append,2048,1569,128,523,6
RunningMeanSqBuffer,extend/append,2048,908,128,523,6
RunningMeanBuffer,calculation,2048,8738,128,523,6
RunningMeanSqBuffer,calculation,2048,3467,128,523,6
RunningMeanBuffer,extend/append,2048,1276,128,523,8
RunningMeanSqBuffer,extend/append,2048,796,128,523,8
RunningMeanBuffer,calculation,2048,8731,128,523,8
RunningMeanSqBuffer,calculation,2048,3440,128,523,8
RunningMeanBuffer,extend/append,2048,1010,128,523,12
RunningMeanSqBuffer,extend/append,2048,663,128,523,12
RunningMeanBuffer,calculation,2048,8662,128,523,12
RunningMeanSqBuffer,calculation,2048,3440,128,523,12
RunningMeanBuffer,extend/append,2048,868,128,523,16
RunningMeanSqBuffer,extend/append,2048,853,128,523,16
RunningMeanBuffer,calculation,2048,8741,128,523,16
RunningMeanSqBuffer,calculation,2048,3465,128,523,16
RunningMeanBuffer,extend/append,2048,673,128,523,24
RunningMeanSqBuffer,extend/append,2048,542,128,523,24
RunningMeanBuffer,calculation,2048,8738,128,523,24
RunningMeanSqBuffer,calculation,2048,3447,128,523,24
RunningMeanBuffer,extend/append,2048,704,128,523,32
RunningMeanSqBuffer,extend/append,2048,533,128,523,32
RunningMeanBuffer,calculation,2048,8829,128,523,32
RunningMeanSqBuffer,calculation,2048,3393,128,523,32
RunningMeanBuffer,extend/append,2048,567,128,523,48
RunningMeanSqBuffer,extend/append,2048,495,128,523,48
RunningMeanBuffer,calculation,2048,8678,128,523,48
RunningMeanSqBuffer,calculation,2048,3420,128,523,48
RunningMeanBuffer,extend/append,2048,540,128,523,64
RunningMeanSqBuffer,extend/append,2048,483,128,523,64
RunningMeanBuffer,calculation,2048,8711,128,523,64
RunningMeanSqBuffer,calculation,2048,3422,128,523,64
RunningMeanBuffer,extend/append,4096,7589,128,523,1
RunningMeanSqBuffer,extend/append,4096,3119,128,523,1
RunningMeanBuffer,calculation,4096,8795,128,523,1
RunningMeanSqBuffer,calculation,4096,3510,128,523,1
RunningMeanBuffer,extend/append,4096,4074,128,523,2
RunningMeanSqBuffer,extend/append,4096,1833,128,523,2
RunningMeanBuffer,calculation,4096,8790,128,523,2
RunningMeanSqBuffer,calculation,4096,3487,128,523,2
RunningMeanBuffer,extend/append,4096,2912,128,523,3
RunningMeanSqBuffer,extend/append,4096,1387,128,523,3
RunningMeanBuffer,calculation,4096,8756,128,523,3
RunningMeanSqBuffer,calculation,4096,3532,128,523,3
RunningMeanBuffer,extend/append,4096,2379,128,523,4
RunningMeanSqBuffer,extend/append,4096,1196,128,523,4
RunningMeanBuffer,calculation,4096,8844,128,523,4
RunningMeanSqBuffer,calculation,4096,3492,128,523,4
RunningMeanBuffer,extend/append,4096,1718,128,523,6
RunningMeanSqBuffer,extend/append,4096,949,128,523,6
RunningMeanBuffer,calculation,4096,8829,128,523,6
RunningMeanSqBuffer,calculation,4096,3509,128,523,6
RunningMeanBuffer,extend/append,4096,1407,128,523,8
RunningMeanSqBuffer,extend/append,4096,836,128,523,8
RunningMeanBuffer,calculation,4096,8902,128,523,8
RunningMeanSqBuffer,calculation,4096,3486,128,523,8
RunningMeanBuffer,extend/append,4096,1062,128,523,12
RunningMeanSqBuffer,extend/append,4096,679,128,523,12
RunningMeanBuffer,calculation,4096,8761,128,523,12
RunningMeanSqBuffer,calculation,4096,3490,128,523,12
RunningMeanBuffer,extend/append,4096,946,128,523,16
RunningMeanSqBuffer,extend/append,4096,621,128,523,16
RunningMeanBuffer,calculation,4096,8801,128,523,16
RunningMeanSqBuffer,calculation,4096,3494,128,523,16
RunningMeanBuffer,extend/append,4096,728,128,523,24
RunningMeanSqBuffer,extend/append,4096,595,128,523,24
RunningMeanBuffer,calculation,4096,8752,128,523,24
RunningMeanSqBuffer,calculation,4096,3537,128,523,24
RunningMeanBuffer,extend/append,4096,712,128,523,32
RunningMeanSqBuffer,extend/append,4096,553,128,523,32
RunningMeanBuffer,calculation,4096,8806,128,523,32
RunningMeanSqBuffer,calculation,4096,3482,128,523,32
RunningMeanBuffer,extend/append,4096,607,128,523,48
RunningMeanSqBuffer,extend/append,4096,513,128,523,48
RunningMeanBuffer,calculation,4096,8881,128,523,48
RunningMeanSqBuffer,calculation,4096,3459,128,523,48
RunningMeanBuffer,extend/append,4096,571,128,523,64
RunningMeanSqBuffer,extend/append,4096,515,128,523,64
RunningMeanBuffer,calculation,4096,8753,128,523,64
RunningMeanSqBuffer,calculation,4096,3507,128,523,64
RunningMeanBuffer,extend/append,8192,8515,128,523,1
RunningMeanSqBuffer,extend/append,8192,3478,128,523,1
RunningMeanBuffer,calculation,8192,8855,128,523,1
RunningMeanSqBuffer,calculation,8192,3567,128,523,1
RunningMeanBuffer,extend/append,8192,4635,128,523,2
RunningMeanSqBuffer,extend/append,8192,1981,128,523,2
RunningMeanBuffer,calculation,8192,8889,128,523,2
RunningMeanSqBuffer,calculation,8192,3510,128,523,2
RunningMeanBuffer,extend/append,8192,3299,128,523,3
RunningMeanSqBuffer,extend/append,8192,1544,128,523,3
RunningMeanBuffer,calculation,8192,9002,128,523,3
RunningMeanSqBuffer,calculation,8192,3492,128,523,3
RunningMeanBuffer,extend/append,8192,2560,128,523,4
RunningMeanSqBuffer,extend/append,8192,1241,128,523,4
RunningMeanBuffer,calculation,8192,8816,128,523,4
RunningMeanSqBuffer,calculation,8192,3504,128,523,4
RunningMeanBuffer,extend/append,8192,1867,128,523,6
RunningMeanSqBuffer,extend/append,8192,989,128,523,6
RunningMeanBuffer,calculation,8192,8831,128,523,6
RunningMeanSqBuffer,calculation,8192,3512,128,523,6
RunningMeanBuffer,extend/append,8192,1504,128,523,8
RunningMeanSqBuffer,extend/append,8192,837,128,523,8
RunningMeanBuffer,calculation,8192,8779,128,523,8
RunningMeanSqBuffer,calculation,8192,3480,128,523,8
RunningMeanBuffer,extend/append,8192,1125,128,523,12
RunningMeanSqBuffer,extend/append,8192,694,128,523,12
RunningMeanBuffer,calculation,8192,8735,128,523,12
RunningMeanSqBuffer,calculation,8192,3449,128,523,12
RunningMeanBuffer,extend/append,8192,1030,128,523,16
RunningMeanSqBuffer,extend/append,8192,661,128,523,16
RunningMeanBuffer,calculation,8192,8826,128,523,16
RunningMeanSqBuffer,calculation,8192,3571,128,523,16
RunningMeanBuffer,extend/append,8192,766,128,523,24
RunningMeanSqBuffer,extend/append,8192,590,128,523,24
RunningMeanBuffer,calculation,8192,8905,128,523,24
RunningMeanSqBuffer,calculation,8192,3467,128,523,24
RunningMeanBuffer,extend/append,8192,756,128,523,32
RunningMeanSqBuffer,extend/append,8192,581,128,523,32
RunningMeanBuffer,calculation,8192,8926,128,523,32
RunningMeanSqBuffer,calculation,8192,3479,128,523,32
RunningMeanBuffer,extend/append,8192,619,128,523,48
RunningMeanSqBuffer,extend/append,8192,524,128,523,48
RunningMeanBuffer,calculation,8192,8835,128,523,48
RunningMeanSqBuffer,calculation,8192,3459,128,523,48
RunningMeanBuffer,extend/append,8192,586,128,523,64
RunningMeanSqBuffer,extend/append,8192,493,128,523,64
RunningMeanBuffer,calculation,8192,8820,128,523,64
RunningMeanSqBuffer,calculation,8192,3486,128,523,64
RunningMeanBuffer,extend/append,16384,10383,128,523,1
RunningMeanSqBuffer,extend/append,16384,3806,128,523,1
RunningMeanBuffer,calculation,16384,8975,128,523,1
RunningMeanSqBuffer,calculation,16384,3547,128,523,1
RunningMeanBuffer,extend/append,16384,5580,128,523,2
RunningMeanSqBuffer,extend/append,16384,2208,128,523,2
RunningMeanBuffer,calculation,16384,8985,128,523,2
RunningMeanSqBuffer,calculation,16384,3569,128,523,2
RunningMeanBuffer,extend/append,16384,3947,128,523,3
RunningMeanSqBuffer,extend/append,16384,1652,128,523,3
RunningMeanBuffer,calculation,16384,8882,128,523,3
RunningMeanSqBuffer,calculation,16384,3570,128,523,3
RunningMeanBuffer,extend/append,16384,3118,128,523,4
RunningMeanSqBuffer,extend/append,16384,1366,128,523,4
RunningMeanBuffer,calculation,16384,8965,128,523,4
RunningMeanSqBuffer,calculation,16384,3516,128,523,4
RunningMeanBuffer,extend/append,16384,2222,128,523,6
RunningMeanSqBuffer,extend/append,16384,1071,128,523,6
RunningMeanBuffer,calculation,16384,8991,128,523,6
RunningMeanSqBuffer,calculation,16384,3519,128,523,6
RunningMeanBuffer,extend/append,16384,1778,128,523,8
RunningMeanSqBuffer,extend/append,16384,917,128,523,8
RunningMeanBuffer,calculation,16384,8901,128,523,8
RunningMeanSqBuffer,calculation,16384,3459,128,523,8
RunningMeanBuffer,extend/append,16384,1306,128,523,12
RunningMeanSqBuffer,extend/append,16384,747,128,523,12
RunningMeanBuffer,calculation,16384,8851,128,523,12
RunningMeanSqBuffer,calculation,16384,3520,128,523,12
RunningMeanBuffer,extend/append,16384,1119,128,523,16
RunningMeanSqBuffer,extend/append,16384,706,128,523,16
RunningMeanBuffer,calculation,16384,8889,128,523,16
RunningMeanSqBuffer,calculation,16384,3468,128,523,16
RunningMeanBuffer,extend/append,16384,850,128,523,24
RunningMeanSqBuffer,extend/append,16384,586,128,523,24
RunningMeanBuffer,calculation,16384,8948,128,523,24
RunningMeanSqBuffer,calculation,16384,3515,128,523,24
RunningMeanBuffer,extend/append,16384,817,128,523,32
RunningMeanSqBuffer,extend/append,16384,590,128,523,32
RunningMeanBuffer,calculation,16384,8953,128,523,32
RunningMeanSqBuffer,calculation,16384,3541,128,523,32
RunningMeanBuffer,extend/append,16384,676,128,523,48
RunningMeanSqBuffer,extend/append,16384,524,128,523,48
RunningMeanBuffer,calculation,16384,8896,128,523,48
RunningMeanSqBuffer,calculation,16384,3471,128,523,48
RunningMeanBuffer,extend/append,16384,630,128,523,64
RunningMeanSqBuffer,extend/append,16384,516,128,523,64
RunningMeanBuffer,calculation,16384,8925,128,523,64
RunningMeanSqBuffer,calculation,16384,3524,128,523,64
RunningMeanBuffer,extend/append,32768,14452,128,523,1
RunningMeanSqBuffer,extend/append,32768,5184,128,523,1
RunningMeanBuffer,calculation,32768,9014,128,523,1
RunningMeanSqBuffer,calculation,32768,3624,128,523,1
RunningMeanBuffer,extend/append,32768,7607,128,523,2
RunningMeanSqBuffer,extend/append,32768,2850,128,523,2
RunningMeanBuffer,calculation,32768,8955,128,523,2
RunningMeanSqBuffer,calculation,32768,3570,128,523,2
RunningMeanBuffer,extend/append,32768,5287,128,523,3
RunningMeanSqBuffer,extend/append,32768,2083,128,523,3
RunningMeanBuffer,calculation,32768,8975,128,523,3
RunningMeanSqBuffer,calculation,32768,3562,128,523,3
RunningMeanBuffer,extend/append,32768,4072,128,523,4
RunningMeanSqBuffer,extend/append,32768,1795,128,523,4
RunningMeanBuffer,calculation,32768,9066,128,523,4
RunningMeanSqBuffer,calculation,32768,3596,128,523,4
RunningMeanBuffer,extend/append,32768,2899,128,523,6
RunningMeanSqBuffer,extend/append,32768,1277,128,523,6
RunningMeanBuffer,calculation,32768,8865,128,523,6
RunningMeanSqBuffer,calculation,32768,4174,128,523,6
RunningMeanBuffer,extend/append,32768,2260,128,523,8
RunningMeanSqBuffer,extend/append,32768,1072,128,523,8
RunningMeanBuffer,calculation,32768,8931,128,523,8
RunningMeanSqBuffer,calculation,32768,3549,128,523,8
RunningMeanBuffer,extend/append,32768,1646,128,523,12
RunningMeanSqBuffer,extend/append,32768,862,128,523,12
RunningMeanBuffer,calculation,32768,8897,128,523,12
RunningMeanSqBuffer,calculation,32768,3566,128,523,12
RunningMeanBuffer,extend/append,32768,1404,128,523,16
RunningMeanSqBuffer,extend/append,32768,774,128,523,16
RunningMeanBuffer,calculation,32768,8895,128,523,16
RunningMeanSqBuffer,calculation,32768,3534,128,523,16
RunningMeanBuffer,extend/append,32768,1041,128,523,24
RunningMeanSqBuffer,extend/append,32768,644,128,523,24
RunningMeanBuffer,calculation,32768,9002,128,523,24
RunningMeanSqBuffer,calculation,32768,3534,128,523,24
RunningMeanBuffer,extend/append,32768,1000,128,523,32
RunningMeanSqBuffer,extend/append,32768,639,128,523,32
RunningMeanBuffer,calculation,32768,8957,128,523,32
RunningMeanSqBuffer,calculation,32768,3539,128,523,32
RunningMeanBuffer,extend/append,32768,771,128,523,48
RunningMeanSqBuffer,extend/append,32768,562,128,523,48
RunningMeanBuffer,calculation,32768,8856,128,523,48
RunningMeanSqBuffer,calculation,32768,3506,128,523,48
RunningMeanBuffer,extend/append,32768,748,128,523,64
RunningMeanSqBuffer,extend/append,32768,554,128,523,64
RunningMeanBuffer,calculation,32768,8927,128,523,64
RunningMeanSqBuffer,calculation,32768,3514,128,523,64
RunningMeanBuffer,extend/append,65536,22657,128,523,1
RunningMeanSqBuffer,extend/append,65536,7233,128,523,1
RunningMeanBuffer,calculation,65536,9219,128,523,1
RunningMeanSqBuffer,calculation,65536,3654,128,523,1
RunningMeanBuffer,extend/append,65536,11829,128,523,2
RunningMeanSqBuffer,extend/append,65536,3460,128,523,2
RunningMeanBuffer,calculation,65536,9310,128,523,2
RunningMeanSqBuffer,calculation,65536,3605,128,523,2
RunningMeanBuffer,extend/append,65536,8152,128,523,3
RunningMeanSqBuffer,extend/append,65536,2531,128,523,3
RunningMeanBuffer,calculation,65536,9016,128,523,3
RunningMeanSqBuffer,calculation,65536,3600,128,523,3
RunningMeanBuffer,extend/append,65536,6300,128,523,4
RunningMeanSqBuffer,extend/append,65536,2031,128,523,4
RunningMeanBuffer,calculation,65536,9021,128,523,4
RunningMeanSqBuffer,calculation,65536,3663,128,523,4
RunningMeanBuffer,extend/append,65536,4312,128,523,6
RunningMeanSqBuffer,extend/append,65536,1513,128,523,6
RunningMeanBuffer,calculation,65536,9069,128,523,6
RunningMeanSqBuffer,calculation,65536,3647,128,523,6
RunningMeanBuffer,extend/append,65536,3419,128,523,8
RunningMeanSqBuffer,extend/append,65536,1244,128,523,8
RunningMeanBuffer,calculation,65536,8986,128,523,8
RunningMeanSqBuffer,calculation,65536,3578,128,523,8
RunningMeanBuffer,extend/append,65536,2345,128,523,12
RunningMeanSqBuffer,extend/append,65536,955,128,523,12
RunningMeanBuffer,calculation,65536,9018,128,523,12
RunningMeanSqBuffer,calculation,65536,3539,128,523,12
RunningMeanBuffer,extend/append,65536,1981,128,523,16
RunningMeanSqBuffer,extend/append,65536,863,128,523,16
RunningMeanBuffer,calculation,65536,9051,128,523,16
RunningMeanSqBuffer,calculation,65536,3581,128,523,16
RunningMeanBuffer,extend/append,65536,1363,128,523,24
RunningMeanSqBuffer,extend/append,65536,696,128,523,24
RunningMeanBuffer,calculation,65536,9038,128,523,24
RunningMeanSqBuffer,calculation,65536,3552,128,523,24
RunningMeanBuffer,extend/append,65536,1302,128,523,32
RunningMeanSqBuffer,extend/append,65536,702,128,523,32
RunningMeanBuffer,calculation,65536,9017,128,523,32
RunningMeanSqBuffer,calculation,65536,3585,128,523,32
RunningMeanBuffer,extend/append,65536,980,128,523,48
RunningMeanSqBuffer,extend/append,65536,599,128,523,48
RunningMeanBuffer,calculation,65536,9018,128,523,48
RunningMeanSqBuffer,calculation,65536,3536,128,523,48
RunningMeanBuffer,extend/append,65536,868,128,523,64
RunningMeanSqBuffer,extend/append,65536,568,128,523,64
RunningMeanBuffer,calculation,65536,9083,128,523,64
RunningMeanSqBuffer,calculation,65536,3557,128,523,64
RunningMeanBuffer,extend/append,131072,39223,128,523,1
RunningMeanSqBuffer,extend/append,131072,11393,128,523,1
RunningMeanBuffer,calculation,131072,9216,128,523,1
RunningMeanSqBuffer,calculation,131072,3696,128,523,1
RunningMeanBuffer,extend/append,131072,19932,128,523,2
RunningMeanSqBuffer,extend/append,131072,6008,128,523,2
RunningMeanBuffer,calculation,131072,9245,128,523,2
RunningMeanSqBuffer,calculation,131072,3672,128,523,2
RunningMeanBuffer,extend/append,131072,13684,128,523,3
RunningMeanSqBuffer,extend/append,131072,4244,128,523,3
RunningMeanBuffer,calculation,131072,9096,128,523,3
RunningMeanSqBuffer,calculation,131072,3680,128,523,3
RunningMeanBuffer,extend/append,131072,10980,128,523,4
RunningMeanSqBuffer,extend/append,131072,3301,128,523,4
RunningMeanBuffer,calculation,131072,9093,128,523,4
RunningMeanSqBuffer,calculation,131072,3613,128,523,4
RunningMeanBuffer,extend/append,131072,6991,128,523,6
RunningMeanSqBuffer,extend/append,131072,2351,128,523,6
RunningMeanBuffer,calculation,131072,9037,128,523,6
RunningMeanSqBuffer,calculation,131072,3608,128,523,6
RunningMeanBuffer,extend/append,131072,5419,128,523,8
RunningMeanSqBuffer,extend/append,131072,1864,128,523,8
RunningMeanBuffer,calculation,131072,9179,128,523,8
RunningMeanSqBuffer,calculation,131072,3632,128,523,8
RunningMeanBuffer,extend/append,131072,3735,128,523,12
RunningMeanSqBuffer,extend/append,131072,1384,128,523,12
RunningMeanBuffer,calculation,131072,9135,128,523,12
RunningMeanSqBuffer,calculation,131072,3598,128,523,12
RunningMeanBuffer,extend/append,131072,3037,128,523,16
RunningMeanSqBuffer,extend/append,131072,1194,128,523,16
RunningMeanBuffer,calculation,131072,8963,128,523,16
RunningMeanSqBuffer,calculation,131072,3545,128,523,16
RunningMeanBuffer,extend/append,131072,1964,128,523,24
RunningMeanSqBuffer,extend/append,131072,937,128,523,24
RunningMeanBuffer,calculation,131072,9031,128,523,24
RunningMeanSqBuffer,calculation,131072,3622,128,523,24
RunningMeanBuffer,extend/append,131072,1901,128,523,32
RunningMeanSqBuffer,extend/append,131072,881,128,523,32
RunningMeanBuffer,calculation,131072,9100,128,523,32
RunningMeanSqBuffer,calculation,131072,3588,128,523,32
RunningMeanBuffer,extend/append,131072,1335,128,523,48
RunningMeanSqBuffer,extend/append,131072,728,128,523,48
RunningMeanBuffer,calculation,131072,9246,128,523,48
RunningMeanSqBuffer,calculation,131072,3544,128,523,48
RunningMeanBuffer,extend/append,131072,1158,128,523,64
RunningMeanSqBuffer,extend/append,131072,691,128,523,64
RunningMeanBuffer,calculation,131072,9016,128,523,64
RunningMeanSqBuffer,calculation,131072,3587,128,523,64
RunningMeanBuffer,extend/append,262144,69064,128,523,1
RunningMeanSqBuffer,extend/append,262144,16334,128,523,1
RunningMeanBuffer,calculation,262144,9359,128,523,1
RunningMeanSqBuffer,calculation,262144,3743,128,523,1
RunningMeanBuffer,extend/append,262144,34949,128,523,2
RunningMeanSqBuffer,extend/append,262144,8558,128,523,2
RunningMeanBuffer,calculation,262144,9270,128,523,2
RunningMeanSqBuffer,calculation,262144,3674,128,523,2
RunningMeanBuffer,extend/append,262144,24213,128,523,3
RunningMeanSqBuffer,extend/append,262144,5936,128,523,3
RunningMeanBuffer,calculation,262144,9300,128,523,3
RunningMeanSqBuffer,calculation,262144,3692,128,523,3
RunningMeanBuffer,extend/append,262144,18289,128,523,4
RunningMeanSqBuffer,extend/append,262144,4532,128,523,4
RunningMeanBuffer,calculation,262144,9313,128,523,4
RunningMeanSqBuffer,calculation,262144,3669,128,523,4
RunningMeanBuffer,extend/append,262144,12153,128,523,6
RunningMeanSqBuffer,extend/append,262144,3219,128,523,6
RunningMeanBuffer,calculation,262144,9290,128,523,6
RunningMeanSqBuffer,calculation,262144,3671,128,523,6
RunningMeanBuffer,extend/append,262144,9249,128,523,8
RunningMeanSqBuffer,extend/append,262144,2550,128,523,8
RunningMeanBuffer,calculation,262144,9266,128,523,8
RunningMeanSqBuffer,calculation,262144,3658,128,523,8
RunningMeanBuffer,extend/append,262144,6241,128,523,12
RunningMeanSqBuffer,extend/append,262144,1828,128,523,12
RunningMeanBuffer,calculation,262144,9205,128,523,12
RunningMeanSqBuffer,calculation,262144,3621,128,523,12
RunningMeanBuffer,extend/append,262144,4968,128,523,16
RunningMeanSqBuffer,extend/append,262144,1558,128,523,16
RunningMeanBuffer,calculation,262144,9222,128,523,16
RunningMeanSqBuffer,calculation,262144,3643,128,523,16
RunningMeanBuffer,extend/append,262144,3189,128,523,24
RunningMeanSqBuffer,extend/append,262144,1124,128,523,24
RunningMeanBuffer,calculation,262144,9240,128,523,24
RunningMeanSqBuffer,calculation,262144,3621,128,523,24
RunningMeanBuffer,extend/append,262144,2921,128,523,32
RunningMeanSqBuffer,extend/append,262144,1092,128,523,32
RunningMeanBuffer,calculation,262144,9138,128,523,32
RunningMeanSqBuffer,calculation,262144,3691,128,523,32
RunningMeanBuffer,extend/append,262144,2029,128,523,48
RunningMeanSqBuffer,extend/append,262144,882,128,523,48
RunningMeanBuffer,calculation,262144,9165,128,523,48
RunningMeanSqBuffer,calculation,262144,3657,128,523,48
RunningMeanBuffer,extend/append,262144,1742,128,523,64
RunningMeanSqBuffer,extend/append,262144,816,128,523,64
RunningMeanBuffer,calculation,262144,9213,128,523,64
RunningMeanSqBuffer,calculation,262144,3644,128,523,64
RunningMeanBuffer,extend/append,524288,421267,128,523,1
RunningMeanSqBuffer,extend/append,524288,66959,128,523,1
RunningMeanBuffer,calculation,524288,9120,128,523,1
RunningMeanSqBuffer,calculation,524288,3673,128,523,1
RunningMeanBuffer,extend/append,524288,203141,128,523,2
RunningMeanSqBuffer,extend/append,524288,34097,128,523,2
RunningMeanBuffer,calculation,524288,9068,128,523,2
RunningMeanSqBuffer,calculation,524288,3619,128,523,2
RunningMeanBuffer,extend/append,524288,138439,128,523,3
RunningMeanSqBuffer,extend/append,524288,23172,128,523,3
RunningMeanBuffer,calculation,524288,8988,128,523,3
RunningMeanSqBuffer,calculation,524288,3677,128,523,3
RunningMeanBuffer,extend/append,524288,102616,128,523,4
RunningMeanSqBuffer,extend/append,524288,17153,128,523,4
RunningMeanBuffer,calculation,524288,9495,128,523,4
RunningMeanSqBuffer,calculation,524288,3761,128,523,4
RunningMeanBuffer,extend/append,524288,69819,128,523,6
RunningMeanSqBuffer,extend/append,524288,11574,128,523,6
RunningMeanBuffer,calculation,524288,9412,128,523,6
RunningMeanSqBuffer,calculation,524288,3761,128,523,6
RunningMeanBuffer,extend/append,524288,51454,128,523,8
RunningMeanSqBuffer,extend/append,524288,8670,128,523,8
RunningMeanBuffer,calculation,524288,9420,128,523,8
RunningMeanSqBuffer,calculation,524288,3745,128,523,8
RunningMeanBuffer,extend/append,524288,33743,128,523,12
RunningMeanSqBuffer,extend/append,524288,5899,128,523,12
RunningMeanBuffer,calculation,524288,9468,128,523,12
RunningMeanSqBuffer,calculation,524288,3747,128,523,12
RunningMeanBuffer,extend/append,524288,27083,128,523,16
RunningMeanSqBuffer,extend/append,524288,4727,128,523,16
RunningMeanBuffer,calculation,524288,9540,128,523,16
RunningMeanSqBuffer,calculation,524288,3732,128,523,16
RunningMeanBuffer,extend/append,524288,16383,128,523,24
RunningMeanSqBuffer,extend/append,524288,3066,128,523,24
RunningMeanBuffer,calculation,524288,9520,128,523,24
RunningMeanSqBuffer,calculation,524288,3761,128,523,24
RunningMeanBuffer,extend/append,524288,14027,128,523,32
RunningMeanSqBuffer,extend/append,524288,2862,128,523,32
RunningMeanBuffer,calculation,524288,9632,128,523,32
RunningMeanSqBuffer,calculation,524288,3691,128,523,32
RunningMeanBuffer,extend/append,524288,9518,128,523,48
RunningMeanSqBuffer,extend/append,524288,1971,128,523,48
RunningMeanBuffer,calculation,524288,9623,128,523,48
RunningMeanSqBuffer,calculation,524288,3690,128,523,48
RunningMeanBuffer,extend/append,524288,7656,128,523,64
RunningMeanSqBuffer,extend/append,524288,1694,128,523,64
RunningMeanBuffer,calculation,524288,9455,128,523,64
RunningMeanSqBuffer,calculation,524288,3671,128,523,64
RunningMeanBuffer,extend/append,1048576,797174,128,523,1
RunningMeanSqBuffer,extend/append,1048576,132519,128,523,1
RunningMeanBuffer,calculation,1048576,9230,128,523,1
RunningMeanSqBuffer,calculation,1048576,3704,128,523,1
RunningMeanBuffer,extend/append,1048576,404076,128,523,2
RunningMeanSqBuffer,extend/append,1048576,66568,128,523,2
RunningMeanBuffer,calculation,1048576,9228,128,523,2
RunningMeanSqBuffer,calculation,1048576,3853,128,523,2
RunningMeanBuffer,extend/append,1048576,278305,128,523,3
RunningMeanSqBuffer,extend/append,1048576,44452,128,523,3
RunningMeanBuffer,calculation,1048576,9756,128,523,3
RunningMeanSqBuffer,calculation,1048576,3867,128,523,3
RunningMeanBuffer,extend/append,1048576,206713,128,523,4
RunningMeanSqBuffer,extend/append,1048576,33314,128,523,4
RunningMeanBuffer,calculation,1048576,9859,128,523,4
RunningMeanSqBuffer,calculation,1048576,3815,128,523,4
RunningMeanBuffer,extend/append,1048576,134300,128,523,6
RunningMeanSqBuffer,extend/append,1048576,22201,128,523,6
RunningMeanBuffer,calculation,1048576,9739,128,523,6
RunningMeanSqBuffer,calculation,1048576,3788,128,523,6
RunningMeanBuffer,extend/append,1048576,102848,128,523,8
RunningMeanSqBuffer,extend/append,1048576,16904,128,523,8
RunningMeanBuffer,calculation,1048576,9614,128,523,8
RunningMeanSqBuffer,calculation,1048576,3835,128,523,8
RunningMeanBuffer,extend/append,1048576,66553,128,523,12
RunningMeanSqBuffer,extend/append,1048576,11159,128,523,12
RunningMeanBuffer,calculation,1048576,9652,128,523,12
RunningMeanSqBuffer,calculation,1048576,3674,128,523,12
RunningMeanBuffer,extend/append,1048576,51830,128,523,16
RunningMeanSqBuffer,extend/append,1048576,9123,128,523,16
RunningMeanBuffer,calculation,1048576,9250,128,523,16
RunningMeanSqBuffer,calculation,1048576,3632,128,523,16
RunningMeanBuffer,extend/append,1048576,32446,128,523,24
RunningMeanSqBuffer,extend/append,1048576,5662,128,523,24
RunningMeanBuffer,calculation,1048576,9689,128,523,24
RunningMeanSqBuffer,calculation,1048576,3779,128,523,24
RunningMeanBuffer,extend/append,1048576,27568,128,523,32
RunningMeanSqBuffer,extend/append,1048576,5061,128,523,32
RunningMeanBuffer,calculation,1048576,9589,128,523,32
RunningMeanSqBuffer,calculation,1048576,3768,128,523,32
RunningMeanBuffer,extend/append,1048576,17761,128,523,48
RunningMeanSqBuffer,extend/append,1048576,3349,128,523,48
RunningMeanBuffer,calculation,1048576,9699,128,523,48
RunningMeanSqBuffer,calculation,1048576,3797,128,523,48
RunningMeanBuffer,extend/append,1048576,14030,128,523,64
RunningMeanSqBuffer,extend/append,1048576,2848,128,523,64
RunningMeanBuffer,calculation,1048576,9593,128,523,64
RunningMeanSqBuffer,calculation,1048576,3801,128,523,64
RunningMeanBuffer,extend/append,2097152,1622541,128,523,1
RunningMeanSqBuffer,extend/append,2097152,261232,128,523,1
RunningMeanBuffer,calculation,2097152,9464,128,523,1
RunningMeanSqBuffer,calculation,2097152,3894,128,523,1
RunningMeanBuffer,extend/append,2097152,802419,128,523,2
RunningMeanSqBuffer,extend/append,2097152,128208,128,523,2
RunningMeanBuffer,calculation,2097152,10779,128,523,2
RunningMeanSqBuffer,calculation,2097152,3994,128,523,2
RunningMeanBuffer,extend/append,2097152,549561,128,523,3
RunningMeanSqBuffer,extend/append,2097152,88142,128,523,3
RunningMeanBuffer,calculation,2097152,10080,128,523,3
RunningMeanSqBuffer,calculation,2097152,4021,128,523,3
RunningMeanBuffer,extend/append,2097152,411288,128,523,4
RunningMeanSqBuffer,extend/append,2097152,68590,128,523,4
RunningMeanBuffer,calculation,2097152,10142,128,523,4
RunningMeanSqBuffer,calculation,2097152,4034,128,523,4
RunningMeanBuffer,extend/append,2097152,266957,128,523,6
RunningMeanSqBuffer,extend/append,2097152,43646,128,523,6
RunningMeanBuffer,calculation,2097152,9909,128,523,6
RunningMeanSqBuffer,calculation,2097152,3949,128,523,6
RunningMeanBuffer,extend/append,2097152,199439,128,523,8
RunningMeanSqBuffer,extend/append,2097152,33135,128,523,8
RunningMeanBuffer,calculation,2097152,9338,128,523,8
RunningMeanSqBuffer,calculation,2097152,3741,128,523,8
RunningMeanBuffer,extend/append,2097152,133585,128,523,12
RunningMeanSqBuffer,extend/append,2097152,21752,128,523,12
RunningMeanBuffer,calculation,2097152,9974,128,523,12
RunningMeanSqBuffer,calculation,2097152,3985,128,523,12
RunningMeanBuffer,extend/append,2097152,103289,128,523,16
RunningMeanSqBuffer,extend/append,2097152,17207,128,523,16
RunningMeanBuffer,calculation,2097152,9977,128,523,16
RunningMeanSqBuffer,calculation,2097152,3968,128,523,16
RunningMeanBuffer,extend/append,2097152,62236,128,523,24
RunningMeanSqBuffer,extend/append,2097152,10631,128,523,24
RunningMeanBuffer,calculation,2097152,10031,128,523,24
RunningMeanSqBuffer,calculation,2097152,3946,128,523,24
RunningMeanBuffer,extend/append,2097152,56125,128,523,32
RunningMeanSqBuffer,extend/append,2097152,9506,128,523,32
RunningMeanBuffer,calculation,2097152,9893,128,523,32
RunningMeanSqBuffer,calculation,2097152,3932,128,523,32
RunningMeanBuffer,extend/append,2097152,35302,128,523,48
RunningMeanSqBuffer,extend/append,2097152,6241,128,523,48
RunningMeanBuffer,calculation,2097152,9272,128,523,48
RunningMeanSqBuffer,calculation,2097152,3750,128,523,48
RunningMeanBuffer,extend/append,2097152,29054,128,523,64
RunningMeanSqBuffer,extend/append,2097152,5098,128,523,64
RunningMeanBuffer,calculation,2097152,9936,128,523,64
RunningMeanSqBuffer,calculation,2097152,3896,128,523,64
RunningMeanBuffer,extend/append,4194304,3241470,128,523,1
RunningMeanSqBuffer,extend/append,4194304,514310,128,523,1
RunningMeanBuffer,calculation,4194304,10231,128,523,1
RunningMeanSqBuffer,calculation,4194304,3917,128,523,1
RunningMeanBuffer,extend/append,4194304,1627529,128,523,2
RunningMeanSqBuffer,extend/append,4194304,256944,128,523,2
RunningMeanBuffer,calculation,4194304,10255,128,523,2
RunningMeanSqBuffer,calculation,4194304,4158,128,523,2
RunningMeanBuffer,extend/append,4194304,1088971,128,523,3
RunningMeanSqBuffer,extend/append,4194304,174388,128,523,3
RunningMeanBuffer,calculation,4194304,10427,128,523,3
RunningMeanSqBuffer,calculation,4194304,4076,128,523,3
RunningMeanBuffer,extend/append,4194304,808851,128,523,4
RunningMeanSqBuffer,extend/append,4194304,129232,128,523,4
RunningMeanBuffer,calculation,4194304,10165,128,523,4
RunningMeanSqBuffer,calculation,4194304,4117,128,523,4
RunningMeanBuffer,extend/append,4194304,536676,128,523,6
RunningMeanSqBuffer,extend/append,4194304,85792,128,523,6
RunningMeanBuffer,calculation,4194304,10138,128,523,6
RunningMeanSqBuffer,calculation,4194304,3881,128,523,6
RunningMeanBuffer,extend/append,4194304,404122,128,523,8
RunningMeanSqBuffer,extend/append,4194304,64384,128,523,8
RunningMeanBuffer,calculation,4194304,9839,128,523,8
RunningMeanSqBuffer,calculation,4194304,4027,128,523,8
RunningMeanBuffer,extend/append,4194304,262666,128,523,12
RunningMeanSqBuffer,extend/append,4194304,42071,128,523,12
RunningMeanBuffer,calculation,4194304,10313,128,523,12
RunningMeanSqBuffer,calculation,4194304,4046,128,523,12
RunningMeanBuffer,extend/append,4194304,209114,128,523,16
RunningMeanSqBuffer,extend/append,4194304,34161,128,523,16
RunningMeanBuffer,calculation,4194304,10179,128,523,16
RunningMeanSqBuffer,calculation,4194304,4006,128,523,16
RunningMeanBuffer,extend/append,4194304,122875,128,523,24
RunningMeanSqBuffer,extend/append,4194304,20428,128,523,24
RunningMeanBuffer,calculation,4194304,10087,128,523,24
RunningMeanSqBuffer,calculation,4194304,4016,128,523,24
RunningMeanBuffer,extend/append,4194304,111759,128,523,32
RunningMeanSqBuffer,extend/append,4194304,18132,128,523,32
RunningMeanBuffer,calculation,4194304,10153,128,523,32
RunningMeanSqBuffer,calculation,4194304,3990,128,523,32
RunningMeanBuffer,extend/append,4194304,69457,128,523,48
RunningMeanSqBuffer,extend/append,4194304,11675,128,523,48
RunningMeanBuffer,calculation,4194304,10238,128,523,48
RunningMeanSqBuffer,calculation,4194304,3815,128,523,48
RunningMeanBuffer,extend/append,4194304,55699,128,523,64
RunningMeanSqBuffer,extend/append,4194304,9526,128,523,64
RunningMeanBuffer,calculation,4194304,9764,128,523,64
RunningMeanSqBuffer,calculation,4194304,3875,128,523,64
RunningMeanBuffer,extend/append,8388608,6418026,128,523,1
RunningMeanSqBuffer,extend/append,8388608,1019016,128,523,1
RunningMeanBuffer,calculation,8388608,11764,128,523,1
RunningMeanSqBuffer,calculation,8388608,4281,128,523,1
RunningMeanBuffer,extend/append,8388608,3204432,128,523,2
RunningMeanSqBuffer,extend/append,8388608,511415,128,523,2
RunningMeanBuffer,calculation,8388608,11690,128,523,2
RunningMeanSqBuffer,calculation,8388608,4241,128,523,2
RunningMeanBuffer,extend/append,8388608,2167588,128,523,3
RunningMeanSqBuffer,extend/append,8388608,344521,128,523,3
RunningMeanBuffer,calculation,8388608,12098,128,523,3
RunningMeanSqBuffer,calculation,8388608,4238,128,523,3
RunningMeanBuffer,extend/append,8388608,1625172,128,523,4
RunningMeanSqBuffer,extend/append,8388608,256693,128,523,4
RunningMeanBuffer,calculation,8388608,11402,128,523,4
RunningMeanSqBuffer,calculation,8388608,4119,128,523,4
RunningMeanBuffer,extend/append,8388608,1067684,128,523,6
RunningMeanSqBuffer,extend/append,8388608,170233,128,523,6
RunningMeanBuffer,calculation,8388608,11323,128,523,6
RunningMeanSqBuffer,calculation,8388608,3975,128,523,6
RunningMeanBuffer,extend/append,8388608,798963,128,523,8
RunningMeanSqBuffer,extend/append,8388608,127096,128,523,8
RunningMeanBuffer,calculation,8388608,11241,128,523,8
RunningMeanSqBuffer,calculation,8388608,4223,128,523,8
RunningMeanBuffer,extend/append,8388608,519059,128,523,12
RunningMeanSqBuffer,extend/append,8388608,84565,128,523,12
RunningMeanBuffer,calculation,8388608,11335,128,523,12
RunningMeanSqBuffer,calculation,8388608,4121,128,523,12
RunningMeanBuffer,extend/append,8388608,409177,128,523,16
RunningMeanSqBuffer,extend/append,8388608,66126,128,523,16
RunningMeanBuffer,calculation,8388608,11713,128,523,16
RunningMeanSqBuffer,calculation,8388608,4176,128,523,16
RunningMeanBuffer,extend/append,8388608,246213,128,523,24
RunningMeanSqBuffer,extend/append,8388608,39936,128,523,24
RunningMeanBuffer,calculation,8388608,11479,128,523,24
RunningMeanSqBuffer,calculation,8388608,3901,128,523,24
RunningMeanBuffer,extend/append,8388608,219153,128,523,32
RunningMeanSqBuffer,extend/append,8388608,36013,128,523,32
RunningMeanBuffer,calculation,8388608,10535,128,523,32
RunningMeanSqBuffer,calculation,8388608,4151,128,523,32
RunningMeanBuffer,extend/append,8388608,138103,128,523,48
RunningMeanSqBuffer,extend/append,8388608,22473,128,523,48
RunningMeanBuffer,calculation,8388608,11416,128,523,48
RunningMeanSqBuffer,calculation,8388608,3936,128,523,48
RunningMeanBuffer,extend/append,8388608,110730,128,523,64
RunningMeanSqBuffer,extend/append,8388608,18314,128,523,64
RunningMeanBuffer,calculation,8388608,11485,128,523,64
RunningMeanSqBuffer,calculation,8388608,4071,128,523,64
RunningMeanBuffer,extend/append,512,5390,256,523,1
RunningMeanSqBuffer,extend/append,512,2531,256,523,1
RunningMeanBuffer,calculation,512,9583,256,523,1
RunningMeanSqBuffer,calculation,512,3993,256,523,1
RunningMeanBuffer,extend/append,512,2993,256,523,2
RunningMeanSqBuffer,extend/append,512,1522,256,523,2
RunningMeanBuffer,calculation,512,9396,256,523,2
RunningMeanSqBuffer,calculation,512,3935,256,523,2
RunningMeanBuffer,extend/append,512,2174,256,523,3
RunningMeanSqBuffer,extend/append,512,1171,256,523,3
RunningMeanBuffer,calculation,512,9194,256,523,3
RunningMeanSqBuffer,calculation,512,3929,256,523,3
RunningMeanBuffer,extend/append,512,1751,256,523,4
RunningMeanSqBuffer,extend/append,512,993,256,523,4
RunningMeanBuffer,calculation,512,9322,256,523,4
RunningMeanSqBuffer,calculation,512,3912,256,523,4
RunningMeanBuffer,extend/append,512,1335,256,523,6
RunningMeanSqBuffer,extend/append,512,828,256,523,6
RunningMeanBuffer,calculation,512,9253,256,523,6
RunningMeanSqBuffer,calculation,512,3876,256,523,6
RunningMeanBuffer,extend/append,512,1131,256,523,8
RunningMeanSqBuffer,extend/append,512,724,256,523,8
RunningMeanBuffer,calculation,512,9302,256,523,8
RunningMeanSqBuffer,calculation,512,3900,256,523,8
RunningMeanBuffer,extend/append,512,878,256,523,12
RunningMeanSqBuffer,extend/append,512,652,256,523,12
RunningMeanBuffer,calculation,512,9309,256,523,12
RunningMeanSqBuffer,calculation,512,3939,256,523,12
RunningMeanBuffer,extend/append,512,783,256,523,16
RunningMeanSqBuffer,extend/append,512,597,256,523,16
RunningMeanBuffer,calculation,512,9374,256,523,16
RunningMeanSqBuffer,calculation,512,3903,256,523,16
RunningMeanBuffer,extend/append,512,662,256,523,24
RunningMeanSqBuffer,extend/append,512,523,256,523,24
RunningMeanBuffer,calculation,512,9320,256,523,24
RunningMeanSqBuffer,calculation,512,3901,256,523,24
RunningMeanBuffer,extend/append,512,647,256,523,32
RunningMeanSqBuffer,extend/append,512,534,256,523,32
RunningMeanBuffer,calculation,512,9231,256,523,32
RunningMeanSqBuffer,calculation,512,3878,256,523,32
RunningMeanBuffer,extend/append,512,584,256,523,48
RunningMeanSqBuffer,extend/append,512,504,256,523,48
RunningMeanBuffer,calculation,512,9266,256,523,48
RunningMeanSqBuffer,calculation,512,3900,256,523,48
RunningMeanBuffer,extend/append,512,543,256,523,64
RunningMeanSqBuffer,extend/append,512,477,256,523,64
RunningMeanBuffer,calculation,512,9206,256,523,64
RunningMeanSqBuffer,calculation,512,3867,256,523,64
RunningMeanBuffer,extend/append,1024,7082,256,523,1
RunningMeanSqBuffer,extend/append,1024,3020,256,523,1
RunningMeanBuffer,calculation,1024,9310,256,523,1
RunningMeanSqBuffer,calculation,1024,3930,256,523,1
RunningMeanBuffer,extend/append,1024,3856,256,523,2
RunningMeanSqBuffer,extend/append,1024,1812,256,523,2
RunningMeanBuffer,calculation,1024,9348,256,523,2
RunningMeanSqBuffer,calculation,1024,3928,256,523,2
RunningMeanBuffer,extend/append,1024,2778,256,523,3
RunningMeanSqBuffer,extend/append,1024,1376,256,523,3
RunningMeanBuffer,calculation,1024,9345,256,523,3
RunningMeanSqBuffer,calculation,1024,3897,256,523,3
RunningMeanBuffer,extend/append,1024,2213,256,523,4
RunningMeanSqBuffer,extend/append,1024,1138,256,523,4
RunningMeanBuffer,calculation,1024,9343,256,523,4
RunningMeanSqBuffer,calculation,1024,3840,256,523,4
RunningMeanBuffer,extend/append,1024,1631,256,523,6
RunningMeanSqBuffer,extend/append,1024,929,256,523,6
RunningMeanBuffer,calculation,1024,9487,256,523,6
RunningMeanSqBuffer,calculation,1024,3925,256,523,6
RunningMeanBuffer,extend/append,1024,1309,256,523,8
RunningMeanSqBuffer,extend/append,1024,798,256,523,8
RunningMeanBuffer,calculation,1024,9297,256,523,8
RunningMeanSqBuffer,calculation,1024,3858,256,523,8
RunningMeanBuffer,extend/append,1024,1032,256,523,12
RunningMeanSqBuffer,extend/append,1024,674,256,523,12
RunningMeanBuffer,calculation,1024,9277,256,523,12
RunningMeanSqBuffer,calculation,1024,3856,256,523,12
RunningMeanBuffer,extend/append,1024,939,256,523,16
RunningMeanSqBuffer,extend/append,1024,641,256,523,16
RunningMeanBuffer,calculation,1024,9318,256,523,16
RunningMeanSqBuffer,calculation,1024,3887,256,523,16
RunningMeanBuffer,extend/append,1024,708,256,523,24
RunningMeanSqBuffer,extend/append,1024,549,256,523,24
RunningMeanBuffer,calculation,1024,9219,256,523,24
RunningMeanSqBuffer,calculation,1024,3830,256,523,24
RunningMeanBuffer,extend/append,1024,704,256,523,32
RunningMeanSqBuffer,extend/append,1024,553,256,523,32
RunningMeanBuffer,calculation,1024,9341,256,523,32
RunningMeanSqBuffer,calculation,1024,3844,256,523,32
RunningMeanBuffer,extend/append,1024,593,256,523,48
RunningMeanSqBuffer,extend/append,1024,512,256,523,48
RunningMeanBuffer,calculation,1024,9208,256,523,48
RunningMeanSqBuffer,calculation,1024,3871,256,523,48
RunningMeanBuffer,extend/append,1024,561,256,523,64
RunningMeanSqBuffer,extend/append,1024,496,256,523,64
RunningMeanBuffer,calculation,1024,9240,256,523,64
RunningMeanSqBuffer,calculation,1024,3873,256,523,64
RunningMeanBuffer,extend/append,2048,7279,256,523,1
RunningMeanSqBuffer,extend/append,2048,3139,256,523,1
RunningMeanBuffer,calculation,2048,9410,256,523,1
RunningMeanSqBuffer,calculation,2048,3939,256,523,1
RunningMeanBuffer,extend/append,2048,4047,256,523,2
RunningMeanSqBuffer,extend/append,2048,1885,256,523,2
RunningMeanBuffer,calculation,2048,9366,256,523,2
RunningMeanSqBuffer,calculation,2048,3942,256,523,2
RunningMeanBuffer,extend/append,2048,2867,256,523,3
RunningMeanSqBuffer,extend/append,2048,1415,256,523,3
RunningMeanBuffer,calculation,2048,9342,256,523,3
RunningMeanSqBuffer,calculation,2048,3904,256,523,3
RunningMeanBuffer,extend/append,2048,2277,256,523,4
RunningMeanSqBuffer,extend/append,2048,1193,256,523,4
RunningMeanBuffer,calculation,2048,9318,256,523,4
RunningMeanSqBuffer,calculation,2048,3915,256,523,4
RunningMeanBuffer,extend/append,2048,1668,256,523,6
RunningMeanSqBuffer,extend/append,2048,953,256,523,6
RunningMeanBuffer,calculation,2048,9324,256,523,6
RunningMeanSqBuffer,calculation,2048,3854,256,523,6
RunningMeanBuffer,extend/append,2048,1352,256,523,8
RunningMeanSqBuffer,extend/append,2048,848,256,523,8
RunningMeanBuffer,calculation,2048,9395,256,523,8
RunningMeanSqBuffer,calculation,2048,3849,256,523,8
RunningMeanBuffer,extend/append,2048,1024,256,523,12
RunningMeanSqBuffer,extend/append,2048,681,256,523,12
RunningMeanBuffer,calculation,2048,9378,256,523,12
RunningMeanSqBuffer,calculation,2048,3890,256,523,12
RunningMeanBuffer,extend/append,2048,925,256,523,16
RunningMeanSqBuffer,extend/append,2048,651,256,523,16
RunningMeanBuffer,calculation,2048,9297,256,523,16
RunningMeanSqBuffer,calculation,2048,3911,256,523,16
RunningMeanBuffer,extend/append,2048,720,256,523,24
RunningMeanSqBuffer,extend/append,2048,559,256,523,24
RunningMeanBuffer,calculation,2048,9231,256,523,24
RunningMeanSqBuffer,calculation,2048,3878,256,523,24
RunningMeanBuffer,extend/append,2048,701,256,523,32
RunningMeanSqBuffer,extend/append,2048,552,256,523,32
RunningMeanBuffer,calculation,2048,9463,256,523,32
RunningMeanSqBuffer,calculation,2048,3848,256,523,32
RunningMeanBuffer,extend/append,2048,608,256,523,48
RunningMeanSqBuffer,extend/append,2048,526,256,523,48
RunningMeanBuffer,calculation,2048,9358,256,523,48
RunningMeanSqBuffer,calculation,2048,3854,256,523,48
RunningMeanBuffer,extend/append,2048,580,256,523,64
RunningMeanSqBuffer,extend/append,2048,505,256,523,64
RunningMeanBuffer,calculation,2048,9278,256,523,64
RunningMeanSqBuffer,calculation,2048,3854,256,523,64
RunningMeanBuffer,extend/append,4096,7849,256,523,1
RunningMeanSqBuffer,extend/append,4096,3219,256,523,1
RunningMeanBuffer,calculation,4096,9536,256,523,1
RunningMeanSqBuffer,calculation,4096,3911,256,523,1
RunningMeanBuffer,extend/append,4096,4252,256,523,2
RunningMeanSqBuffer,extend/append,4096,1891,256,523,2
RunningMeanBuffer,calculation,4096,9315,256,523,2
RunningMeanSqBuffer,calculation,4096,3916,256,523,2
RunningMeanBuffer,extend/append,4096,3007,256,523,3
RunningMeanSqBuffer,extend/append,4096,1444,256,523,3
RunningMeanBuffer,calculation,4096,9358,256,523,3
RunningMeanSqBuffer,calculation,4096,3966,256,523,3
RunningMeanBuffer,extend/append,4096,2399,256,523,4
RunningMeanSqBuffer,extend/append,4096,1234,256,523,4
RunningMeanBuffer,calculation,4096,9433,256,523,4
RunningMeanSqBuffer,calculation,4096,3909,256,523,4
RunningMeanBuffer,extend/append,4096,1754,256,523,6
RunningMeanSqBuffer,extend/append,4096,959,256,523,6
RunningMeanBuffer,calculation,4096,9399,256,523,6
RunningMeanSqBuffer,calculation,4096,3926,256,523,6
RunningMeanBuffer,extend/append,4096,1438,256,523,8
RunningMeanSqBuffer,extend/append,4096,836,256,523,8
RunningMeanBuffer,calculation,4096,9457,256,523,8
RunningMeanSqBuffer,calculation,4096,3948,256,523,8
RunningMeanBuffer,extend/append,4096,1095,256,523,12
RunningMeanSqBuffer,extend/append,4096,710,256,523,12
RunningMeanBuffer,calculation,4096,9456,256,523,12
RunningMeanSqBuffer,calculation,4096,3847,256,523,12
RunningMeanBuffer,extend/append,4096,958,256,523,16
RunningMeanSqBuffer,extend/append,4096,665,256,523,16
RunningMeanBuffer,calculation,4096,9489,256,523,16
RunningMeanSqBuffer,calculation,4096,3861,256,523,16
RunningMeanBuffer,extend/append,4096,748,256,523,24
RunningMeanSqBuffer,extend/append,4096,569,256,523,24
RunningMeanBuffer,calculation,4096,9325,256,523,24
RunningMeanSqBuffer,calculation,4096,3912,256,523,24
RunningMeanBuffer,extend/append,4096,735,256,523,32
RunningMeanSqBuffer,extend/append,4096,583,256,523,32
RunningMeanBuffer,calculation,4096,9185,256,523,32
RunningMeanSqBuffer,calculation,4096,3916,256,523,32
RunningMeanBuffer,extend/append,4096,621,256,523,48
RunningMeanSqBuffer,extend/append,4096,514,256,523,48
RunningMeanBuffer,calculation,4096,9386,256,523,48
RunningMeanSqBuffer,calculation,4096,4081,256,523,48
RunningMeanBuffer,extend/append,4096,585,256,523,64
RunningMeanSqBuffer,extend/append,4096,503,256,523,64
RunningMeanBuffer,calculation,4096,9231,256,523,64
RunningMeanSqBuffer,calculation,4096,3877,256,523,64
RunningMeanBuffer,extend/append,8192,8624,256,523,1
RunningMeanSqBuffer,extend/append,8192,3458,256,523,1
RunningMeanBuffer,calculation,8192,9423,256,523,1
RunningMeanSqBuffer,calculation,8192,4019,256,523,1
RunningMeanBuffer,extend/append,8192,4680,256,523,2
RunningMeanSqBuffer,extend/append,8192,2000,256,523,2
RunningMeanBuffer,calculation,8192,9409,256,523,2
RunningMeanSqBuffer,calculation,8192,3989,256,523,2
RunningMeanBuffer,extend/append,8192,3310,256,523,3
RunningMeanSqBuffer,extend/append,8192,1512,256,523,3
RunningMeanBuffer,calculation,8192,9425,256,523,3
RunningMeanSqBuffer,calculation,8192,3952,256,523,3
RunningMeanBuffer,extend/append,8192,2634,256,523,4
RunningMeanSqBuffer,extend/append,8192,1287,256,523,4
RunningMeanBuffer,calculation,8192,9403,256,523,4
RunningMeanSqBuffer,calculation,8192,3924,256,523,4
RunningMeanBuffer,extend/append,8192,1892,256,523,6
RunningMeanSqBuffer,extend/append,8192,1012,256,523,6
RunningMeanBuffer,calculation,8192,9409,256,523,6
RunningMeanSqBuffer,calculation,8192,3908,256,523,6
RunningMeanBuffer,extend/append,8192,1524,256,523,8
RunningMeanSqBuffer,extend/append,8192,877,256,523,8
RunningMeanBuffer,calculation,8192,9322,256,523,8
RunningMeanSqBuffer,calculation,8192,3901,256,523,8
RunningMeanBuffer,extend/append,8192,1161,256,523,12
RunningMeanSqBuffer,extend/append,8192,711,256,523,12
RunningMeanBuffer,calculation,8192,9526,256,523,12
RunningMeanSqBuffer,calculation,8192,3935,256,523,12
RunningMeanBuffer,extend/append,8192,1007,256,523,16
RunningMeanSqBuffer,extend/append,8192,665,256,523,16
RunningMeanBuffer,calculation,8192,9326,256,523,16
RunningMeanSqBuffer,calculation,8192,3861,256,523,16
RunningMeanBuffer,extend/append,8192,793,256,523,24
RunningMeanSqBuffer,extend/append,8192,586,256,523,24
RunningMeanBuffer,calculation,8192,9450,256,523,24
RunningMeanSqBuffer,calculation,8192,3900,256,523,24
RunningMeanBuffer,extend/append,8192,761,256,523,32
RunningMeanSqBuffer,extend/append,8192,570,256,523,32
RunningMeanBuffer,calculation,8192,9351,256,523,32
RunningMeanSqBuffer,calculation,8192,3886,256,523,32
RunningMeanBuffer,extend/append,8192,638,256,523,48
RunningMeanSqBuffer,extend/append,8192,524,256,523,48
RunningMeanBuffer,calculation,8192,9313,256,523,48
RunningMeanSqBuffer,calculation,8192,3891,256,523,48
RunningMeanBuffer,extend/append,8192,634,256,523,64
RunningMeanSqBuffer,extend/append,8192,525,256,523,64
RunningMeanBuffer,calculation,8192,9344,256,523,64
RunningMeanSqBuffer,calculation,8192,3910,256,523,64
RunningMeanBuffer,extend/append,16384,10705,256,523,1
RunningMeanSqBuffer,extend/append,16384,3844,256,523,1
RunningMeanBuffer,calculation,16384,9477,256,523,1
RunningMeanSqBuffer,calculation,16384,3978,256,523,1
RunningMeanBuffer,extend/append,16384,5709,256,523,2
RunningMeanSqBuffer,extend/append,16384,2225,256,523,2
RunningMeanBuffer,calculation,16384,9462,256,523,2
RunningMeanSqBuffer,calculation,16384,3966,256,523,2
RunningMeanBuffer,extend/append,16384,4029,256,523,3
RunningMeanSqBuffer,extend/append,16384,1687,256,523,3
RunningMeanBuffer,calculation,16384,9451,256,523,3
RunningMeanSqBuffer,calculation,16384,3972,256,523,3
RunningMeanBuffer,extend/append,16384,3201,256,523,4
RunningMeanSqBuffer,extend/append,16384,1375,256,523,4
RunningMeanBuffer,calculation,16384,9351,256,523,4
RunningMeanSqBuffer,calculation,16384,3932,256,523,4
RunningMeanBuffer,extend/append,16384,2263,256,523,6
RunningMeanSqBuffer,extend/append,16384,1083,256,523,6
RunningMeanBuffer,calculation,16384,9330,256,523,6
RunningMeanSqBuffer,calculation,16384,3875,256,523,6
RunningMeanBuffer,extend/append,16384,1794,256,523,8
RunningMeanSqBuffer,extend/append,16384,929,256,523,8
RunningMeanBuffer,calculation,16384,9340,256,523,8
RunningMeanSqBuffer,calculation,16384,3970,256,523,8
RunningMeanBuffer,extend/append,16384,1338,256,523,12
RunningMeanSqBuffer,extend/append,16384,762,256,523,12
RunningMeanBuffer,calculation,16384,9495,256,523,12
RunningMeanSqBuffer,calculation,16384,3984,256,523,12
RunningMeanBuffer,extend/append,16384,1150,256,523,16
RunningMeanSqBuffer,extend/append,16384,718,256,523,16
RunningMeanBuffer,calculation,16384,9405,256,523,16
RunningMeanSqBuffer,calculation,16384,3870,256,523,16
RunningMeanBuffer,extend/append,16384,878,256,523,24
RunningMeanSqBuffer,extend/append,16384,607,256,523,24
RunningMeanBuffer,calculation,16384,9377,256,523,24
RunningMeanSqBuffer,calculation,16384,3902,256,523,24
RunningMeanBuffer,extend/append,16384,859,256,523,32
RunningMeanSqBuffer,extend/append,16384,624,256,523,32
RunningMeanBuffer,calculation,16384,9429,256,523,32
RunningMeanSqBuffer,calculation,16384,3943,256,523,32
RunningMeanBuffer,extend/append,16384,687,256,523,48
RunningMeanSqBuffer,extend/append,16384,549,256,523,48
RunningMeanBuffer,calculation,16384,9359,256,523,48
RunningMeanSqBuffer,calculation,16384,3919,256,523,48
RunningMeanBuffer,extend/append,16384,651,256,523,64
RunningMeanSqBuffer,extend/append,16384,526,256,523,64
RunningMeanBuffer,calculation,16384,9397,256,523,64
RunningMeanSqBuffer,calculation,16384,3897,256,523,64
RunningMeanBuffer,extend/append,32768,14714,256,523,1
RunningMeanSqBuffer,extend/append,32768,5118,256,523,1
RunningMeanBuffer,calculation,32768,9604,256,523,1
RunningMeanSqBuffer,calculation,32768,4018,256,523,1
RunningMeanBuffer,extend/append,32768,7643,256,523,2
RunningMeanSqBuffer,extend/append,32768,2900,256,523,2
RunningMeanBuffer,calculation,32768,9488,256,523,2
RunningMeanSqBuffer,calculation,32768,3983,256,523,2
RunningMeanBuffer,extend/append,32768,5287,256,523,3
RunningMeanSqBuffer,extend/append,32768,2163,256,523,3
RunningMeanBuffer,calculation,32768,9498,256,523,3
RunningMeanSqBuffer,calculation,32768,4008,256,523,3
RunningMeanBuffer,extend/append,32768,4178,256,523,4
RunningMeanSqBuffer,extend/append,32768,1742,256,523,4
RunningMeanBuffer,calculation,32768,9551,256,523,4
RunningMeanSqBuffer,calculation,32768,3958,256,523,4
RunningMeanBuffer,extend/append,32768,2925,256,523,6
RunningMeanSqBuffer,extend/append,32768,1308,256,523,6
RunningMeanBuffer,calculation,32768,9398,256,523,6
RunningMeanSqBuffer,calculation,32768,4005,256,523,6
RunningMeanBuffer,extend/append,32768,2279,256,523,8
RunningMeanSqBuffer,extend/append,32768,1086,256,523,8
RunningMeanBuffer,calculation,32768,9484,256,523,8
RunningMeanSqBuffer,calculation,32768,3969,256,523,8
RunningMeanBuffer,extend/append,32768,1664,256,523,12
RunningMeanSqBuffer,extend/append,32768,884,256,523,12
RunningMeanBuffer,calculation,32768,10572,256,523,12
RunningMeanSqBuffer,calculation,32768,3973,256,523,12
RunningMeanBuffer,extend/append,32768,1410,256,523,16
RunningMeanSqBuffer,extend/append,32768,802,256,523,16
RunningMeanBuffer,calculation,32768,9501,256,523,16
RunningMeanSqBuffer,calculation,32768,3996,256,523,16
RunningMeanBuffer,extend/append,32768,1019,256,523,24
RunningMeanSqBuffer,extend/append,32768,667,256,523,24
RunningMeanBuffer,calculation,32768,9447,256,523,24
RunningMeanSqBuffer,calculation,32768,3900,256,523,24
RunningMeanBuffer,extend/append,32768,964,256,523,32
RunningMeanSqBuffer,extend/append,32768,658,256,523,32
RunningMeanBuffer,calculation,32768,9488,256,523,32
RunningMeanSqBuffer,calculation,32768,3972,256,523,32
RunningMeanBuffer,extend/append,32768,787,256,523,48
RunningMeanSqBuffer,extend/append,32768,577,256,523,48
RunningMeanBuffer,calculation,32768,9434,256,523,48
RunningMeanSqBuffer,calculation,32768,3980,256,523,48
RunningMeanBuffer,extend/append,32768,716,256,523,64
RunningMeanSqBuffer,extend/append,32768,562,256,523,64
RunningMeanBuffer,calculation,32768,9545,256,523,64
RunningMeanSqBuffer,calculation,32768,4003,256,523,64
RunningMeanBuffer,extend/append,65536,23017,256,523,1
RunningMeanSqBuffer,extend/append,65536,7333,256,523,1
RunningMeanBuffer,calculation,65536,9711,256,523,1
RunningMeanSqBuffer,calculation,65536,4107,256,523,1
RunningMeanBuffer,extend/append,65536,12067,256,523,2
RunningMeanSqBuffer,extend/append,65536,3558,256,523,2
RunningMeanBuffer,calculation,65536,9718,256,523,2
RunningMeanSqBuffer,calculation,65536,4014,256,523,2
RunningMeanBuffer,extend/append,65536,8242,256,523,3
RunningMeanSqBuffer,extend/append,65536,2567,256,523,3
RunningMeanBuffer,calculation,65536,9525,256,523,3
RunningMeanSqBuffer,calculation,65536,4030,256,523,3
RunningMeanBuffer,extend/append,65536,6385,256,523,4
RunningMeanSqBuffer,extend/append,65536,2063,256,523,4
RunningMeanBuffer,calculation,65536,9656,256,523,4
RunningMeanSqBuffer,calculation,65536,4066,256,523,4
RunningMeanBuffer,extend/append,65536,4399,256,523,6
RunningMeanSqBuffer,extend/append,65536,1529,256,523,6
RunningMeanBuffer,calculation,65536,9743,256,523,6
RunningMeanSqBuffer,calculation,65536,4057,256,523,6
RunningMeanBuffer,extend/append,65536,3395,256,523,8
RunningMeanSqBuffer,extend/append,65536,1278,256,523,8
RunningMeanBuffer,calculation,65536,9598,256,523,8
RunningMeanSqBuffer,calculation,65536,4019,256,523,8
RunningMeanBuffer,extend/append,65536,2387,256,523,12
RunningMeanSqBuffer,extend/append,65536,989,256,523,12
RunningMeanBuffer,calculation,65536,9641,256,523,12
RunningMeanSqBuffer,calculation,65536,4008,256,523,12
RunningMeanBuffer,extend/append,65536,2020,256,523,16
RunningMeanSqBuffer,extend/append,65536,885,256,523,16
RunningMeanBuffer,calculation,65536,9636,256,523,16
RunningMeanSqBuffer,calculation,65536,4059,256,523,16
RunningMeanBuffer,extend/append,65536,1382,256,523,24
RunningMeanSqBuffer,extend/append,65536,710,256,523,24
RunningMeanBuffer,calculation,65536,9456,256,523,24
RunningMeanSqBuffer,calculation,65536,4030,256,523,24
RunningMeanBuffer,extend/append,65536,1282,256,523,32
RunningMeanSqBuffer,extend/append,65536,709,256,523,32
RunningMeanBuffer,calculation,65536,9610,256,523,32
RunningMeanSqBuffer,calculation,65536,4033,256,523,32
RunningMeanBuffer,extend/append,65536,1005,256,523,48
RunningMeanSqBuffer,extend/append,65536,621,256,523,48
RunningMeanBuffer,calculation,65536,9541,256,523,48
RunningMeanSqBuffer,calculation,65536,4038,256,523,48
RunningMeanBuffer,extend/append,65536,907,256,523,64
RunningMeanSqBuffer,extend/append,65536,595,256,523,64
RunningMeanBuffer,calculation,65536,9547,256,523,64
RunningMeanSqBuffer,calculation,65536,4002,256,523,64
RunningMeanBuffer,extend/append,131072,39177,256,523,1
RunningMeanSqBuffer,extend/append,131072,11425,256,523,1
RunningMeanBuffer,calculation,131072,9665,256,523,1
RunningMeanSqBuffer,calculation,131072,4157,256,523,1
RunningMeanBuffer,extend/append,131072,20106,256,523,2
RunningMeanSqBuffer,extend/append,131072,6027,256,523,2
RunningMeanBuffer,calculation,131072,9579,256,523,2
RunningMeanSqBuffer,calculation,131072,4137,256,523,2
RunningMeanBuffer,extend/append,131072,13725,256,523,3
RunningMeanSqBuffer,extend/append,131072,4289,256,523,3
RunningMeanBuffer,calculation,131072,9772,256,523,3
RunningMeanSqBuffer,calculation,131072,4105,256,523,3
RunningMeanBuffer,extend/append,131072,10447,256,523,4
RunningMeanSqBuffer,extend/append,131072,3348,256,523,4
RunningMeanBuffer,calculation,131072,9652,256,523,4
RunningMeanSqBuffer,calculation,131072,4437,256,523,4
RunningMeanBuffer,extend/append,131072,7115,256,523,6
RunningMeanSqBuffer,extend/append,131072,2365,256,523,6
RunningMeanBuffer,calculation,131072,9656,256,523,6
RunningMeanSqBuffer,calculation,131072,4009,256,523,6
RunningMeanBuffer,extend/append,131072,5413,256,523,8
RunningMeanSqBuffer,extend/append,131072,1924,256,523,8
RunningMeanBuffer,calculation,131072,9636,256,523,8
RunningMeanSqBuffer,calculation,131072,4111,256,523,8
RunningMeanBuffer,extend/append,131072,3721,256,523,12
RunningMeanSqBuffer,extend/append,131072,1404,256,523,12
RunningMeanBuffer,calculation,131072,9688,256,523,12
RunningMeanSqBuffer,calculation,131072,4037,256,523,12
RunningMeanBuffer,extend/append,131072,3004,256,523,16
RunningMeanSqBuffer,extend/append,131072,1223,256,523,16
RunningMeanBuffer,calculation,131072,9591,256,523,16
RunningMeanSqBuffer,calculation,131072,4052,256,523,16
RunningMeanBuffer,extend/append,131072,2005,256,523,24
RunningMeanSqBuffer,extend/append,131072,932,256,523,24
RunningMeanBuffer,calculation,131072,9564,256,523,24
RunningMeanSqBuffer,calculation,131072,4041,256,523,24
RunningMeanBuffer,extend/append,131072,1908,256,523,32
RunningMeanSqBuffer,extend/append,131072,917,256,523,32
RunningMeanBuffer,calculation,131072,9563,256,523,32
RunningMeanSqBuffer,calculation,131072,4061,256,523,32
RunningMeanBuffer,extend/append,131072,1364,256,523,48
RunningMeanSqBuffer,extend/append,131072,755,256,523,48
RunningMeanBuffer,calculation,131072,9626,256,523,48
RunningMeanSqBuffer,calculation,131072,4020,256,523,48
RunningMeanBuffer,extend/append,131072,1181,256,523,64
RunningMeanSqBuffer,extend/append,131072,716,256,523,64
RunningMeanBuffer,calculation,131072,9787,256,523,64
RunningMeanSqBuffer,calculation,131072,4013,256,523,64
RunningMeanBuffer,extend/append,262144,71932,256,523,1
RunningMeanSqBuffer,extend/append,262144,16332,256,523,1
RunningMeanBuffer,calculation,262144,10023,256,523,1
RunningMeanSqBuffer,calculation,262144,4225,256,523,1
RunningMeanBuffer,extend/append,262144,36316,256,523,2
RunningMeanSqBuffer,extend/append,262144,8590,256,523,2
RunningMeanBuffer,calculation,262144,9810,256,523,2
RunningMeanSqBuffer,calculation,262144,4197,256,523,2
RunningMeanBuffer,extend/append,262144,24664,256,523,3
RunningMeanSqBuffer,extend/append,262144,5975,256,523,3
RunningMeanBuffer,calculation,262144,9806,256,523,3
RunningMeanSqBuffer,calculation,262144,4120,256,523,3
RunningMeanBuffer,extend/append,262144,18619,256,523,4
RunningMeanSqBuffer,extend/append,262144,4606,256,523,4
RunningMeanBuffer,calculation,262144,9776,256,523,4
RunningMeanSqBuffer,calculation,262144,4137,256,523,4
RunningMeanBuffer,extend/append,262144,12439,256,523,6
RunningMeanSqBuffer,extend/append,262144,3229,256,523,6
RunningMeanBuffer,calculation,262144,9801,256,523,6
RunningMeanSqBuffer,calculation,262144,4102,256,523,6
RunningMeanBuffer,extend/append,262144,9442,256,523,8
RunningMeanSqBuffer,extend/append,262144,2537,256,523,8
RunningMeanBuffer,calculation,262144,9905,256,523,8
RunningMeanSqBuffer,calculation,262144,4132,256,523,8
RunningMeanBuffer,extend/append,262144,6356,256,523,12
RunningMeanSqBuffer,extend/append,262144,1868,256,523,12
RunningMeanBuffer,calculation,262144,9883,256,523,12
RunningMeanSqBuffer,calculation,262144,4108,256,523,12
RunningMeanBuffer,extend/append,262144,5185,256,523,16
RunningMeanSqBuffer,extend/append,262144,1593,256,523,16
RunningMeanBuffer,calculation,262144,9774,256,523,16
RunningMeanSqBuffer,calculation,262144,4132,256,523,16
RunningMeanBuffer,extend/append,262144,3263,256,523,24
RunningMeanSqBuffer,extend/append,262144,1125,256,523,24
RunningMeanBuffer,calculation,262144,9430,256,523,24
RunningMeanSqBuffer,calculation,262144,3981,256,523,24
RunningMeanBuffer,extend/append,262144,2934,256,523,32
RunningMeanSqBuffer,extend/append,262144,1048,256,523,32
RunningMeanBuffer,calculation,262144,9410,256,523,32
RunningMeanSqBuffer,calculation,262144,3944,256,523,32
RunningMeanBuffer,extend/append,262144,1999,256,523,48
RunningMeanSqBuffer,extend/append,262144,830,256,523,48
RunningMeanBuffer,calculation,262144,9499,256,523,48
RunningMeanSqBuffer,calculation,262144,3955,256,523,48
RunningMeanBuffer,extend/append,262144,1702,256,523,64
RunningMeanSqBuffer,extend/append,262144,771,256,523,64
RunningMeanBuffer,calculation,262144,9517,256,523,64
RunningMeanSqBuffer,calculation,262144,3972,256,523,64
RunningMeanBuffer,extend/append,524288,408592,256,523,1
RunningMeanSqBuffer,extend/append,524288,68127,256,523,1
RunningMeanBuffer,calculation,524288,9823,256,523,1
RunningMeanSqBuffer,calculation,524288,4138,256,523,1
RunningMeanBuffer,extend/append,524288,207847,256,523,2
RunningMeanSqBuffer,extend/append,524288,34474,256,523,2
RunningMeanBuffer,calculation,524288,9787,256,523,2
RunningMeanSqBuffer,calculation,524288,4106,256,523,2
RunningMeanBuffer,extend/append,524288,141785,256,523,3
RunningMeanSqBuffer,extend/append,524288,23487,256,523,3
RunningMeanBuffer,calculation,524288,10239,256,523,3
RunningMeanSqBuffer,calculation,524288,4265,256,523,3
RunningMeanBuffer,extend/append,524288,102426,256,523,4
RunningMeanSqBuffer,extend/append,524288,17351,256,523,4
RunningMeanBuffer,calculation,524288,10502,256,523,4
RunningMeanSqBuffer,calculation,524288,4247,256,523,4
RunningMeanBuffer,extend/append,524288,69776,256,523,6
RunningMeanSqBuffer,extend/append,524288,11760,256,523,6
RunningMeanBuffer,calculation,524288,9587,256,523,6
RunningMeanSqBuffer,calculation,524288,4040,256,523,6
RunningMeanBuffer,extend/append,524288,52779,256,523,8
RunningMeanSqBuffer,extend/append,524288,9073,256,523,8
RunningMeanBuffer,calculation,524288,9712,256,523,8
RunningMeanSqBuffer,calculation,524288,4044,256,523,8
RunningMeanBuffer,extend/append,524288,33951,256,523,12
RunningMeanSqBuffer,extend/append,524288,6055,256,523,12
RunningMeanBuffer,calculation,524288,9543,256,523,12
RunningMeanSqBuffer,calculation,524288,4010,256,523,12
RunningMeanBuffer,extend/append,524288,26659,256,523,16
RunningMeanSqBuffer,extend/append,524288,4876,256,523,16
RunningMeanBuffer,calculation,524288,9630,256,523,16
RunningMeanSqBuffer,calculation,524288,4185,256,523,16
RunningMeanBuffer,extend/append,524288,16489,256,523,24
RunningMeanSqBuffer,extend/append,524288,3163,256,523,24
RunningMeanBuffer,calculation,524288,10278,256,523,24
RunningMeanSqBuffer,calculation,524288,4188,256,523,24
RunningMeanBuffer,extend/append,524288,14967,256,523,32
RunningMeanSqBuffer,extend/append,524288,2940,256,523,32
RunningMeanBuffer,calculation,524288,10116,256,523,32
RunningMeanSqBuffer,calculation,524288,4233,256,523,32
RunningMeanBuffer,extend/append,524288,9422,256,523,48
RunningMeanSqBuffer,extend/append,524288,2022,256,523,48
RunningMeanBuffer,calculation,524288,10335,256,523,48
RunningMeanSqBuffer,calculation,524288,4165,256,523,48
RunningMeanBuffer,extend/append,524288,7635,256,523,64
RunningMeanSqBuffer,extend/append,524288,1751,256,523,64
RunningMeanBuffer,calculation,524288,10188,256,523,64
RunningMeanSqBuffer,calculation,524288,4203,256,523,64
RunningMeanBuffer,extend/append,1048576,817659,256,523,1
RunningMeanSqBuffer,extend/append,1048576,131591,256,523,1
RunningMeanBuffer,calculation,1048576,10616,256,523,1
RunningMeanSqBuffer,calculation,1048576,4400,256,523,1
RunningMeanBuffer,extend/append,1048576,409956,256,523,2
RunningMeanSqBuffer,extend/append,1048576,66640,256,523,2
RunningMeanBuffer,calculation,1048576,10415,256,523,2
RunningMeanSqBuffer,calculation,1048576,4387,256,523,2
RunningMeanBuffer,extend/append,1048576,274806,256,523,3
RunningMeanSqBuffer,extend/append,1048576,44919,256,523,3
RunningMeanBuffer,calculation,1048576,10471,256,523,3
RunningMeanSqBuffer,calculation,1048576,4366,256,523,3
RunningMeanBuffer,extend/append,1048576,205112,256,523,4
RunningMeanSqBuffer,extend/append,1048576,33796,256,523,4
RunningMeanBuffer,calculation,1048576,10418,256,523,4
RunningMeanSqBuffer,calculation,1048576,4321,256,523,4
RunningMeanBuffer,extend/append,1048576,134161,256,523,6
RunningMeanSqBuffer,extend/append,1048576,22522,256,523,6
RunningMeanBuffer,calculation,1048576,10496,256,523,6
RunningMeanSqBuffer,calculation,1048576,4166,256,523,6
RunningMeanBuffer,extend/append,1048576,100215,256,523,8
RunningMeanSqBuffer,extend/append,1048576,16851,256,523,8
RunningMeanBuffer,calculation,1048576,10413,256,523,8
RunningMeanSqBuffer,calculation,1048576,4386,256,523,8
RunningMeanBuffer,extend/append,1048576,66677,256,523,12
RunningMeanSqBuffer,extend/append,1048576,11210,256,523,12
RunningMeanBuffer,calculation,1048576,10480,256,523,12
RunningMeanSqBuffer,calculation,1048576,4308,256,523,12
RunningMeanBuffer,extend/append,1048576,52376,256,523,16
RunningMeanSqBuffer,extend/append,1048576,8979,256,523,16
RunningMeanBuffer,calculation,1048576,10463,256,523,16
RunningMeanSqBuffer,calculation,1048576,4272,256,523,16
RunningMeanBuffer,extend/append,1048576,31156,256,523,24
RunningMeanSqBuffer,extend/append,1048576,5696,256,523,24
RunningMeanBuffer,calculation,1048576,10274,256,523,24
RunningMeanSqBuffer,calculation,1048576,4294,256,523,24
RunningMeanBuffer,extend/append,1048576,28285,256,523,32
RunningMeanSqBuffer,extend/append,1048576,5202,256,523,32
RunningMeanBuffer,calculation,1048576,10482,256,523,32
RunningMeanSqBuffer,calculation,1048576,4264,256,523,32
RunningMeanBuffer,extend/append,1048576,18244,256,523,48
RunningMeanSqBuffer,extend/append,1048576,3522,256,523,48
RunningMeanBuffer,calculation,1048576,10375,256,523,48
RunningMeanSqBuffer,calculation,1048576,4216,256,523,48
RunningMeanBuffer,extend/append,1048576,14448,256,523,64
RunningMeanSqBuffer,extend/append,1048576,2858,256,523,64
RunningMeanBuffer,calculation,1048576,10484,256,523,64
RunningMeanSqBuffer,calculation,1048576,4317,256,523,64
RunningMeanBuffer,extend/append,2097152,1621036,256,523,1
RunningMeanSqBuffer,extend/append,2097152,257411,256,523,1
RunningMeanBuffer,calculation,2097152,10780,256,523,1
RunningMeanSqBuffer,calculation,2097152,4608,256,523,1
RunningMeanBuffer,extend/append,2097152,800088,256,523,2
RunningMeanSqBuffer,extend/append,2097152,129577,256,523,2
RunningMeanBuffer,calculation,2097152,10623,256,523,2
RunningMeanSqBuffer,calculation,2097152,4579,256,523,2
RunningMeanBuffer,extend/append,2097152,542665,256,523,3
RunningMeanSqBuffer,extend/append,2097152,87620,256,523,3
RunningMeanBuffer,calculation,2097152,10482,256,523,3
RunningMeanSqBuffer,calculation,2097152,4212,256,523,3
RunningMeanBuffer,extend/append,2097152,403504,256,523,4
RunningMeanSqBuffer,extend/append,2097152,66572,256,523,4
RunningMeanBuffer,calculation,2097152,10713,256,523,4
RunningMeanSqBuffer,calculation,2097152,4520,256,523,4
RunningMeanBuffer,extend/append,2097152,266788,256,523,6
RunningMeanSqBuffer,extend/append,2097152,43423,256,523,6
RunningMeanBuffer,calculation,2097152,10643,256,523,6
RunningMeanSqBuffer,calculation,2097152,4283,256,523,6
RunningMeanBuffer,extend/append,2097152,198699,256,523,8
RunningMeanSqBuffer,extend/append,2097152,33076,256,523,8
RunningMeanBuffer,calculation,2097152,10020,256,523,8
RunningMeanSqBuffer,calculation,2097152,4414,256,523,8
RunningMeanBuffer,extend/append,2097152,131653,256,523,12
RunningMeanSqBuffer,extend/append,2097152,21785,256,523,12
RunningMeanBuffer,calculation,2097152,10000,256,523,12
RunningMeanSqBuffer,calculation,2097152,4307,256,523,12
RunningMeanBuffer,extend/append,2097152,101042,256,523,16
RunningMeanSqBuffer,extend/append,2097152,17146,256,523,16
RunningMeanBuffer,calculation,2097152,10073,256,523,16
RunningMeanSqBuffer,calculation,2097152,4135,256,523,16
RunningMeanBuffer,extend/append,2097152,62210,256,523,24
RunningMeanSqBuffer,extend/append,2097152,10785,256,523,24
RunningMeanBuffer,calculation,2097152,10583,256,523,24
RunningMeanSqBuffer,calculation,2097152,4431,256,523,24
RunningMeanBuffer,extend/append,2097152,55461,256,523,32
RunningMeanSqBuffer,extend/append,2097152,9410,256,523,32
RunningMeanBuffer,calculation,2097152,10515,256,523,32
RunningMeanSqBuffer,calculation,2097152,4471,256,523,32
RunningMeanBuffer,extend/append,2097152,34942,256,523,48
RunningMeanSqBuffer,extend/append,2097152,6174,256,523,48
RunningMeanBuffer,calculation,2097152,10755,256,523,48
RunningMeanSqBuffer,calculation,2097152,4465,256,523,48
RunningMeanBuffer,extend/append,2097152,28139,256,523,64
RunningMeanSqBuffer,extend/append,2097152,5158,256,523,64
RunningMeanBuffer,calculation,2097152,10531,256,523,64
RunningMeanSqBuffer,calculation,2097152,4386,256,523,64
RunningMeanBuffer,extend/append,4194304,3214399,256,523,1
RunningMeanSqBuffer,extend/append,4194304,512580,256,523,1
RunningMeanBuffer,calculation,4194304,11085,256,523,1
RunningMeanSqBuffer,calculation,4194304,4722,256,523,1
RunningMeanBuffer,extend/append,4194304,1604526,256,523,2
RunningMeanSqBuffer,extend/append,4194304,256131,256,523,2
RunningMeanBuffer,calculation,4194304,11050,256,523,2
RunningMeanSqBuffer,calculation,4194304,4635,256,523,2
RunningMeanBuffer,extend/append,4194304,1081082,256,523,3
RunningMeanSqBuffer,extend/append,4194304,172808,256,523,3
RunningMeanBuffer,calculation,4194304,10993,256,523,3
RunningMeanSqBuffer,calculation,4194304,4639,256,523,3
RunningMeanBuffer,extend/append,4194304,803306,256,523,4
RunningMeanSqBuffer,extend/append,4194304,130287,256,523,4
RunningMeanBuffer,calculation,4194304,11134,256,523,4
RunningMeanSqBuffer,calculation,4194304,4648,256,523,4
RunningMeanBuffer,extend/append,4194304,532202,256,523,6
RunningMeanSqBuffer,extend/append,4194304,85697,256,523,6
RunningMeanBuffer,calculation,4194304,11035,256,523,6
RunningMeanSqBuffer,calculation,4194304,4517,256,523,6
RunningMeanBuffer,extend/append,4194304,402942,256,523,8
RunningMeanSqBuffer,extend/append,4194304,64919,256,523,8
RunningMeanBuffer,calculation,4194304,10984,256,523,8
RunningMeanSqBuffer,calculation,4194304,4652,256,523,8
RunningMeanBuffer,extend/append,4194304,261561,256,523,12
RunningMeanSqBuffer,extend/append,4194304,42101,256,523,12
RunningMeanBuffer,calculation,4194304,11000,256,523,12
RunningMeanSqBuffer,calculation,4194304,4602,256,523,12
RunningMeanBuffer,extend/append,4194304,204667,256,523,16
RunningMeanSqBuffer,extend/append,4194304,33532,256,523,16
RunningMeanBuffer,calculation,4194304,10826,256,523,16
RunningMeanSqBuffer,calculation,4194304,4538,256,523,16
RunningMeanBuffer,extend/append,4194304,124066,256,523,24
RunningMeanSqBuffer,extend/append,4194304,20536,256,523,24
RunningMeanBuffer,calculation,4194304,11058,256,523,24
RunningMeanSqBuffer,calculation,4194304,4618,256,523,24
RunningMeanBuffer,extend/append,4194304,110124,256,523,32
RunningMeanSqBuffer,extend/append,4194304,18321,256,523,32
RunningMeanBuffer,calculation,4194304,10610,256,523,32
RunningMeanSqBuffer,calculation,4194304,4637,256,523,32
RunningMeanBuffer,extend/append,4194304,70535,256,523,48
RunningMeanSqBuffer,extend/append,4194304,11796,256,523,48
RunningMeanBuffer,calculation,4194304,10778,256,523,48
RunningMeanSqBuffer,calculation,4194304,4532,256,523,48
RunningMeanBuffer,extend/append,4194304,55774,256,523,64
RunningMeanSqBuffer,extend/append,4194304,9429,256,523,64
RunningMeanBuffer,calculation,4194304,10952,256,523,64
RunningMeanSqBuffer,calculation,4194304,4502,256,523,64
RunningMeanBuffer,extend/append,8388608,6459234,256,523,1
RunningMeanSqBuffer,extend/append,8388608,1017410,256,523,1
RunningMeanBuffer,calculation,8388608,11572,256,523,1
RunningMeanSqBuffer,calculation,8388608,4876,256,523,1
RunningMeanBuffer,extend/append,8388608,3234465,256,523,2
RunningMeanSqBuffer,extend/append,8388608,509524,256,523,2
RunningMeanBuffer,calculation,8388608,12797,256,523,2
RunningMeanSqBuffer,calculation,8388608,4857,256,523,2
RunningMeanBuffer,extend/append,8388608,2169399,256,523,3
RunningMeanSqBuffer,extend/append,8388608,350059,256,523,3
RunningMeanBuffer,calculation,8388608,12301,256,523,3
RunningMeanSqBuffer,calculation,8388608,4758,256,523,3
RunningMeanBuffer,extend/append,8388608,1617493,256,523,4
RunningMeanSqBuffer,extend/append,8388608,257247,256,523,4
RunningMeanBuffer,calculation,8388608,12616,256,523,4
RunningMeanSqBuffer,calculation,8388608,4773,256,523,4
RunningMeanBuffer,extend/append,8388608,1066644,256,523,6
RunningMeanSqBuffer,extend/append,8388608,170678,256,523,6
RunningMeanBuffer,calculation,8388608,12467,256,523,6
RunningMeanSqBuffer,calculation,8388608,4742,256,523,6
RunningMeanBuffer,extend/append,8388608,791411,256,523,8
RunningMeanSqBuffer,extend/append,8388608,128192,256,523,8
RunningMeanBuffer,calculation,8388608,12298,256,523,8
RunningMeanSqBuffer,calculation,8388608,4719,256,523,8
RunningMeanBuffer,extend/append,8388608,517433,256,523,12
RunningMeanSqBuffer,extend/append,8388608,82806,256,523,12
RunningMeanBuffer,calculation,8388608,11588,256,523,12
RunningMeanSqBuffer,calculation,8388608,4713,256,523,12
RunningMeanBuffer,extend/append,8388608,406854,256,523,16
RunningMeanSqBuffer,extend/append,8388608,65761,256,523,16
RunningMeanBuffer,calculation,8388608,11875,256,523,16
RunningMeanSqBuffer,calculation,8388608,4462,256,523,16
RunningMeanBuffer,extend/append,8388608,244915,256,523,24
RunningMeanSqBuffer,extend/append,8388608,39840,256,523,24
RunningMeanBuffer,calculation,8388608,11678,256,523,24
RunningMeanSqBuffer,calculation,8388608,4645,256,523,24
RunningMeanBuffer,extend/append,8388608,218489,256,523,32
RunningMeanSqBuffer,extend/append,8388608,35654,256,523,32
RunningMeanBuffer,calculation,8388608,12667,256,523,32
RunningMeanSqBuffer,calculation,8388608,4537,256,523,32
RunningMeanBuffer,extend/append,8388608,136104,256,523,48
RunningMeanSqBuffer,extend/append,8388608,22318,256,523,48
RunningMeanBuffer,calculation,8388608,12333,256,523,48
RunningMeanSqBuffer,calculation,8388608,4689,256,523,48
RunningMeanBuffer,extend/append,8388608,109304,256,523,64
RunningMeanSqBuffer,extend/append,8388608,17924,256,523,64
RunningMeanBuffer,calculation,8388608,12697,256,523,64
RunningMeanSqBuffer,calculation,8388608,4721,256,523,64
RunningMeanBuffer,extend/append,512,4128,512,523,1
RunningMeanSqBuffer,extend/append,512,2003,512,523,1
RunningMeanBuffer,calculation,512,4376,512,523,1
RunningMeanSqBuffer,calculation,512,2374,512,523,1
RunningMeanBuffer,extend/append,512,2342,512,523,2
RunningMeanSqBuffer,extend/append,512,1283,512,523,2
RunningMeanBuffer,calculation,512,4395,512,523,2
RunningMeanSqBuffer,calculation,512,2326,512,523,2
RunningMeanBuffer,extend/append,512,1801,512,523,3
RunningMeanSqBuffer,extend/append,512,1021,512,523,3
RunningMeanBuffer,calculation,512,4338,512,523,3
RunningMeanSqBuffer,calculation,512,2340,512,523,3
RunningMeanBuffer,extend/append,512,1460,512,523,4
RunningMeanSqBuffer,extend/append,512,909,512,523,4
RunningMeanBuffer,calculation,512,4278,512,523,4
RunningMeanSqBuffer,calculation,512,2314,512,523,4
RunningMeanBuffer,extend/append,512,1105,512,523,6
RunningMeanSqBuffer,extend/append,512,761,512,523,6
RunningMeanBuffer,calculation,512,4302,512,523,6
RunningMeanSqBuffer,calculation,512,2329,512,523,6
RunningMeanBuffer,extend/append,512,982,512,523,8
RunningMeanSqBuffer,extend/append,512,677,512,523,8
RunningMeanBuffer,calculation,512,4336,512,523,8
RunningMeanSqBuffer,calculation,512,2294,512,523,8
RunningMeanBuffer,extend/append,512,782,512,523,12
RunningMeanSqBuffer,extend/append,512,639,512,523,12
RunningMeanBuffer,calculation,512,4357,512,523,12
RunningMeanSqBuffer,calculation,512,2294,512,523,12
RunningMeanBuffer,extend/append,512,710,512,523,16
RunningMeanSqBuffer,extend/append,512,572,512,523,16
RunningMeanBuffer,calculation,512,4330,512,523,16
RunningMeanSqBuffer,calculation,512,2327,512,523,16
RunningMeanBuffer,extend/append,512,610,512,523,24
RunningMeanSqBuffer,extend/append,512,518,512,523,24
RunningMeanBuffer,calculation,512,4305,512,523,24
RunningMeanSqBuffer,calculation,512,2291,512,523,24
RunningMeanBuffer,extend/append,512,639,512,523,32
RunningMeanSqBuffer,extend/append,512,531,512,523,32
RunningMeanBuffer,calculation,512,4304,512,523,32
RunningMeanSqBuffer,calculation,512,2303,512,523,32
RunningMeanBuffer,extend/append,512,548,512,523,48
RunningMeanSqBuffer,extend/append,512,501,512,523,48
RunningMeanBuffer,calculation,512,4360,512,523,48
RunningMeanSqBuffer,calculation,512,2277,512,523,48
RunningMeanBuffer,extend/append,512,536,512,523,64
RunningMeanSqBuffer,extend/append,512,507,512,523,64
RunningMeanBuffer,calculation,512,4259,512,523,64
RunningMeanSqBuffer,calculation,512,2309,512,523,64
RunningMeanBuffer,extend/append,1024,5646,512,523,1
RunningMeanSqBuffer,extend/append,1024,2554,512,523,1
RunningMeanBuffer,calculation,1024,9328,512,523,1
RunningMeanSqBuffer,calculation,1024,3775,512,523,1
RunningMeanBuffer,extend/append,1024,3126,512,523,2
RunningMeanSqBuffer,extend/append,1024,1554,512,523,2
RunningMeanBuffer,calculation,1024,9385,512,523,2
RunningMeanSqBuffer,calculation,1024,3742,512,523,2
RunningMeanBuffer,extend/append,1024,2304,512,523,3
RunningMeanSqBuffer,extend/append,1024,1242,512,523,3
RunningMeanBuffer,calculation,1024,9338,512,523,3
RunningMeanSqBuffer,calculation,1024,3727,512,523,3
RunningMeanBuffer,extend/append,1024,1868,512,523,4
RunningMeanSqBuffer,extend/append,1024,1054,512,523,4
RunningMeanBuffer,calculation,1024,9285,512,523,4
RunningMeanSqBuffer,calculation,1024,3710,512,523,4
RunningMeanBuffer,extend/append,1024,1407,512,523,6
RunningMeanSqBuffer,extend/append,1024,880,512,523,6
RunningMeanBuffer,calculation,1024,9385,512,523,6
RunningMeanSqBuffer,calculation,1024,3659,512,523,6
RunningMeanBuffer,extend/append,1024,1154,512,523,8
RunningMeanSqBuffer,extend/append,1024,745,512,523,8
RunningMeanBuffer,calculation,1024,9363,512,523,8
RunningMeanSqBuffer,calculation,1024,3695,512,523,8
RunningMeanBuffer,extend/append,1024,922,512,523,12
RunningMeanSqBuffer,extend/append,1024,653,512,523,12
RunningMeanBuffer,calculation,1024,9359,512,523,12
RunningMeanSqBuffer,calculation,1024,3697,512,523,12
RunningMeanBuffer,extend/append,1024,792,512,523,16
RunningMeanSqBuffer,extend/append,1024,614,512,523,16
RunningMeanBuffer,calculation,1024,9167,512,523,16
RunningMeanSqBuffer,calculation,1024,3632,512,523,16
RunningMeanBuffer,extend/append,1024,664,512,523,24
RunningMeanSqBuffer,extend/append,1024,539,512,523,24
RunningMeanBuffer,calculation,1024,9120,512,523,24
RunningMeanSqBuffer,calculation,1024,3665,512,523,24
RunningMeanBuffer,extend/append,1024,638,512,523,32
RunningMeanSqBuffer,extend/append,1024,531,512,523,32
RunningMeanBuffer,calculation,1024,9159,512,523,32
RunningMeanSqBuffer,calculation,1024,3654,512,523,32
RunningMeanBuffer,extend/append,1024,566,512,523,48
RunningMeanSqBuffer,extend/append,1024,510,512,523,48
RunningMeanBuffer,calculation,1024,9170,512,523,48
RunningMeanSqBuffer,calculation,1024,3664,512,523,48
RunningMeanBuffer,extend/append,1024,542,512,523,64
RunningMeanSqBuffer,extend/append,1024,499,512,523,64
RunningMeanBuffer,calculation,1024,9169,512,523,64
RunningMeanSqBuffer,calculation,1024,3659,512,523,64
RunningMeanBuffer,extend/append,2048,7239,512,523,1
RunningMeanSqBuffer,extend/append,2048,3171,512,523,1
RunningMeanBuffer,calculation,2048,9279,512,523,1
RunningMeanSqBuffer,calculation,2048,3710,512,523,1
RunningMeanBuffer,extend/append,2048,3985,512,523,2
RunningMeanSqBuffer,extend/append,2048,1877,512,523,2
RunningMeanBuffer,calculation,2048,9331,512,523,2
RunningMeanSqBuffer,calculation,2048,3673,512,523,2
RunningMeanBuffer,extend/append,2048,2853,512,523,3
RunningMeanSqBuffer,extend/append,2048,1416,512,523,3
RunningMeanBuffer,calculation,2048,9311,512,523,3
RunningMeanSqBuffer,calculation,2048,3686,512,523,3
RunningMeanBuffer,extend/append,2048,2264,512,523,4
RunningMeanSqBuffer,extend/append,2048,1199,512,523,4
RunningMeanBuffer,calculation,2048,9234,512,523,4
RunningMeanSqBuffer,calculation,2048,3668,512,523,4
RunningMeanBuffer,extend/append,2048,1642,512,523,6
RunningMeanSqBuffer,extend/append,2048,953,512,523,6
RunningMeanBuffer,calculation,2048,9263,512,523,6
RunningMeanSqBuffer,calculation,2048,3627,512,523,6
RunningMeanBuffer,extend/append,2048,1357,512,523,8
RunningMeanSqBuffer,extend/append,2048,820,512,523,8
RunningMeanBuffer,calculation,2048,9193,512,523,8
RunningMeanSqBuffer,calculation,2048,3630,512,523,8
RunningMeanBuffer,extend/append,2048,1037,512,523,12
RunningMeanSqBuffer,extend/append,2048,683,512,523,12
RunningMeanBuffer,calculation,2048,9233,512,523,12
RunningMeanSqBuffer,calculation,2048,3646,512,523,12
RunningMeanBuffer,extend/append,2048,917,512,523,16
RunningMeanSqBuffer,extend/append,2048,639,512,523,16
RunningMeanBuffer,calculation,2048,9198,512,523,16
RunningMeanSqBuffer,calculation,2048,3616,512,523,16
RunningMeanBuffer,extend/append,2048,731,512,523,24
RunningMeanSqBuffer,extend/append,2048,566,512,523,24
RunningMeanBuffer,calculation,2048,9153,512,523,24
RunningMeanSqBuffer,calculation,2048,3628,512,523,24
RunningMeanBuffer,extend/append,2048,705,512,523,32
RunningMeanSqBuffer,extend/append,2048,559,512,523,32
RunningMeanBuffer,calculation,2048,9173,512,523,32
RunningMeanSqBuffer,calculation,2048,3616,512,523,32
RunningMeanBuffer,extend/append,2048,617,512,523,48
RunningMeanSqBuffer,extend/append,2048,531,512,523,48
RunningMeanBuffer,calculation,2048,9257,512,523,48
RunningMeanSqBuffer,calculation,2048,3640,512,523,48
RunningMeanBuffer,extend/append,2048,616,512,523,64
RunningMeanSqBuffer,extend/append,2048,506,512,523,64
RunningMeanBuffer,calculation,2048,9200,512,523,64
RunningMeanSqBuffer,calculation,2048,3628,512,523,64
RunningMeanBuffer,extend/append,4096,7865,512,523,1
RunningMeanSqBuffer,extend/append,4096,3286,512,523,1
RunningMeanBuffer,calculation,4096,9399,512,523,1
RunningMeanSqBuffer,calculation,4096,3719,512,523,1
RunningMeanBuffer,extend/append,4096,4263,512,523,2
RunningMeanSqBuffer,extend/append,4096,1924,512,523,2
RunningMeanBuffer,calculation,4096,9320,512,523,2
RunningMeanSqBuffer,calculation,4096,3706,512,523,2
RunningMeanBuffer,extend/append,4096,3064,512,523,3
RunningMeanSqBuffer,extend/append,4096,1454,512,523,3
RunningMeanBuffer,calculation,4096,9293,512,523,3
RunningMeanSqBuffer,calculation,4096,3675,512,523,3
RunningMeanBuffer,extend/append,4096,2394,512,523,4
RunningMeanSqBuffer,extend/append,4096,1207,512,523,4
RunningMeanBuffer,calculation,4096,9272,512,523,4
RunningMeanSqBuffer,calculation,4096,3665,512,523,4
RunningMeanBuffer,extend/append,4096,1749,512,523,6
RunningMeanSqBuffer,extend/append,4096,967,512,523,6
RunningMeanBuffer,calculation,4096,9241,512,523,6
RunningMeanSqBuffer,calculation,4096,3675,512,523,6
RunningMeanBuffer,extend/append,4096,1418,512,523,8
RunningMeanSqBuffer,extend/append,4096,827,512,523,8
RunningMeanBuffer,calculation,4096,9219,512,523,8
RunningMeanSqBuffer,calculation,4096,3684,512,523,8
RunningMeanBuffer,extend/append,4096,1085,512,523,12
RunningMeanSqBuffer,extend/append,4096,702,512,523,12
RunningMeanBuffer,calculation,4096,9216,512,523,12
RunningMeanSqBuffer,calculation,4096,3618,512,523,12
RunningMeanBuffer,extend/append,4096,963,512,523,16
RunningMeanSqBuffer,extend/append,4096,636,512,523,16
RunningMeanBuffer,calculation,4096,9203,512,523,16
RunningMeanSqBuffer,calculation,4096,3659,512,523,16
RunningMeanBuffer,extend/append,4096,742,512,523,24
RunningMeanSqBuffer,extend/append,4096,575,512,523,24
RunningMeanBuffer,calculation,4096,9362,512,523,24
RunningMeanSqBuffer,calculation,4096,3690,512,523,24
RunningMeanBuffer,extend/append,4096,739,512,523,32
RunningMeanSqBuffer,extend/append,4096,555,512,523,32
RunningMeanBuffer,calculation,4096,9216,512,523,32
RunningMeanSqBuffer,calculation,4096,3653,512,523,32
RunningMeanBuffer,extend/append,4096,622,512,523,48
RunningMeanSqBuffer,extend/append,4096,521,512,523,48
RunningMeanBuffer,calculation,4096,9166,512,523,48
RunningMeanSqBuffer,calculation,4096,3633,512,523,48
RunningMeanBuffer,extend/append,4096,603,512,523,64
RunningMeanSqBuffer,extend/append,4096,505,512,523,64
RunningMeanBuffer,calculation,4096,9241,512,523,64
RunningMeanSqBuffer,calculation,4096,3616,512,523,64
RunningMeanBuffer,extend/append,8192,8573,512,523,1
RunningMeanSqBuffer,extend/append,8192,3490,512,523,1
RunningMeanBuffer,calculation,8192,9293,512,523,1
RunningMeanSqBuffer,calculation,8192,3740,512,523,1
RunningMeanBuffer,extend/append,8192,4655,512,523,2
RunningMeanSqBuffer,extend/append,8192,2017,512,523,2
RunningMeanBuffer,calculation,8192,9235,512,523,2
RunningMeanSqBuffer,calculation,8192,3691,512,523,2
RunningMeanBuffer,extend/append,8192,3302,512,523,3
RunningMeanSqBuffer,extend/append,8192,1527,512,523,3
RunningMeanBuffer,calculation,8192,9248,512,523,3
RunningMeanSqBuffer,calculation,8192,3675,512,523,3
RunningMeanBuffer,extend/append,8192,2579,512,523,4
RunningMeanSqBuffer,extend/append,8192,1285,512,523,4
RunningMeanBuffer,calculation,8192,9204,512,523,4
RunningMeanSqBuffer,calculation,8192,3679,512,523,4
RunningMeanBuffer,extend/append,8192,1886,512,523,6
RunningMeanSqBuffer,extend/append,8192,1002,512,523,6
RunningMeanBuffer,calculation,8192,9301,512,523,6
RunningMeanSqBuffer,calculation,8192,3704,512,523,6
RunningMeanBuffer,extend/append,8192,1525,512,523,8
RunningMeanSqBuffer,extend/append,8192,860,512,523,8
RunningMeanBuffer,calculation,8192,9230,512,523,8
RunningMeanSqBuffer,calculation,8192,3651,512,523,8
RunningMeanBuffer,extend/append,8192,1158,512,523,12
RunningMeanSqBuffer,extend/append,8192,736,512,523,12
RunningMeanBuffer,calculation,8192,9333,512,523,12
RunningMeanSqBuffer,calculation,8192,3703,512,523,12
RunningMeanBuffer,extend/append,8192,1024,512,523,16
RunningMeanSqBuffer,extend/append,8192,659,512,523,16
RunningMeanBuffer,calculation,8192,9237,512,523,16
RunningMeanSqBuffer,calculation,8192,3694,512,523,16
RunningMeanBuffer,extend/append,8192,774,512,523,24
RunningMeanSqBuffer,extend/append,8192,577,512,523,24
RunningMeanBuffer,calculation,8192,9237,512,523,24
RunningMeanSqBuffer,calculation,8192,3662,512,523,24
RunningMeanBuffer,extend/append,8192,752,512,523,32
RunningMeanSqBuffer,extend/append,8192,575,512,523,32
RunningMeanBuffer,calculation,8192,9236,512,523,32
RunningMeanSqBuffer,calculation,8192,3619,512,523,32
RunningMeanBuffer,extend/append,8192,633,512,523,48
RunningMeanSqBuffer,extend/append,8192,526,512,523,48
RunningMeanBuffer,calculation,8192,9234,512,523,48
RunningMeanSqBuffer,calculation,8192,3657,512,523,48
RunningMeanBuffer,extend/append,8192,594,512,523,64
RunningMeanSqBuffer,extend/append,8192,515,512,523,64
RunningMeanBuffer,calculation,8192,9153,512,523,64
RunningMeanSqBuffer,calculation,8192,3731,512,523,64
RunningMeanBuffer,extend/append,16384,10550,512,523,1
RunningMeanSqBuffer,extend/append,16384,3793,512,523,1
RunningMeanBuffer,calculation,16384,9357,512,523,1
RunningMeanSqBuffer,calculation,16384,3755,512,523,1
RunningMeanBuffer,extend/append,16384,5650,512,523,2
RunningMeanSqBuffer,extend/append,16384,2207,512,523,2
RunningMeanBuffer,calculation,16384,9369,512,523,2
RunningMeanSqBuffer,calculation,16384,3733,512,523,2
RunningMeanBuffer,extend/append,16384,4048,512,523,3
RunningMeanSqBuffer,extend/append,16384,1654,512,523,3
RunningMeanBuffer,calculation,16384,9267,512,523,3
RunningMeanSqBuffer,calculation,16384,3705,512,523,3
RunningMeanBuffer,extend/append,16384,3131,512,523,4
RunningMeanSqBuffer,extend/append,16384,1395,512,523,4
RunningMeanBuffer,calculation,16384,9327,512,523,4
RunningMeanSqBuffer,calculation,16384,3698,512,523,4
RunningMeanBuffer,extend/append,16384,2288,512,523,6
RunningMeanSqBuffer,extend/append,16384,1044,512,523,6
RunningMeanBuffer,calculation,16384,9403,512,523,6
RunningMeanSqBuffer,calculation,16384,3677,512,523,6
RunningMeanBuffer,extend/append,16384,1780,512,523,8
RunningMeanSqBuffer,extend/append,16384,1095,512,523,8
RunningMeanBuffer,calculation,16384,9332,512,523,8
RunningMeanSqBuffer,calculation,16384,3685,512,523,8
RunningMeanBuffer,extend/append,16384,1348,512,523,12
RunningMeanSqBuffer,extend/append,16384,759,512,523,12
RunningMeanBuffer,calculation,16384,9356,512,523,12
RunningMeanSqBuffer,calculation,16384,3798,512,523,12
RunningMeanBuffer,extend/append,16384,1230,512,523,16
RunningMeanSqBuffer,extend/append,16384,716,512,523,16
RunningMeanBuffer,calculation,16384,9342,512,523,16
RunningMeanSqBuffer,calculation,16384,3723,512,523,16
RunningMeanBuffer,extend/append,16384,900,512,523,24
RunningMeanSqBuffer,extend/append,16384,640,512,523,24
RunningMeanBuffer,calculation,16384,9411,512,523,24
RunningMeanSqBuffer,calculation,16384,3746,512,523,24
RunningMeanBuffer,extend/append,16384,862,512,523,32
RunningMeanSqBuffer,extend/append,16384,629,512,523,32
RunningMeanBuffer,calculation,16384,9370,512,523,32
RunningMeanSqBuffer,calculation,16384,3711,512,523,32
RunningMeanBuffer,extend/append,16384,707,512,523,48
RunningMeanSqBuffer,extend/append,16384,561,512,523,48
RunningMeanBuffer,calculation,16384,9357,512,523,48
RunningMeanSqBuffer,calculation,16384,3678,512,523,48
RunningMeanBuffer,extend/append,16384,659,512,523,64
RunningMeanSqBuffer,extend/append,16384,559,512,523,64
RunningMeanBuffer,calculation,16384,9310,512,523,64
RunningMeanSqBuffer,calculation,16384,3741,512,523,64
RunningMeanBuffer,extend/append,32768,14830,512,523,1
RunningMeanSqBuffer,extend/append,32768,5233,512,523,1
RunningMeanBuffer,calculation,32768,9645,512,523,1
RunningMeanSqBuffer,calculation,32768,3839,512,523,1
RunningMeanBuffer,extend/append,32768,7847,512,523,2
RunningMeanSqBuffer,extend/append,32768,2924,512,523,2
RunningMeanBuffer,calculation,32768,9531,512,523,2
RunningMeanSqBuffer,calculation,32768,3814,512,523,2
RunningMeanBuffer,extend/append,32768,5509,512,523,3
RunningMeanSqBuffer,extend/append,32768,2167,512,523,3
RunningMeanBuffer,calculation,32768,9520,512,523,3
RunningMeanSqBuffer,calculation,32768,3812,512,523,3
RunningMeanBuffer,extend/append,32768,4187,512,523,4
RunningMeanSqBuffer,extend/append,32768,1734,512,523,4
RunningMeanBuffer,calculation,32768,9512,512,523,4
RunningMeanSqBuffer,calculation,32768,3803,512,523,4
RunningMeanBuffer,extend/append,32768,2938,512,523,6
RunningMeanSqBuffer,extend/append,32768,1344,512,523,6
RunningMeanBuffer,calculation,32768,9471,512,523,6
RunningMeanSqBuffer,calculation,32768,3766,512,523,6
RunningMeanBuffer,extend/append,32768,2381,512,523,8
RunningMeanSqBuffer,extend/append,32768,1118,512,523,8
RunningMeanBuffer,calculation,32768,9464,512,523,8
RunningMeanSqBuffer,calculation,32768,3793,512,523,8
RunningMeanBuffer,extend/append,32768,1682,512,523,12
RunningMeanSqBuffer,extend/append,32768,939,512,523,12
RunningMeanBuffer,calculation,32768,9293,512,523,12
RunningMeanSqBuffer,calculation,32768,3736,512,523,12
RunningMeanBuffer,extend/append,32768,1386,512,523,16
RunningMeanSqBuffer,extend/append,32768,784,512,523,16
RunningMeanBuffer,calculation,32768,9300,512,523,16
RunningMeanSqBuffer,calculation,32768,3726,512,523,16
RunningMeanBuffer,extend/append,32768,1013,512,523,24
RunningMeanSqBuffer,extend/append,32768,650,512,523,24
RunningMeanBuffer,calculation,32768,9367,512,523,24
RunningMeanSqBuffer,calculation,32768,3688,512,523,24
RunningMeanBuffer,extend/append,32768,972,512,523,32
RunningMeanSqBuffer,extend/append,32768,647,512,523,32
RunningMeanBuffer,calculation,32768,9301,512,523,32
RunningMeanSqBuffer,calculation,32768,3694,512,523,32
RunningMeanBuffer,extend/append,32768,827,512,523,48
RunningMeanSqBuffer,extend/append,32768,595,512,523,48
RunningMeanBuffer,calculation,32768,9392,512,523,48
RunningMeanSqBuffer,calculation,32768,4548,512,523,48
RunningMeanBuffer,extend/append,32768,743,512,523,64
RunningMeanSqBuffer,extend/append,32768,587,512,523,64
RunningMeanBuffer,calculation,32768,9442,512,523,64
RunningMeanSqBuffer,calculation,32768,3734,512,523,64
RunningMeanBuffer,extend/append,65536,23430,512,523,1
RunningMeanSqBuffer,extend/append,65536,7467,512,523,1
RunningMeanBuffer,calculation,65536,9704,512,523,1
RunningMeanSqBuffer,calculation,65536,3883,512,523,1
RunningMeanBuffer,extend/append,65536,11931,512,523,2
RunningMeanSqBuffer,extend/append,65536,3536,512,523,2
RunningMeanBuffer,calculation,65536,9689,512,523,2
RunningMeanSqBuffer,calculation,65536,3819,512,523,2
RunningMeanBuffer,extend/append,65536,8258,512,523,3
RunningMeanSqBuffer,extend/append,65536,2556,512,523,3
RunningMeanBuffer,calculation,65536,9700,512,523,3
RunningMeanSqBuffer,calculation,65536,3779,512,523,3
RunningMeanBuffer,extend/append,65536,6388,512,523,4
RunningMeanSqBuffer,extend/append,65536,2059,512,523,4
RunningMeanBuffer,calculation,65536,9540,512,523,4
RunningMeanSqBuffer,calculation,65536,3842,512,523,4
RunningMeanBuffer,extend/append,65536,4349,512,523,6
RunningMeanSqBuffer,extend/append,65536,1566,512,523,6
RunningMeanBuffer,calculation,65536,9673,512,523,6
RunningMeanSqBuffer,calculation,65536,3858,512,523,6
RunningMeanBuffer,extend/append,65536,3406,512,523,8
RunningMeanSqBuffer,extend/append,65536,1278,512,523,8
RunningMeanBuffer,calculation,65536,9582,512,523,8
RunningMeanSqBuffer,calculation,65536,3830,512,523,8
RunningMeanBuffer,extend/append,65536,2372,512,523,12
RunningMeanSqBuffer,extend/append,65536,1027,512,523,12
RunningMeanBuffer,calculation,65536,9606,512,523,12
RunningMeanSqBuffer,calculation,65536,3769,512,523,12
RunningMeanBuffer,extend/append,65536,1989,512,523,16
RunningMeanSqBuffer,extend/append,65536,891,512,523,16
RunningMeanBuffer,calculation,65536,9596,512,523,16
RunningMeanSqBuffer,calculation,65536,3784,512,523,16
RunningMeanBuffer,extend/append,65536,1412,512,523,24
RunningMeanSqBuffer,extend/append,65536,741,512,523,24
RunningMeanBuffer,calculation,65536,9555,512,523,24
RunningMeanSqBuffer,calculation,65536,3738,512,523,24
RunningMeanBuffer,extend/append,65536,1311,512,523,32
RunningMeanSqBuffer,extend/append,65536,723,512,523,32
RunningMeanBuffer,calculation,65536,9600,512,523,32
RunningMeanSqBuffer,calculation,65536,3790,512,523,32
RunningMeanBuffer,extend/append,65536,998,512,523,48
RunningMeanSqBuffer,extend/append,65536,638,512,523,48
RunningMeanBuffer,calculation,65536,9532,512,523,48
RunningMeanSqBuffer,calculation,65536,3784,512,523,48
RunningMeanBuffer,extend/append,65536,898,512,523,64
RunningMeanSqBuffer,extend/append,65536,601,512,523,64
RunningMeanBuffer,calculation,65536,9584,512,523,64
RunningMeanSqBuffer,calculation,65536,3790,512,523,64
RunningMeanBuffer,extend/append,131072,40166,512,523,1
RunningMeanSqBuffer,extend/append,131072,11535,512,523,1
RunningMeanBuffer,calculation,131072,9716,512,523,1
RunningMeanSqBuffer,calculation,131072,3989,512,523,1
RunningMeanBuffer,extend/append,131072,20146,512,523,2
RunningMeanSqBuffer,extend/append,131072,6137,512,523,2
RunningMeanBuffer,calculation,131072,9665,512,523,2
RunningMeanSqBuffer,calculation,131072,3919,512,523,2
RunningMeanBuffer,extend/append,131072,13835,512,523,3
RunningMeanSqBuffer,extend/append,131072,4316,512,523,3
RunningMeanBuffer,calculation,131072,9749,512,523,3
RunningMeanSqBuffer,calculation,131072,3918,512,523,3
RunningMeanBuffer,extend/append,131072,10491,512,523,4
RunningMeanSqBuffer,extend/append,131072,3404,512,523,4
RunningMeanBuffer,calculation,131072,9616,512,523,4
RunningMeanSqBuffer,calculation,131072,3899,512,523,4
RunningMeanBuffer,extend/append,131072,7185,512,523,6
RunningMeanSqBuffer,extend/append,131072,2418,512,523,6
RunningMeanBuffer,calculation,131072,9659,512,523,6
RunningMeanSqBuffer,calculation,131072,3843,512,523,6
RunningMeanBuffer,extend/append,131072,5486,512,523,8
RunningMeanSqBuffer,extend/append,131072,1940,512,523,8
RunningMeanBuffer,calculation,131072,9585,512,523,8
RunningMeanSqBuffer,calculation,131072,3860,512,523,8
RunningMeanBuffer,extend/append,131072,3766,512,523,12
RunningMeanSqBuffer,extend/append,131072,1441,512,523,12
RunningMeanBuffer,calculation,131072,9694,512,523,12
RunningMeanSqBuffer,calculation,131072,3826,512,523,12
RunningMeanBuffer,extend/append,131072,3055,512,523,16
RunningMeanSqBuffer,extend/append,131072,1249,512,523,16
RunningMeanBuffer,calculation,131072,9566,512,523,16
RunningMeanSqBuffer,calculation,131072,3880,512,523,16
RunningMeanBuffer,extend/append,131072,2071,512,523,24
RunningMeanSqBuffer,extend/append,131072,1005,512,523,24
RunningMeanBuffer,calculation,131072,9659,512,523,24
RunningMeanSqBuffer,calculation,131072,3847,512,523,24
RunningMeanBuffer,extend/append,131072,1888,512,523,32
RunningMeanSqBuffer,extend/append,131072,930,512,523,32
RunningMeanBuffer,calculation,131072,9785,512,523,32
RunningMeanSqBuffer,calculation,131072,3865,512,523,32
RunningMeanBuffer,extend/append,131072,1377,512,523,48
RunningMeanSqBuffer,extend/append,131072,783,512,523,48
RunningMeanBuffer,calculation,131072,9692,512,523,48
RunningMeanSqBuffer,calculation,131072,3845,512,523,48
RunningMeanBuffer,extend/append,131072,1217,512,523,64
RunningMeanSqBuffer,extend/append,131072,720,512,523,64
RunningMeanBuffer,calculation,131072,9586,512,523,64
RunningMeanSqBuffer,calculation,131072,3875,512,523,64
RunningMeanBuffer,extend/append,262144,72396,512,523,1
RunningMeanSqBuffer,extend/append,262144,16500,512,523,1
RunningMeanBuffer,calculation,262144,9769,512,523,1
RunningMeanSqBuffer,calculation,262144,3978,512,523,1
RunningMeanBuffer,extend/append,262144,36522,512,523,2
RunningMeanSqBuffer,extend/append,262144,8611,512,523,2
RunningMeanBuffer,calculation,262144,9806,512,523,2
RunningMeanSqBuffer,calculation,262144,4020,512,523,2
RunningMeanBuffer,extend/append,262144,24445,512,523,3
RunningMeanSqBuffer,extend/append,262144,5987,512,523,3
RunningMeanBuffer,calculation,262144,9658,512,523,3
RunningMeanSqBuffer,calculation,262144,3799,512,523,3
RunningMeanBuffer,extend/append,262144,18109,512,523,4
RunningMeanSqBuffer,extend/append,262144,4501,512,523,4
RunningMeanBuffer,calculation,262144,9426,512,523,4
RunningMeanSqBuffer,calculation,262144,3811,512,523,4
RunningMeanBuffer,extend/append,262144,12309,512,523,6
RunningMeanSqBuffer,extend/append,262144,3206,512,523,6
RunningMeanBuffer,calculation,262144,9458,512,523,6
RunningMeanSqBuffer,calculation,262144,3818,512,523,6
RunningMeanBuffer,extend/append,262144,9211,512,523,8
RunningMeanSqBuffer,extend/append,262144,2503,512,523,8
RunningMeanBuffer,calculation,262144,9485,512,523,8
RunningMeanSqBuffer,calculation,262144,3824,512,523,8
RunningMeanBuffer,extend/append,262144,6298,512,523,12
RunningMeanSqBuffer,extend/append,262144,1818,512,523,12
RunningMeanBuffer,calculation,262144,9469,512,523,12
RunningMeanSqBuffer,calculation,262144,3791,512,523,12
RunningMeanBuffer,extend/append,262144,5026,512,523,16
RunningMeanSqBuffer,extend/append,262144,1532,512,523,16
RunningMeanBuffer,calculation,262144,9473,512,523,16
RunningMeanSqBuffer,calculation,262144,3775,512,523,16
RunningMeanBuffer,extend/append,262144,3256,512,523,24
RunningMeanSqBuffer,extend/append,262144,1152,512,523,24
RunningMeanBuffer,calculation,262144,9625,512,523,24
RunningMeanSqBuffer,calculation,262144,3809,512,523,24
RunningMeanBuffer,extend/append,262144,2941,512,523,32
RunningMeanSqBuffer,extend/append,262144,1077,512,523,32
RunningMeanBuffer,calculation,262144,9453,512,523,32
RunningMeanSqBuffer,calculation,262144,3879,512,523,32
RunningMeanBuffer,extend/append,262144,2094,512,523,48
RunningMeanSqBuffer,extend/append,262144,908,512,523,48
RunningMeanBuffer,calculation,262144,9748,512,523,48
RunningMeanSqBuffer,calculation,262144,3871,512,523,48
RunningMeanBuffer,extend/append,262144,1777,512,523,64
RunningMeanSqBuffer,extend/append,262144,860,512,523,64
RunningMeanBuffer,calculation,262144,9726,512,523,64
RunningMeanSqBuffer,calculation,262144,3898,512,523,64
RunningMeanBuffer,extend/append,524288,416333,512,523,1
RunningMeanSqBuffer,extend/append,524288,65752,512,523,1
RunningMeanBuffer,calculation,524288,10105,512,523,1
RunningMeanSqBuffer,calculation,524288,4169,512,523,1
RunningMeanBuffer,extend/append,524288,210309,512,523,2
RunningMeanSqBuffer,extend/append,524288,33414,512,523,2
RunningMeanBuffer,calculation,524288,10113,512,523,2
RunningMeanSqBuffer,calculation,524288,4053,512,523,2
RunningMeanBuffer,extend/append,524288,143321,512,523,3
RunningMeanSqBuffer,extend/append,524288,23087,512,523,3
RunningMeanBuffer,calculation,524288,9578,512,523,3
RunningMeanSqBuffer,calculation,524288,3860,512,523,3
RunningMeanBuffer,extend/append,524288,107379,512,523,4
RunningMeanSqBuffer,extend/append,524288,17549,512,523,4
RunningMeanBuffer,calculation,524288,9605,512,523,4
RunningMeanSqBuffer,calculation,524288,3957,512,523,4
RunningMeanBuffer,extend/append,524288,71398,512,523,6
RunningMeanSqBuffer,extend/append,524288,11817,512,523,6
RunningMeanBuffer,calculation,524288,9553,512,523,6
RunningMeanSqBuffer,calculation,524288,3908,512,523,6
RunningMeanBuffer,extend/append,524288,52888,512,523,8
RunningMeanSqBuffer,extend/append,524288,8880,512,523,8
RunningMeanBuffer,calculation,524288,10202,512,523,8
RunningMeanSqBuffer,calculation,524288,4035,512,523,8
RunningMeanBuffer,extend/append,524288,34736,512,523,12
RunningMeanSqBuffer,extend/append,524288,5988,512,523,12
RunningMeanBuffer,calculation,524288,10039,512,523,12
RunningMeanSqBuffer,calculation,524288,4059,512,523,12
RunningMeanBuffer,extend/append,524288,27475,512,523,16
RunningMeanSqBuffer,extend/append,524288,4898,512,523,16
RunningMeanBuffer,calculation,524288,10139,512,523,16
RunningMeanSqBuffer,calculation,524288,4004,512,523,16
RunningMeanBuffer,extend/append,524288,16638,512,523,24
RunningMeanSqBuffer,extend/append,524288,3237,512,523,24
RunningMeanBuffer,calculation,524288,10155,512,523,24
RunningMeanSqBuffer,calculation,524288,4013,512,523,24
RunningMeanBuffer,extend/append,524288,15163,512,523,32
RunningMeanSqBuffer,extend/append,524288,2984,512,523,32
RunningMeanBuffer,calculation,524288,10117,512,523,32
RunningMeanSqBuffer,calculation,524288,4043,512,523,32
RunningMeanBuffer,extend/append,524288,9602,512,523,48
RunningMeanSqBuffer,extend/append,524288,2118,512,523,48
RunningMeanBuffer,calculation,524288,10176,512,523,48
RunningMeanSqBuffer,calculation,524288,3995,512,523,48
RunningMeanBuffer,extend/append,524288,7960,512,523,64
RunningMeanSqBuffer,extend/append,524288,1820,512,523,64
RunningMeanBuffer,calculation,524288,10030,512,523,64
RunningMeanSqBuffer,calculation,524288,4016,512,523,64
RunningMeanBuffer,extend/append,1048576,814924,512,523,1
RunningMeanSqBuffer,extend/append,1048576,127015,512,523,1
RunningMeanBuffer,calculation,1048576,9967,512,523,1
RunningMeanSqBuffer,calculation,1048576,3977,512,523,1
RunningMeanBuffer,extend/append,1048576,406089,512,523,2
RunningMeanSqBuffer,extend/append,1048576,63845,512,523,2
RunningMeanBuffer,calculation,1048576,10530,512,523,2
RunningMeanSqBuffer,calculation,1048576,4182,512,523,2
RunningMeanBuffer,extend/append,1048576,273520,512,523,3
RunningMeanSqBuffer,extend/append,1048576,43128,512,523,3
RunningMeanBuffer,calculation,1048576,10368,512,523,3
RunningMeanSqBuffer,calculation,1048576,4157,512,523,3
RunningMeanBuffer,extend/append,1048576,202301,512,523,4
RunningMeanSqBuffer,extend/append,1048576,32478,512,523,4
RunningMeanBuffer,calculation,1048576,10289,512,523,4
RunningMeanSqBuffer,calculation,1048576,4070,512,523,4
RunningMeanBuffer,extend/append,1048576,135651,512,523,6
RunningMeanSqBuffer,extend/append,1048576,21755,512,523,6
RunningMeanBuffer,calculation,1048576,10139,512,523,6
RunningMeanSqBuffer,calculation,1048576,4071,512,523,6
RunningMeanBuffer,extend/append,1048576,98698,512,523,8
RunningMeanSqBuffer,extend/append,1048576,16423,512,523,8
RunningMeanBuffer,calculation,1048576,10340,512,523,8
RunningMeanSqBuffer,calculation,1048576,4150,512,523,8
RunningMeanBuffer,extend/append,1048576,66456,512,523,12
RunningMeanSqBuffer,extend/append,1048576,10921,512,523,12
RunningMeanBuffer,calculation,1048576,10228,512,523,12
RunningMeanSqBuffer,calculation,1048576,4040,512,523,12
RunningMeanBuffer,extend/append,1048576,52226,512,523,16
RunningMeanSqBuffer,extend/append,1048576,8792,512,523,16
RunningMeanBuffer,calculation,1048576,10273,512,523,16
RunningMeanSqBuffer,calculation,1048576,4082,512,523,16
RunningMeanBuffer,extend/append,1048576,30471,512,523,24
RunningMeanSqBuffer,extend/append,1048576,5536,512,523,24
RunningMeanBuffer,calculation,1048576,10271,512,523,24
RunningMeanSqBuffer,calculation,1048576,4084,512,523,24
RunningMeanBuffer,extend/append,1048576,28253,512,523,32
RunningMeanSqBuffer,extend/append,1048576,5121,512,523,32
RunningMeanBuffer,calculation,1048576,10388,512,523,32
RunningMeanSqBuffer,calculation,1048576,3968,512,523,32
RunningMeanBuffer,extend/append,1048576,18623,512,523,48
RunningMeanSqBuffer,extend/append,1048576,3455,512,523,48
RunningMeanBuffer,calculation,1048576,9682,512,523,48
RunningMeanSqBuffer,calculation,1048576,3892,512,523,48
RunningMeanBuffer,extend/append,1048576,14227,512,523,64
RunningMeanSqBuffer,extend/append,1048576,2889,512,523,64
RunningMeanBuffer,calculation,1048576,9648,512,523,64
RunningMeanSqBuffer,calculation,1048576,3873,512,523,64
RunningMeanBuffer,extend/append,2097152,1645709,512,523,1
RunningMeanSqBuffer,extend/append,2097152,249391,512,523,1
RunningMeanBuffer,calculation,2097152,10673,512,523,1
RunningMeanSqBuffer,calculation,2097152,4263,512,523,1
RunningMeanBuffer,extend/append,2097152,808379,512,523,2
RunningMeanSqBuffer,extend/append,2097152,127458,512,523,2
RunningMeanBuffer,calculation,2097152,10614,512,523,2
RunningMeanSqBuffer,calculation,2097152,4244,512,523,2
RunningMeanBuffer,extend/append,2097152,542775,512,523,3
RunningMeanSqBuffer,extend/append,2097152,84379,512,523,3
RunningMeanBuffer,calculation,2097152,10623,512,523,3
RunningMeanSqBuffer,calculation,2097152,4189,512,523,3
RunningMeanBuffer,extend/append,2097152,404826,512,523,4
RunningMeanSqBuffer,extend/append,2097152,63144,512,523,4
RunningMeanBuffer,calculation,2097152,10531,512,523,4
RunningMeanSqBuffer,calculation,2097152,4104,512,523,4
RunningMeanBuffer,extend/append,2097152,269655,512,523,6
RunningMeanSqBuffer,extend/append,2097152,42261,512,523,6
RunningMeanBuffer,calculation,2097152,10394,512,523,6
RunningMeanSqBuffer,calculation,2097152,4184,512,523,6
RunningMeanBuffer,extend/append,2097152,198750,512,523,8
RunningMeanSqBuffer,extend/append,2097152,31677,512,523,8
RunningMeanBuffer,calculation,2097152,9905,512,523,8
RunningMeanSqBuffer,calculation,2097152,4147,512,523,8
RunningMeanBuffer,extend/append,2097152,131141,512,523,12
RunningMeanSqBuffer,extend/append,2097152,20845,512,523,12
RunningMeanBuffer,calculation,2097152,10455,512,523,12
RunningMeanSqBuffer,calculation,2097152,4156,512,523,12
RunningMeanBuffer,extend/append,2097152,102963,512,523,16
RunningMeanSqBuffer,extend/append,2097152,17060,512,523,16
RunningMeanBuffer,calculation,2097152,9886,512,523,16
RunningMeanSqBuffer,calculation,2097152,3997,512,523,16
RunningMeanBuffer,extend/append,2097152,61337,512,523,24
RunningMeanSqBuffer,extend/append,2097152,10257,512,523,24
RunningMeanBuffer,calculation,2097152,10486,512,523,24
RunningMeanSqBuffer,calculation,2097152,4200,512,523,24
RunningMeanBuffer,extend/append,2097152,55695,512,523,32
RunningMeanSqBuffer,extend/append,2097152,9309,512,523,32
RunningMeanBuffer,calculation,2097152,10453,512,523,32
RunningMeanSqBuffer,calculation,2097152,4147,512,523,32
RunningMeanBuffer,extend/append,2097152,35209,512,523,48
RunningMeanSqBuffer,extend/append,2097152,6026,512,523,48
RunningMeanBuffer,calculation,2097152,10531,512,523,48
RunningMeanSqBuffer,calculation,2097152,4053,512,523,48
RunningMeanBuffer,extend/append,2097152,27663,512,523,64
RunningMeanSqBuffer,extend/append,2097152,5019,512,523,64
RunningMeanBuffer,calculation,2097152,10434,512,523,64
RunningMeanSqBuffer,calculation,2097152,4154,512,523,64
RunningMeanBuffer,extend/append,4194304,3175287,512,523,1
RunningMeanSqBuffer,extend/append,4194304,501779,512,523,1
RunningMeanBuffer,calculation,4194304,10824,512,523,1
RunningMeanSqBuffer,calculation,4194304,4447,512,523,1
RunningMeanBuffer,extend/append,4194304,1598551,512,523,2
RunningMeanSqBuffer,extend/append,4194304,251511,512,523,2
RunningMeanBuffer,calculation,4194304,10845,512,523,2
RunningMeanSqBuffer,calculation,4194304,4166,512,523,2
RunningMeanBuffer,extend/append,4194304,1073661,512,523,3
RunningMeanSqBuffer,extend/append,4194304,170096,512,523,3
RunningMeanBuffer,calculation,4194304,10538,512,523,3
RunningMeanSqBuffer,calculation,4194304,4118,512,523,3
RunningMeanBuffer,extend/append,4194304,801617,512,523,4
RunningMeanSqBuffer,extend/append,4194304,127284,512,523,4
RunningMeanBuffer,calculation,4194304,11042,512,523,4
RunningMeanSqBuffer,calculation,4194304,4382,512,523,4
RunningMeanBuffer,extend/append,4194304,524332,512,523,6
RunningMeanSqBuffer,extend/append,4194304,86058,512,523,6
RunningMeanBuffer,calculation,4194304,10971,512,523,6
RunningMeanSqBuffer,calculation,4194304,4214,512,523,6
RunningMeanBuffer,extend/append,4194304,399715,512,523,8
RunningMeanSqBuffer,extend/append,4194304,63787,512,523,8
RunningMeanBuffer,calculation,4194304,10957,512,523,8
RunningMeanSqBuffer,calculation,4194304,4265,512,523,8
RunningMeanBuffer,extend/append,4194304,256343,512,523,12
RunningMeanSqBuffer,extend/append,4194304,41649,512,523,12
RunningMeanBuffer,calculation,4194304,10997,512,523,12
RunningMeanSqBuffer,calculation,4194304,4341,512,523,12
RunningMeanBuffer,extend/append,4194304,202388,512,523,16
RunningMeanSqBuffer,extend/append,4194304,33085,512,523,16
RunningMeanBuffer,calculation,4194304,10740,512,523,16
RunningMeanSqBuffer,calculation,4194304,4350,512,523,16
RunningMeanBuffer,extend/append,4194304,122347,512,523,24
RunningMeanSqBuffer,extend/append,4194304,20058,512,523,24
RunningMeanBuffer,calculation,4194304,11013,512,523,24
RunningMeanSqBuffer,calculation,4194304,4322,512,523,24
RunningMeanBuffer,extend/append,4194304,109451,512,523,32
RunningMeanSqBuffer,extend/append,4194304,18324,512,523,32
RunningMeanBuffer,calculation,4194304,10789,512,523,32
RunningMeanSqBuffer,calculation,4194304,4361,512,523,32
RunningMeanBuffer,extend/append,4194304,67794,512,523,48
RunningMeanSqBuffer,extend/append,4194304,11551,512,523,48
RunningMeanBuffer,calculation,4194304,10898,512,523,48
RunningMeanSqBuffer,calculation,4194304,4098,512,523,48
RunningMeanBuffer,extend/append,4194304,55822,512,523,64
RunningMeanSqBuffer,extend/append,4194304,9361,512,523,64
RunningMeanBuffer,calculation,4194304,10845,512,523,64
RunningMeanSqBuffer,calculation,4194304,4196,512,523,64
RunningMeanBuffer,extend/append,8388608,6364981,512,523,1
RunningMeanSqBuffer,extend/append,8388608,1008748,512,523,1
RunningMeanBuffer,calculation,8388608,12615,512,523,1
RunningMeanSqBuffer,calculation,8388608,4671,512,523,1
RunningMeanBuffer,extend/append,8388608,3168639,512,523,2
RunningMeanSqBuffer,extend/append,8388608,512583,512,523,2
RunningMeanBuffer,calculation,8388608,12095,512,523,2
RunningMeanSqBuffer,calculation,8388608,4542,512,523,2
RunningMeanBuffer,extend/append,8388608,2130405,512,523,3
RunningMeanSqBuffer,extend/append,8388608,342805,512,523,3
RunningMeanBuffer,calculation,8388608,12249,512,523,3
RunningMeanSqBuffer,calculation,8388608,4525,512,523,3
RunningMeanBuffer,extend/append,8388608,1587687,512,523,4
RunningMeanSqBuffer,extend/append,8388608,255175,512,523,4
RunningMeanBuffer,calculation,8388608,12298,512,523,4
RunningMeanSqBuffer,calculation,8388608,4520,512,523,4
RunningMeanBuffer,extend/append,8388608,1056230,512,523,6
RunningMeanSqBuffer,extend/append,8388608,171786,512,523,6
RunningMeanBuffer,calculation,8388608,12047,512,523,6
RunningMeanSqBuffer,calculation,8388608,4436,512,523,6
RunningMeanBuffer,extend/append,8388608,782402,512,523,8
RunningMeanSqBuffer,extend/append,8388608,126672,512,523,8
RunningMeanBuffer,calculation,8388608,12236,512,523,8
RunningMeanSqBuffer,calculation,8388608,4513,512,523,8
RunningMeanBuffer,extend/append,8388608,514426,512,523,12
RunningMeanSqBuffer,extend/append,8388608,82852,512,523,12
RunningMeanBuffer,calculation,8388608,12252,512,523,12
RunningMeanSqBuffer,calculation,8388608,4298,512,523,12
RunningMeanBuffer,extend/append,8388608,408673,512,523,16
RunningMeanSqBuffer,extend/append,8388608,66626,512,523,16
RunningMeanBuffer,calculation,8388608,12230,512,523,16
RunningMeanSqBuffer,calculation,8388608,4526,512,523,16
RunningMeanBuffer,extend/append,8388608,244196,512,523,24
RunningMeanSqBuffer,extend/append,8388608,39681,512,523,24
RunningMeanBuffer,calculation,8388608,12248,512,523,24
RunningMeanSqBuffer,calculation,8388608,4416,512,523,24
RunningMeanBuffer,extend/append,8388608,215183,512,523,32
RunningMeanSqBuffer,extend/append,8388608,35619,512,523,32
RunningMeanBuffer,calculation,8388608,12016,512,523,32
RunningMeanSqBuffer,calculation,8388608,4457,512,523,32
RunningMeanBuffer,extend/append,8388608,136256,512,523,48
RunningMeanSqBuffer,extend/append,8388608,22367,512,523,48
RunningMeanBuffer,calculation,8388608,11777,512,523,48
RunningMeanSqBuffer,calculation,8388608,4411,512,523,48
RunningMeanBuffer,extend/append,8388608,108936,512,523,64
RunningMeanSqBuffer,extend/append,8388608,18070,512,523,64
RunningMeanBuffer,calculation,8388608,11422,512,523,64
RunningMeanSqBuffer,calculation,8388608,4508,512,523,64
RunningMeanBuffer,extend/append,1024,4287,1024,523,1
RunningMeanSqBuffer,extend/append,1024,2102,1024,523,1
RunningMeanBuffer,calculation,1024,4614,1024,523,1
RunningMeanSqBuffer,calculation,1024,2541,1024,523,1
RunningMeanBuffer,extend/append,1024,2469,1024,523,2
RunningMeanSqBuffer,extend/append,1024,1356,1024,523,2
RunningMeanBuffer,calculation,1024,4688,1024,523,2
RunningMeanSqBuffer,calculation,1024,2452,1024,523,2
RunningMeanBuffer,extend/append,1024,1869,1024,523,3
RunningMeanSqBuffer,extend/append,1024,1121,1024,523,3
RunningMeanBuffer,calculation,1024,4549,1024,523,3
RunningMeanSqBuffer,calculation,1024,2505,1024,523,3
RunningMeanBuffer,extend/append,1024,1546,1024,523,4
RunningMeanSqBuffer,extend/append,1024,1011,1024,523,4
RunningMeanBuffer,calculation,1024,4574,1024,523,4
RunningMeanSqBuffer,calculation,1024,2447,1024,523,4
RunningMeanBuffer,extend/append,1024,1226,1024,523,6
RunningMeanSqBuffer,extend/append,1024,835,1024,523,6
RunningMeanBuffer,calculation,1024,4533,1024,523,6
RunningMeanSqBuffer,calculation,1024,2478,1024,523,6
RunningMeanBuffer,extend/append,1024,1047,1024,523,8
RunningMeanSqBuffer,extend/append,1024,771,1024,523,8
RunningMeanBuffer,calculation,1024,4621,1024,523,8
RunningMeanSqBuffer,calculation,1024,2455,1024,523,8
RunningMeanBuffer,extend/append,1024,901,1024,523,12
RunningMeanSqBuffer,extend/append,1024,690,1024,523,12
RunningMeanBuffer,calculation,1024,4494,1024,523,12
RunningMeanSqBuffer,calculation,1024,2461,1024,523,12
RunningMeanBuffer,extend/append,1024,828,1024,523,16
RunningMeanSqBuffer,extend/append,1024,657,1024,523,16
RunningMeanBuffer,calculation,1024,4540,1024,523,16
RunningMeanSqBuffer,calculation,1024,2447,1024,523,16
RunningMeanBuffer,extend/append,1024,682,1024,523,24
RunningMeanSqBuffer,extend/append,1024,601,1024,523,24
RunningMeanBuffer,calculation,1024,4566,1024,523,24
RunningMeanSqBuffer,calculation,1024,2440,1024,523,24
RunningMeanBuffer,extend/append,1024,697,1024,523,32
RunningMeanSqBuffer,extend/append,1024,607,1024,523,32
RunningMeanBuffer,calculation,1024,4493,1024,523,32
RunningMeanSqBuffer,calculation,1024,2458,1024,523,32
RunningMeanBuffer,extend/append,1024,623,1024,523,48
RunningMeanSqBuffer,extend/append,1024,586,1024,523,48
RunningMeanBuffer,calculation,1024,4589,1024,523,48
RunningMeanSqBuffer,calculation,1024,2425,1024,523,48
RunningMeanBuffer,extend/append,1024,619,1024,523,64
RunningMeanSqBuffer,extend/append,1024,564,1024,523,64
RunningMeanBuffer,calculation,1024,4477,1024,523,64
RunningMeanSqBuffer,calculation,1024,2445,1024,523,64
RunningMeanBuffer,extend/append,2048,5929,1024,523,1
RunningMeanSqBuffer,extend/append,2048,2770,1024,523,1
RunningMeanBuffer,calculation,2048,9778,1024,523,1
RunningMeanSqBuffer,calculation,2048,4789,1024,523,1
RunningMeanBuffer,extend/append,2048,3334,1024,523,2
RunningMeanSqBuffer,extend/append,2048,1713,1024,523,2
RunningMeanBuffer,calculation,2048,9646,1024,523,2
RunningMeanSqBuffer,calculation,2048,3908,1024,523,2
RunningMeanBuffer,extend/append,2048,2444,1024,523,3
RunningMeanSqBuffer,extend/append,2048,1345,1024,523,3
RunningMeanBuffer,calculation,2048,9782,1024,523,3
RunningMeanSqBuffer,calculation,2048,3910,1024,523,3
RunningMeanBuffer,extend/append,2048,1981,1024,523,4
RunningMeanSqBuffer,extend/append,2048,1164,1024,523,4
RunningMeanBuffer,calculation,2048,9697,1024,523,4
RunningMeanSqBuffer,calculation,2048,3927,1024,523,4
RunningMeanBuffer,extend/append,2048,1533,1024,523,6
RunningMeanSqBuffer,extend/append,2048,960,1024,523,6
RunningMeanBuffer,calculation,2048,9686,1024,523,6
RunningMeanSqBuffer,calculation,2048,3931,1024,523,6
RunningMeanBuffer,extend/append,2048,1255,1024,523,8
RunningMeanSqBuffer,extend/append,2048,844,1024,523,8
RunningMeanBuffer,calculation,2048,9730,1024,523,8
RunningMeanSqBuffer,calculation,2048,3878,1024,523,8
RunningMeanBuffer,extend/append,2048,1013,1024,523,12
RunningMeanSqBuffer,extend/append,2048,748,1024,523,12
RunningMeanBuffer,calculation,2048,9620,1024,523,12
RunningMeanSqBuffer,calculation,2048,3890,1024,523,12
RunningMeanBuffer,extend/append,2048,959,1024,523,16
RunningMeanSqBuffer,extend/append,2048,704,1024,523,16
RunningMeanBuffer,calculation,2048,9731,1024,523,16
RunningMeanSqBuffer,calculation,2048,3893,1024,523,16
RunningMeanBuffer,extend/append,2048,765,1024,523,24
RunningMeanSqBuffer,extend/append,2048,647,1024,523,24
RunningMeanBuffer,calculation,2048,9651,1024,523,24
RunningMeanSqBuffer,calculation,2048,3825,1024,523,24
RunningMeanBuffer,extend/append,2048,749,1024,523,32
RunningMeanSqBuffer,extend/append,2048,653,1024,523,32
RunningMeanBuffer,calculation,2048,9676,1024,523,32
RunningMeanSqBuffer,calculation,2048,3840,1024,523,32
RunningMeanBuffer,extend/append,2048,671,1024,523,48
RunningMeanSqBuffer,extend/append,2048,599,1024,523,48
RunningMeanBuffer,calculation,2048,9653,1024,523,48
RunningMeanSqBuffer,calculation,2048,3851,1024,523,48
RunningMeanBuffer,extend/append,2048,638,1024,523,64
RunningMeanSqBuffer,extend/append,2048,601,1024,523,64
RunningMeanBuffer,calculation,2048,9592,1024,523,64
RunningMeanSqBuffer,calculation,2048,3835,1024,523,64
RunningMeanBuffer,extend/append,4096,7989,1024,523,1
RunningMeanSqBuffer,extend/append,4096,3324,1024,523,1
RunningMeanBuffer,calculation,4096,9838,1024,523,1
RunningMeanSqBuffer,calculation,4096,4000,1024,523,1
RunningMeanBuffer,extend/append,4096,4291,1024,523,2
RunningMeanSqBuffer,extend/append,4096,1996,1024,523,2
RunningMeanBuffer,calculation,4096,9681,1024,523,2
RunningMeanSqBuffer,calculation,4096,3968,1024,523,2
RunningMeanBuffer,extend/append,4096,3112,1024,523,3
RunningMeanSqBuffer,extend/append,4096,1552,1024,523,3
RunningMeanBuffer,calculation,4096,9677,1024,523,3
RunningMeanSqBuffer,calculation,4096,3921,1024,523,3
RunningMeanBuffer,extend/append,4096,2509,1024,523,4
RunningMeanSqBuffer,extend/append,4096,1290,1024,523,4
RunningMeanBuffer,calculation,4096,9668,1024,523,4
RunningMeanSqBuffer,calculation,4096,3882,1024,523,4
RunningMeanBuffer,extend/append,4096,1860,1024,523,6
RunningMeanSqBuffer,extend/append,4096,1045,1024,523,6
RunningMeanBuffer,calculation,4096,9770,1024,523,6
RunningMeanSqBuffer,calculation,4096,3922,1024,523,6
RunningMeanBuffer,extend/append,4096,1558,1024,523,8
RunningMeanSqBuffer,extend/append,4096,931,1024,523,8
RunningMeanBuffer,calculation,4096,9646,1024,523,8
RunningMeanSqBuffer,calculation,4096,3894,1024,523,8
RunningMeanBuffer,extend/append,4096,1208,1024,523,12
RunningMeanSqBuffer,extend/append,4096,783,1024,523,12
RunningMeanBuffer,calculation,4096,9587,1024,523,12
RunningMeanSqBuffer,calculation,4096,3853,1024,523,12
RunningMeanBuffer,extend/append,4096,1045,1024,523,16
RunningMeanSqBuffer,extend/append,4096,743,1024,523,16
RunningMeanBuffer,calculation,4096,9559,1024,523,16
RunningMeanSqBuffer,calculation,4096,3857,1024,523,16
RunningMeanBuffer,extend/append,4096,870,1024,523,24
RunningMeanSqBuffer,extend/append,4096,664,1024,523,24
RunningMeanBuffer,calculation,4096,9636,1024,523,24
RunningMeanSqBuffer,calculation,4096,3863,1024,523,24
RunningMeanBuffer,extend/append,4096,819,1024,523,32
RunningMeanSqBuffer,extend/append,4096,667,1024,523,32
RunningMeanBuffer,calculation,4096,9587,1024,523,32
RunningMeanSqBuffer,calculation,4096,3876,1024,523,32
RunningMeanBuffer,extend/append,4096,700,1024,523,48
RunningMeanSqBuffer,extend/append,4096,616,1024,523,48
RunningMeanBuffer,calculation,4096,9595,1024,523,48
RunningMeanSqBuffer,calculation,4096,3882,1024,523,48
RunningMeanBuffer,extend/append,4096,689,1024,523,64
RunningMeanSqBuffer,extend/append,4096,597,1024,523,64
RunningMeanBuffer,calculation,4096,9699,1024,523,64
RunningMeanSqBuffer,calculation,4096,3867,1024,523,64
RunningMeanBuffer,extend/append,8192,8654,1024,523,1
RunningMeanSqBuffer,extend/append,8192,3597,1024,523,1
RunningMeanBuffer,calculation,8192,9782,1024,523,1
RunningMeanSqBuffer,calculation,8192,3952,1024,523,1
RunningMeanBuffer,extend/append,8192,4773,1024,523,2
RunningMeanSqBuffer,extend/append,8192,2130,1024,523,2
RunningMeanBuffer,calculation,8192,9694,1024,523,2
RunningMeanSqBuffer,calculation,8192,3995,1024,523,2
RunningMeanBuffer,extend/append,8192,3437,1024,523,3
RunningMeanSqBuffer,extend/append,8192,1644,1024,523,3
RunningMeanBuffer,calculation,8192,9829,1024,523,3
RunningMeanSqBuffer,calculation,8192,3885,1024,523,3
RunningMeanBuffer,extend/append,8192,2683,1024,523,4
RunningMeanSqBuffer,extend/append,8192,1391,1024,523,4
RunningMeanBuffer,calculation,8192,9708,1024,523,4
RunningMeanSqBuffer,calculation,8192,3902,1024,523,4
RunningMeanBuffer,extend/append,8192,1982,1024,523,6
RunningMeanSqBuffer,extend/append,8192,1093,1024,523,6
RunningMeanBuffer,calculation,8192,9575,1024,523,6
RunningMeanSqBuffer,calculation,8192,3926,1024,523,6
RunningMeanBuffer,extend/append,8192,1611,1024,523,8
RunningMeanSqBuffer,extend/append,8192,964,1024,523,8
RunningMeanBuffer,calculation,8192,9640,1024,523,8
RunningMeanSqBuffer,calculation,8192,3932,1024,523,8
RunningMeanBuffer,extend/append,8192,1245,1024,523,12
RunningMeanSqBuffer,extend/append,8192,820,1024,523,12
RunningMeanBuffer,calculation,8192,9570,1024,523,12
RunningMeanSqBuffer,calculation,8192,3878,1024,523,12
RunningMeanBuffer,extend/append,8192,1101,1024,523,16
RunningMeanSqBuffer,extend/append,8192,776,1024,523,16
RunningMeanBuffer,calculation,8192,9698,1024,523,16
RunningMeanSqBuffer,calculation,8192,3895,1024,523,16
RunningMeanBuffer,extend/append,8192,859,1024,523,24
RunningMeanSqBuffer,extend/append,8192,675,1024,523,24
RunningMeanBuffer,calculation,8192,9728,1024,523,24
RunningMeanSqBuffer,calculation,8192,3863,1024,523,24
RunningMeanBuffer,extend/append,8192,849,1024,523,32
RunningMeanSqBuffer,extend/append,8192,661,1024,523,32
RunningMeanBuffer,calculation,8192,9611,1024,523,32
RunningMeanSqBuffer,calculation,8192,3875,1024,523,32
RunningMeanBuffer,extend/append,8192,754,1024,523,48
RunningMeanSqBuffer,extend/append,8192,631,1024,523,48
RunningMeanBuffer,calculation,8192,9608,1024,523,48
RunningMeanSqBuffer,calculation,8192,3855,1024,523,48
RunningMeanBuffer,extend/append,8192,693,1024,523,64
RunningMeanSqBuffer,extend/append,8192,608,1024,523,64
RunningMeanBuffer,calculation,8192,9529,1024,523,64
RunningMeanSqBuffer,calculation,8192,3834,1024,523,64
RunningMeanBuffer,extend/append,16384,10849,1024,523,1
RunningMeanSqBuffer,extend/append,16384,4016,1024,523,1
RunningMeanBuffer,calculation,16384,9768,1024,523,1
RunningMeanSqBuffer,calculation,16384,3986,1024,523,1
RunningMeanBuffer,extend/append,16384,5813,1024,523,2
RunningMeanSqBuffer,extend/append,16384,2339,1024,523,2
RunningMeanBuffer,calculation,16384,9697,1024,523,2
RunningMeanSqBuffer,calculation,16384,3944,1024,523,2
RunningMeanBuffer,extend/append,16384,4120,1024,523,3
RunningMeanSqBuffer,extend/append,16384,1780,1024,523,3
RunningMeanBuffer,calculation,16384,9989,1024,523,3
RunningMeanSqBuffer,calculation,16384,3949,1024,523,3
RunningMeanBuffer,extend/append,16384,3200,1024,523,4
RunningMeanSqBuffer,extend/append,16384,1495,1024,523,4
RunningMeanBuffer,calculation,16384,9725,1024,523,4
RunningMeanSqBuffer,calculation,16384,3933,1024,523,4
RunningMeanBuffer,extend/append,16384,2352,1024,523,6
RunningMeanSqBuffer,extend/append,16384,1163,1024,523,6
RunningMeanBuffer,calculation,16384,9775,1024,523,6
RunningMeanSqBuffer,calculation,16384,3984,1024,523,6
RunningMeanBuffer,extend/append,16384,1899,1024,523,8
RunningMeanSqBuffer,extend/append,16384,1050,1024,523,8
RunningMeanBuffer,calculation,16384,9739,1024,523,8
RunningMeanSqBuffer,calculation,16384,3917,1024,523,8
RunningMeanBuffer,extend/append,16384,1474,1024,523,12
RunningMeanSqBuffer,extend/append,16384,870,1024,523,12
RunningMeanBuffer,calculation,16384,9762,1024,523,12
RunningMeanSqBuffer,calculation,16384,3914,1024,523,12
RunningMeanBuffer,extend/append,16384,1256,1024,523,16
RunningMeanSqBuffer,extend/append,16384,791,1024,523,16
RunningMeanBuffer,calculation,16384,9856,1024,523,16
RunningMeanSqBuffer,calculation,16384,3928,1024,523,16
RunningMeanBuffer,extend/append,16384,964,1024,523,24
RunningMeanSqBuffer,extend/append,16384,720,1024,523,24
RunningMeanBuffer,calculation,16384,9689,1024,523,24
RunningMeanSqBuffer,calculation,16384,3893,1024,523,24
RunningMeanBuffer,extend/append,16384,961,1024,523,32
RunningMeanSqBuffer,extend/append,16384,702,1024,523,32
RunningMeanBuffer,calculation,16384,9680,1024,523,32
RunningMeanSqBuffer,calculation,16384,3868,1024,523,32
RunningMeanBuffer,extend/append,16384,797,1024,523,48
RunningMeanSqBuffer,extend/append,16384,640,1024,523,48
RunningMeanBuffer,calculation,16384,9692,1024,523,48
RunningMeanSqBuffer,calculation,16384,3904,1024,523,48
RunningMeanBuffer,extend/append,16384,768,1024,523,64
RunningMeanSqBuffer,extend/append,16384,635,1024,523,64
RunningMeanBuffer,calculation,16384,9710,1024,523,64
RunningMeanSqBuffer,calculation,16384,3914,1024,523,64
RunningMeanBuffer,extend/append,32768,15325,1024,523,1
RunningMeanSqBuffer,extend/append,32768,5329,1024,523,1
RunningMeanBuffer,calculation,32768,9849,1024,523,1
RunningMeanSqBuffer,calculation,32768,4008,1024,523,1
RunningMeanBuffer,extend/append,32768,7978,1024,523,2
RunningMeanSqBuffer,extend/append,32768,2999,1024,523,2
RunningMeanBuffer,calculation,32768,9822,1024,523,2
RunningMeanSqBuffer,calculation,32768,4010,1024,523,2
RunningMeanBuffer,extend/append,32768,5642,1024,523,3
RunningMeanSqBuffer,extend/append,32768,2235,1024,523,3
RunningMeanBuffer,calculation,32768,9719,1024,523,3
RunningMeanSqBuffer,calculation,32768,3924,1024,523,3
RunningMeanBuffer,extend/append,32768,4341,1024,523,4
RunningMeanSqBuffer,extend/append,32768,1812,1024,523,4
RunningMeanBuffer,calculation,32768,9887,1024,523,4
RunningMeanSqBuffer,calculation,32768,3946,1024,523,4
RunningMeanBuffer,extend/append,32768,3057,1024,523,6
RunningMeanSqBuffer,extend/append,32768,1404,1024,523,6
RunningMeanBuffer,calculation,32768,9891,1024,523,6
RunningMeanSqBuffer,calculation,32768,3936,1024,523,6
RunningMeanBuffer,extend/append,32768,2463,1024,523,8
RunningMeanSqBuffer,extend/append,32768,1215,1024,523,8
RunningMeanBuffer,calculation,32768,9789,1024,523,8
RunningMeanSqBuffer,calculation,32768,3914,1024,523,8
RunningMeanBuffer,extend/append,32768,1832,1024,523,12
RunningMeanSqBuffer,extend/append,32768,979,1024,523,12
RunningMeanBuffer,calculation,32768,9687,1024,523,12
RunningMeanSqBuffer,calculation,32768,3908,1024,523,12
RunningMeanBuffer,extend/append,32768,1573,1024,523,16
RunningMeanSqBuffer,extend/append,32768,890,1024,523,16
RunningMeanBuffer,calculation,32768,9754,1024,523,16
RunningMeanSqBuffer,calculation,32768,3959,1024,523,16
RunningMeanBuffer,extend/append,32768,1127,1024,523,24
RunningMeanSqBuffer,extend/append,32768,756,1024,523,24
RunningMeanBuffer,calculation,32768,9697,1024,523,24
RunningMeanSqBuffer,calculation,32768,3937,1024,523,24
RunningMeanBuffer,extend/append,32768,1094,1024,523,32
RunningMeanSqBuffer,extend/append,32768,740,1024,523,32
RunningMeanBuffer,calculation,32768,9751,1024,523,32
RunningMeanSqBuffer,calculation,32768,3958,1024,523,32
RunningMeanBuffer,extend/append,32768,897,1024,523,48
RunningMeanSqBuffer,extend/append,32768,684,1024,523,48
RunningMeanBuffer,calculation,32768,9839,1024,523,48
RunningMeanSqBuffer,calculation,32768,3901,1024,523,48
RunningMeanBuffer,extend/append,32768,815,1024,523,64
RunningMeanSqBuffer,extend/append,32768,654,1024,523,64
RunningMeanBuffer,calculation,32768,9742,1024,523,64
RunningMeanSqBuffer,calculation,32768,3902,1024,523,64
RunningMeanBuffer,extend/append,65536,23559,1024,523,1
RunningMeanSqBuffer,extend/append,65536,7541,1024,523,1
RunningMeanBuffer,calculation,65536,9897,1024,523,1
RunningMeanSqBuffer,calculation,65536,4051,1024,523,1
RunningMeanBuffer,extend/append,65536,12327,1024,523,2
RunningMeanSqBuffer,extend/append,65536,3667,1024,523,2
RunningMeanBuffer,calculation,65536,9856,1024,523,2
RunningMeanSqBuffer,calculation,65536,4048,1024,523,2
RunningMeanBuffer,extend/append,65536,8555,1024,523,3
RunningMeanSqBuffer,extend/append,65536,2664,1024,523,3
RunningMeanBuffer,calculation,65536,9935,1024,523,3
RunningMeanSqBuffer,calculation,65536,3992,1024,523,3
RunningMeanBuffer,extend/append,65536,6553,1024,523,4
RunningMeanSqBuffer,extend/append,65536,2129,1024,523,4
RunningMeanBuffer,calculation,65536,9974,1024,523,4
RunningMeanSqBuffer,calculation,65536,4037,1024,523,4
RunningMeanBuffer,extend/append,65536,4510,1024,523,6
RunningMeanSqBuffer,extend/append,65536,1675,1024,523,6
RunningMeanBuffer,calculation,65536,9867,1024,523,6
RunningMeanSqBuffer,calculation,65536,4058,1024,523,6
RunningMeanBuffer,extend/append,65536,3570,1024,523,8
RunningMeanSqBuffer,extend/append,65536,1378,1024,523,8
RunningMeanBuffer,calculation,65536,9872,1024,523,8
RunningMeanSqBuffer,calculation,65536,3996,1024,523,8
RunningMeanBuffer,extend/append,65536,2530,1024,523,12
RunningMeanSqBuffer,extend/append,65536,1103,1024,523,12
RunningMeanBuffer,calculation,65536,9944,1024,523,12
RunningMeanSqBuffer,calculation,65536,3943,1024,523,12
RunningMeanBuffer,extend/append,65536,2114,1024,523,16
RunningMeanSqBuffer,extend/append,65536,1044,1024,523,16
RunningMeanBuffer,calculation,65536,9880,1024,523,16
RunningMeanSqBuffer,calculation,65536,3962,1024,523,16
RunningMeanBuffer,extend/append,65536,1487,1024,523,24
RunningMeanSqBuffer,extend/append,65536,814,1024,523,24
RunningMeanBuffer,calculation,65536,9966,1024,523,24
RunningMeanSqBuffer,calculation,65536,3978,1024,523,24
RunningMeanBuffer,extend/append,65536,1413,1024,523,32
RunningMeanSqBuffer,extend/append,65536,826,1024,523,32
RunningMeanBuffer,calculation,65536,9949,1024,523,32
RunningMeanSqBuffer,calculation,65536,3970,1024,523,32
RunningMeanBuffer,extend/append,65536,1102,1024,523,48
RunningMeanSqBuffer,extend/append,65536,716,1024,523,48
RunningMeanBuffer,calculation,65536,9888,1024,523,48
RunningMeanSqBuffer,calculation,65536,3956,1024,523,48
RunningMeanBuffer,extend/append,65536,986,1024,523,64
RunningMeanSqBuffer,extend/append,65536,704,1024,523,64
RunningMeanBuffer,calculation,65536,9893,1024,523,64
RunningMeanSqBuffer,calculation,65536,3961,1024,523,64
RunningMeanBuffer,extend/append,131072,40412,1024,523,1
RunningMeanSqBuffer,extend/append,131072,11583,1024,523,1
RunningMeanBuffer,calculation,131072,10119,1024,523,1
RunningMeanSqBuffer,calculation,131072,4138,1024,523,1
RunningMeanBuffer,extend/append,131072,20536,1024,523,2
RunningMeanSqBuffer,extend/append,131072,6191,1024,523,2
RunningMeanBuffer,calculation,131072,10039,1024,523,2
RunningMeanSqBuffer,calculation,131072,4061,1024,523,2
RunningMeanBuffer,extend/append,131072,14150,1024,523,3
RunningMeanSqBuffer,extend/append,131072,4367,1024,523,3
RunningMeanBuffer,calculation,131072,9909,1024,523,3
RunningMeanSqBuffer,calculation,131072,4052,1024,523,3
RunningMeanBuffer,extend/append,131072,10587,1024,523,4
RunningMeanSqBuffer,extend/append,131072,3437,1024,523,4
RunningMeanBuffer,calculation,131072,9939,1024,523,4
RunningMeanSqBuffer,calculation,131072,4015,1024,523,4
RunningMeanBuffer,extend/append,131072,7221,1024,523,6
RunningMeanSqBuffer,extend/append,131072,2466,1024,523,6
RunningMeanBuffer,calculation,131072,9901,1024,523,6
RunningMeanSqBuffer,calculation,131072,4013,1024,523,6
RunningMeanBuffer,extend/append,131072,5565,1024,523,8
RunningMeanSqBuffer,extend/append,131072,2014,1024,523,8
RunningMeanBuffer,calculation,131072,9926,1024,523,8
RunningMeanSqBuffer,calculation,131072,4060,1024,523,8
RunningMeanBuffer,extend/append,131072,3914,1024,523,12
RunningMeanSqBuffer,extend/append,131072,1516,1024,523,12
RunningMeanBuffer,calculation,131072,9958,1024,523,12
RunningMeanSqBuffer,calculation,131072,3983,1024,523,12
RunningMeanBuffer,extend/append,131072,3151,1024,523,16
RunningMeanSqBuffer,extend/append,131072,1342,1024,523,16
RunningMeanBuffer,calculation,131072,9858,1024,523,16
RunningMeanSqBuffer,calculation,131072,4058,1024,523,16
RunningMeanBuffer,extend/append,131072,2102,1024,523,24
RunningMeanSqBuffer,extend/append,131072,1041,1024,523,24
RunningMeanBuffer,calculation,131072,9982,1024,523,24
RunningMeanSqBuffer,calculation,131072,3981,1024,523,24
RunningMeanBuffer,extend/append,131072,1981,1024,523,32
RunningMeanSqBuffer,extend/append,131072,1013,1024,523,32
RunningMeanBuffer,calculation,131072,9918,1024,523,32
RunningMeanSqBuffer,calculation,131072,3984,1024,523,32
RunningMeanBuffer,extend/append,131072,1472,1024,523,48
RunningMeanSqBuffer,extend/append,131072,866,1024,523,48
RunningMeanBuffer,calculation,131072,9862,1024,523,48
RunningMeanSqBuffer,calculation,131072,3976,1024,523,48
RunningMeanBuffer,extend/append,131072,1343,1024,523,64
RunningMeanSqBuffer,extend/append,131072,805,1024,523,64
RunningMeanBuffer,calculation,131072,9893,1024,523,64
RunningMeanSqBuffer,calculation,131072,3973,1024,523,64
RunningMeanBuffer,extend/append,262144,71604,1024,523,1
RunningMeanSqBuffer,extend/append,262144,16476,1024,523,1
RunningMeanBuffer,calculation,262144,10271,1024,523,1
RunningMeanSqBuffer,calculation,262144,4186,1024,523,1
RunningMeanBuffer,extend/append,262144,36244,1024,523,2
RunningMeanSqBuffer,extend/append,262144,8689,1024,523,2
RunningMeanBuffer,calculation,262144,10099,1024,523,2
RunningMeanSqBuffer,calculation,262144,4138,1024,523,2
RunningMeanBuffer,extend/append,262144,24742,1024,523,3
RunningMeanSqBuffer,extend/append,262144,6049,1024,523,3
RunningMeanBuffer,calculation,262144,9928,1024,523,3
RunningMeanSqBuffer,calculation,262144,4026,1024,523,3
RunningMeanBuffer,extend/append,262144,18839,1024,523,4
RunningMeanSqBuffer,extend/append,262144,4632,1024,523,4
RunningMeanBuffer,calculation,262144,9904,1024,523,4
RunningMeanSqBuffer,calculation,262144,3975,1024,523,4
RunningMeanBuffer,extend/append,262144,12575,1024,523,6
RunningMeanSqBuffer,extend/append,262144,3286,1024,523,6
RunningMeanBuffer,calculation,262144,9930,1024,523,6
RunningMeanSqBuffer,calculation,262144,4008,1024,523,6
RunningMeanBuffer,extend/append,262144,9420,1024,523,8
RunningMeanSqBuffer,extend/append,262144,2621,1024,523,8
RunningMeanBuffer,calculation,262144,9945,1024,523,8
RunningMeanSqBuffer,calculation,262144,4006,1024,523,8
RunningMeanBuffer,extend/append,262144,6371,1024,523,12
RunningMeanSqBuffer,extend/append,262144,1925,1024,523,12
RunningMeanBuffer,calculation,262144,9929,1024,523,12
RunningMeanSqBuffer,calculation,262144,3972,1024,523,12
RunningMeanBuffer,extend/append,262144,5230,1024,523,16
RunningMeanSqBuffer,extend/append,262144,1609,1024,523,16
RunningMeanBuffer,calculation,262144,9857,1024,523,16
RunningMeanSqBuffer,calculation,262144,3968,1024,523,16
RunningMeanBuffer,extend/append,262144,3355,1024,523,24
RunningMeanSqBuffer,extend/append,262144,1231,1024,523,24
RunningMeanBuffer,calculation,262144,9827,1024,523,24
RunningMeanSqBuffer,calculation,262144,4062,1024,523,24
RunningMeanBuffer,extend/append,262144,3106,1024,523,32
RunningMeanSqBuffer,extend/append,262144,1191,1024,523,32
RunningMeanBuffer,calculation,262144,10029,1024,523,32
RunningMeanSqBuffer,calculation,262144,4042,1024,523,32
RunningMeanBuffer,extend/append,262144,2201,1024,523,48
RunningMeanSqBuffer,extend/append,262144,1028,1024,523,48
RunningMeanBuffer,calculation,262144,10060,1024,523,48
RunningMeanSqBuffer,calculation,262144,4061,1024,523,48
RunningMeanBuffer,extend/append,262144,1895,1024,523,64
RunningMeanSqBuffer,extend/append,262144,952,1024,523,64
RunningMeanBuffer,calculation,262144,10050,1024,523,64
RunningMeanSqBuffer,calculation,262144,4018,1024,523,64
RunningMeanBuffer,extend/append,524288,418464,1024,523,1
RunningMeanSqBuffer,extend/append,524288,65744,1024,523,1
RunningMeanBuffer,calculation,524288,10356,1024,523,1
RunningMeanSqBuffer,calculation,524288,4349,1024,523,1
RunningMeanBuffer,extend/append,524288,210933,1024,523,2
RunningMeanSqBuffer,extend/append,524288,34022,1024,523,2
RunningMeanBuffer,calculation,524288,10191,1024,523,2
RunningMeanSqBuffer,calculation,524288,4356,1024,523,2
RunningMeanBuffer,extend/append,524288,142474,1024,523,3
RunningMeanSqBuffer,extend/append,524288,23153,1024,523,3
RunningMeanBuffer,calculation,524288,10498,1024,523,3
RunningMeanSqBuffer,calculation,524288,4338,1024,523,3
RunningMeanBuffer,extend/append,524288,106742,1024,523,4
RunningMeanSqBuffer,extend/append,524288,17534,1024,523,4
RunningMeanBuffer,calculation,524288,10442,1024,523,4
RunningMeanSqBuffer,calculation,524288,4338,1024,523,4
RunningMeanBuffer,extend/append,524288,70750,1024,523,6
RunningMeanSqBuffer,extend/append,524288,11727,1024,523,6
RunningMeanBuffer,calculation,524288,10508,1024,523,6
RunningMeanSqBuffer,calculation,524288,4213,1024,523,6
RunningMeanBuffer,extend/append,524288,52645,1024,523,8
RunningMeanSqBuffer,extend/append,524288,8981,1024,523,8
RunningMeanBuffer,calculation,524288,10383,1024,523,8
RunningMeanSqBuffer,calculation,524288,4231,1024,523,8
RunningMeanBuffer,extend/append,524288,34891,1024,523,12
RunningMeanSqBuffer,extend/append,524288,6190,1024,523,12
RunningMeanBuffer,calculation,524288,10479,1024,523,12
RunningMeanSqBuffer,calculation,524288,4230,1024,523,12
RunningMeanBuffer,extend/append,524288,27175,1024,523,16
RunningMeanSqBuffer,extend/append,524288,4974,1024,523,16
RunningMeanBuffer,calculation,524288,10431,1024,523,16
RunningMeanSqBuffer,calculation,524288,4227,1024,523,16
RunningMeanBuffer,extend/append,524288,16962,1024,523,24
RunningMeanSqBuffer,extend/append,524288,3324,1024,523,24
RunningMeanBuffer,calculation,524288,10433,1024,523,24
RunningMeanSqBuffer,calculation,524288,4210,1024,523,24
RunningMeanBuffer,extend/append,524288,15027,1024,523,32
RunningMeanSqBuffer,extend/append,524288,3069,1024,523,32
RunningMeanBuffer,calculation,524288,10323,1024,523,32
RunningMeanSqBuffer,calculation,524288,4200,1024,523,32
RunningMeanBuffer,extend/append,524288,9707,1024,523,48
RunningMeanSqBuffer,extend/append,524288,2202,1024,523,48
RunningMeanBuffer,calculation,524288,10605,1024,523,48
RunningMeanSqBuffer,calculation,524288,4210,1024,523,48
RunningMeanBuffer,extend/append,524288,7814,1024,523,64
RunningMeanSqBuffer,extend/append,524288,1952,1024,523,64
RunningMeanBuffer,calculation,524288,10447,1024,523,64
RunningMeanSqBuffer,calculation,524288,4201,1024,523,64
RunningMeanBuffer,extend/append,1048576,823777,1024,523,1
RunningMeanSqBuffer,extend/append,1048576,127173,1024,523,1
RunningMeanBuffer,calculation,1048576,10662,1024,523,1
RunningMeanSqBuffer,calculation,1048576,4416,1024,523,1
RunningMeanBuffer,extend/append,1048576,410112,1024,523,2
RunningMeanSqBuffer,extend/append,1048576,64915,1024,523,2
RunningMeanBuffer,calculation,1048576,10508,1024,523,2
RunningMeanSqBuffer,calculation,1048576,4326,1024,523,2
RunningMeanBuffer,extend/append,1048576,276388,1024,523,3
RunningMeanSqBuffer,extend/append,1048576,43442,1024,523,3
RunningMeanBuffer,calculation,1048576,10578,1024,523,3
RunningMeanSqBuffer,calculation,1048576,4355,1024,523,3
RunningMeanBuffer,extend/append,1048576,208301,1024,523,4
RunningMeanSqBuffer,extend/append,1048576,33253,1024,523,4
RunningMeanBuffer,calculation,1048576,9980,1024,523,4
RunningMeanSqBuffer,calculation,1048576,4307,1024,523,4
RunningMeanBuffer,extend/append,1048576,137873,1024,523,6
RunningMeanSqBuffer,extend/append,1048576,21839,1024,523,6
RunningMeanBuffer,calculation,1048576,10545,1024,523,6
RunningMeanSqBuffer,calculation,1048576,4273,1024,523,6
RunningMeanBuffer,extend/append,1048576,101806,1024,523,8
RunningMeanSqBuffer,extend/append,1048576,16482,1024,523,8
RunningMeanBuffer,calculation,1048576,10502,1024,523,8
RunningMeanSqBuffer,calculation,1048576,4200,1024,523,8
RunningMeanBuffer,extend/append,1048576,67751,1024,523,12
RunningMeanSqBuffer,extend/append,1048576,11111,1024,523,12
RunningMeanBuffer,calculation,1048576,10665,1024,523,12
RunningMeanSqBuffer,calculation,1048576,4306,1024,523,12
RunningMeanBuffer,extend/append,1048576,53270,1024,523,16
RunningMeanSqBuffer,extend/append,1048576,8934,1024,523,16
RunningMeanBuffer,calculation,1048576,10512,1024,523,16
RunningMeanSqBuffer,calculation,1048576,4366,1024,523,16
RunningMeanBuffer,extend/append,1048576,32344,1024,523,24
RunningMeanSqBuffer,extend/append,1048576,5697,1024,523,24
RunningMeanBuffer,calculation,1048576,10469,1024,523,24
RunningMeanSqBuffer,calculation,1048576,4353,1024,523,24
RunningMeanBuffer,extend/append,1048576,28469,1024,523,32
RunningMeanSqBuffer,extend/append,1048576,5203,1024,523,32
RunningMeanBuffer,calculation,1048576,10000,1024,523,32
RunningMeanSqBuffer,calculation,1048576,4101,1024,523,32
RunningMeanBuffer,extend/append,1048576,18338,1024,523,48
RunningMeanSqBuffer,extend/append,1048576,3561,1024,523,48
RunningMeanBuffer,calculation,1048576,10505,1024,523,48
RunningMeanSqBuffer,calculation,1048576,4252,1024,523,48
RunningMeanBuffer,extend/append,1048576,14900,1024,523,64
RunningMeanSqBuffer,extend/append,1048576,3022,1024,523,64
RunningMeanBuffer,calculation,1048576,10491,1024,523,64
RunningMeanSqBuffer,calculation,1048576,4249,1024,523,64
RunningMeanBuffer,extend/append,2097152,1542702,1024,523,1
RunningMeanSqBuffer,extend/append,2097152,253540,1024,523,1
RunningMeanBuffer,calculation,2097152,10265,1024,523,1
RunningMeanSqBuffer,calculation,2097152,4309,1024,523,1
RunningMeanBuffer,extend/append,2097152,781045,1024,523,2
RunningMeanSqBuffer,extend/append,2097152,125569,1024,523,2
RunningMeanBuffer,calculation,2097152,10881,1024,523,2
RunningMeanSqBuffer,calculation,2097152,4462,1024,523,2
RunningMeanBuffer,extend/append,2097152,514329,1024,523,3
RunningMeanSqBuffer,extend/append,2097152,85026,1024,523,3
RunningMeanBuffer,calculation,2097152,10835,1024,523,3
RunningMeanSqBuffer,calculation,2097152,4438,1024,523,3
RunningMeanBuffer,extend/append,2097152,397504,1024,523,4
RunningMeanSqBuffer,extend/append,2097152,63323,1024,523,4
RunningMeanBuffer,calculation,2097152,10723,1024,523,4
RunningMeanSqBuffer,calculation,2097152,4444,1024,523,4
RunningMeanBuffer,extend/append,2097152,267044,1024,523,6
RunningMeanSqBuffer,extend/append,2097152,42127,1024,523,6
RunningMeanBuffer,calculation,2097152,10779,1024,523,6
RunningMeanSqBuffer,calculation,2097152,4379,1024,523,6
RunningMeanBuffer,extend/append,2097152,190672,1024,523,8
RunningMeanSqBuffer,extend/append,2097152,32435,1024,523,8
RunningMeanBuffer,calculation,2097152,10228,1024,523,8
RunningMeanSqBuffer,calculation,2097152,4253,1024,523,8
RunningMeanBuffer,extend/append,2097152,128085,1024,523,12
RunningMeanSqBuffer,extend/append,2097152,21082,1024,523,12
RunningMeanBuffer,calculation,2097152,10775,1024,523,12
RunningMeanSqBuffer,calculation,2097152,4474,1024,523,12
RunningMeanBuffer,extend/append,2097152,99396,1024,523,16
RunningMeanSqBuffer,extend/append,2097152,16827,1024,523,16
RunningMeanBuffer,calculation,2097152,10791,1024,523,16
RunningMeanSqBuffer,calculation,2097152,4347,1024,523,16
RunningMeanBuffer,extend/append,2097152,59869,1024,523,24
RunningMeanSqBuffer,extend/append,2097152,10510,1024,523,24
RunningMeanBuffer,calculation,2097152,10722,1024,523,24
RunningMeanSqBuffer,calculation,2097152,4379,1024,523,24
RunningMeanBuffer,extend/append,2097152,52210,1024,523,32
RunningMeanSqBuffer,extend/append,2097152,9443,1024,523,32
RunningMeanBuffer,calculation,2097152,10933,1024,523,32
RunningMeanSqBuffer,calculation,2097152,4161,1024,523,32
RunningMeanBuffer,extend/append,2097152,33227,1024,523,48
RunningMeanSqBuffer,extend/append,2097152,6276,1024,523,48
RunningMeanBuffer,calculation,2097152,10269,1024,523,48
RunningMeanSqBuffer,calculation,2097152,4203,1024,523,48
RunningMeanBuffer,extend/append,2097152,27211,1024,523,64
RunningMeanSqBuffer,extend/append,2097152,5193,1024,523,64
RunningMeanBuffer,calculation,2097152,10818,1024,523,64
RunningMeanSqBuffer,calculation,2097152,4377,1024,523,64
RunningMeanBuffer,extend/append,4194304,3216423,1024,523,1
RunningMeanSqBuffer,extend/append,4194304,512990,1024,523,1
RunningMeanBuffer,calculation,4194304,11176,1024,523,1
RunningMeanSqBuffer,calculation,4194304,4654,1024,523,1
RunningMeanBuffer,extend/append,4194304,1583473,1024,523,2
RunningMeanSqBuffer,extend/append,4194304,252227,1024,523,2
RunningMeanBuffer,calculation,4194304,11237,1024,523,2
RunningMeanSqBuffer,calculation,4194304,4637,1024,523,2
RunningMeanBuffer,extend/append,4194304,1080287,1024,523,3
RunningMeanSqBuffer,extend/append,4194304,172131,1024,523,3
RunningMeanBuffer,calculation,4194304,10698,1024,523,3
RunningMeanSqBuffer,calculation,4194304,4610,1024,523,3
RunningMeanBuffer,extend/append,4194304,796589,1024,523,4
RunningMeanSqBuffer,extend/append,4194304,129856,1024,523,4
RunningMeanBuffer,calculation,4194304,11001,1024,523,4
RunningMeanSqBuffer,calculation,4194304,4660,1024,523,4
RunningMeanBuffer,extend/append,4194304,524843,1024,523,6
RunningMeanSqBuffer,extend/append,4194304,85028,1024,523,6
RunningMeanBuffer,calculation,4194304,11142,1024,523,6
RunningMeanSqBuffer,calculation,4194304,4594,1024,523,6
RunningMeanBuffer,extend/append,4194304,395462,1024,523,8
RunningMeanSqBuffer,extend/append,4194304,63252,1024,523,8
RunningMeanBuffer,calculation,4194304,11241,1024,523,8
RunningMeanSqBuffer,calculation,4194304,4314,1024,523,8
RunningMeanBuffer,extend/append,4194304,261898,1024,523,12
RunningMeanSqBuffer,extend/append,4194304,41432,1024,523,12
RunningMeanBuffer,calculation,4194304,11051,1024,523,12
RunningMeanSqBuffer,calculation,4194304,4578,1024,523,12
RunningMeanBuffer,extend/append,4194304,202299,1024,523,16
RunningMeanSqBuffer,extend/append,4194304,33206,1024,523,16
RunningMeanBuffer,calculation,4194304,10496,1024,523,16
RunningMeanSqBuffer,calculation,4194304,4548,1024,523,16
RunningMeanBuffer,extend/append,4194304,122988,1024,523,24
RunningMeanSqBuffer,extend/append,4194304,20279,1024,523,24
RunningMeanBuffer,calculation,4194304,11146,1024,523,24
RunningMeanSqBuffer,calculation,4194304,4594,1024,523,24
RunningMeanBuffer,extend/append,4194304,107401,1024,523,32
RunningMeanSqBuffer,extend/append,4194304,18197,1024,523,32
RunningMeanBuffer,calculation,4194304,11149,1024,523,32
RunningMeanSqBuffer,calculation,4194304,4600,1024,523,32
RunningMeanBuffer,extend/append,4194304,65126,1024,523,48
RunningMeanSqBuffer,extend/append,4194304,11763,1024,523,48
RunningMeanBuffer,calculation,4194304,11121,1024,523,48
RunningMeanSqBuffer,calculation,4194304,4381,1024,523,48
RunningMeanBuffer,extend/append,4194304,53834,1024,523,64
RunningMeanSqBuffer,extend/append,4194304,9509,1024,523,64
RunningMeanBuffer,calculation,4194304,10977,1024,523,64
RunningMeanSqBuffer,calculation,4194304,4336,1024,523,64
RunningMeanBuffer,extend/append,8388608,6316196,1024,523,1
RunningMeanSqBuffer,extend/append,8388608,1009660,1024,523,1
RunningMeanBuffer,calculation,8388608,13030,1024,523,1
RunningMeanSqBuffer,calculation,8388608,4810,1024,523,1
RunningMeanBuffer,extend/append,8388608,3184844,1024,523,2
RunningMeanSqBuffer,extend/append,8388608,505896,1024,523,2
RunningMeanBuffer,calculation,8388608,12389,1024,523,2
RunningMeanSqBuffer,calculation,8388608,4735,1024,523,2
RunningMeanBuffer,extend/append,8388608,2146003,1024,523,3
RunningMeanSqBuffer,extend/append,8388608,340339,1024,523,3
RunningMeanBuffer,calculation,8388608,12511,1024,523,3
RunningMeanSqBuffer,calculation,8388608,4755,1024,523,3
RunningMeanBuffer,extend/append,8388608,1608514,1024,523,4
RunningMeanSqBuffer,extend/append,8388608,254956,1024,523,4
RunningMeanBuffer,calculation,8388608,12655,1024,523,4
RunningMeanSqBuffer,calculation,8388608,4736,1024,523,4
RunningMeanBuffer,extend/append,8388608,1060849,1024,523,6
RunningMeanSqBuffer,extend/append,8388608,168737,1024,523,6
RunningMeanBuffer,calculation,8388608,12342,1024,523,6
RunningMeanSqBuffer,calculation,8388608,4697,1024,523,6
RunningMeanBuffer,extend/append,8388608,790740,1024,523,8
RunningMeanSqBuffer,extend/append,8388608,127412,1024,523,8
RunningMeanBuffer,calculation,8388608,12261,1024,523,8
RunningMeanSqBuffer,calculation,8388608,4747,1024,523,8
RunningMeanBuffer,extend/append,8388608,521796,1024,523,12
RunningMeanSqBuffer,extend/append,8388608,83238,1024,523,12
RunningMeanBuffer,calculation,8388608,12157,1024,523,12
RunningMeanSqBuffer,calculation,8388608,4555,1024,523,12
RunningMeanBuffer,extend/append,8388608,408287,1024,523,16
RunningMeanSqBuffer,extend/append,8388608,67044,1024,523,16
RunningMeanBuffer,calculation,8388608,12556,1024,523,16
RunningMeanSqBuffer,calculation,8388608,4679,1024,523,16
RunningMeanBuffer,extend/append,8388608,240184,1024,523,24
RunningMeanSqBuffer,extend/append,8388608,40150,1024,523,24
RunningMeanBuffer,calculation,8388608,12708,1024,523,24
RunningMeanSqBuffer,calculation,8388608,4674,1024,523,24
RunningMeanBuffer,extend/append,8388608,218517,1024,523,32
RunningMeanSqBuffer,extend/append,8388608,36170,1024,523,32
RunningMeanBuffer,calculation,8388608,11387,1024,523,32
RunningMeanSqBuffer,calculation,8388608,4737,1024,523,32
RunningMeanBuffer,extend/append,8388608,137099,1024,523,48
RunningMeanSqBuffer,extend/append,8388608,22523,1024,523,48
RunningMeanBuffer,calculation,8388608,11708,1024,523,48
RunningMeanSqBuffer,calculation,8388608,4684,1024,523,48
RunningMeanBuffer,extend/append,8388608,109714,1024,523,64
RunningMeanSqBuffer,extend/append,8388608,18220,1024,523,64
RunningMeanBuffer,calculation,8388608,12550,1024,523,64
RunningMeanSqBuffer,calculation,8388608,4758,1024,523,64
RunningMeanBuffer,extend/append,2048,5444,2048,523,1
RunningMeanSqBuffer,extend/append,2048,2360,2048,523,1
RunningMeanBuffer,calculation,2048,4977,2048,523,1
RunningMeanSqBuffer,calculation,2048,2852,2048,523,1
RunningMeanBuffer,extend/append,2048,2711,2048,523,2
RunningMeanSqBuffer,extend/append,2048,1562,2048,523,2
RunningMeanBuffer,calculation,2048,5010,2048,523,2
RunningMeanSqBuffer,calculation,2048,2802,2048,523,2
RunningMeanBuffer,extend/append,2048,2087,2048,523,3
RunningMeanSqBuffer,extend/append,2048,1284,2048,523,3
RunningMeanBuffer,calculation,2048,5024,2048,523,3
RunningMeanSqBuffer,calculation,2048,2774,2048,523,3
RunningMeanBuffer,extend/append,2048,1734,2048,523,4
RunningMeanSqBuffer,extend/append,2048,1134,2048,523,4
RunningMeanBuffer,calculation,2048,4930,2048,523,4
RunningMeanSqBuffer,calculation,2048,2778,2048,523,4
RunningMeanBuffer,extend/append,2048,1390,2048,523,6
RunningMeanSqBuffer,extend/append,2048,1025,2048,523,6
RunningMeanBuffer,calculation,2048,4916,2048,523,6
RunningMeanSqBuffer,calculation,2048,2782,2048,523,6
RunningMeanBuffer,extend/append,2048,1193,2048,523,8
RunningMeanSqBuffer,extend/append,2048,909,2048,523,8
RunningMeanBuffer,calculation,2048,4975,2048,523,8
RunningMeanSqBuffer,calculation,2048,2767,2048,523,8
RunningMeanBuffer,extend/append,2048,1038,2048,523,12
RunningMeanSqBuffer,extend/append,2048,829,2048,523,12
RunningMeanBuffer,calculation,2048,4940,2048,523,12
RunningMeanSqBuffer,calculation,2048,2783,2048,523,12
RunningMeanBuffer,extend/append,2048,956,2048,523,16
RunningMeanSqBuffer,extend/append,2048,785,2048,523,16
RunningMeanBuffer,calculation,2048,4910,2048,523,16
RunningMeanSqBuffer,calculation,2048,2734,2048,523,16
RunningMeanBuffer,extend/append,2048,834,2048,523,24
RunningMeanSqBuffer,extend/append,2048,747,2048,523,24
RunningMeanBuffer,calculation,2048,4928,2048,523,24
RunningMeanSqBuffer,calculation,2048,2743,2048,523,24
RunningMeanBuffer,extend/append,2048,825,2048,523,32
RunningMeanSqBuffer,extend/append,2048,896,2048,523,32
RunningMeanBuffer,calculation,2048,4999,2048,523,32
RunningMeanSqBuffer,calculation,2048,2812,2048,523,32
RunningMeanBuffer,extend/append,2048,784,2048,523,48
RunningMeanSqBuffer,extend/append,2048,731,2048,523,48
RunningMeanBuffer,calculation,2048,5069,2048,523,48
RunningMeanSqBuffer,calculation,2048,2806,2048,523,48
RunningMeanBuffer,extend/append,2048,747,2048,523,64
RunningMeanSqBuffer,extend/append,2048,719,2048,523,64
RunningMeanBuffer,calculation,2048,5000,2048,523,64
RunningMeanSqBuffer,calculation,2048,2826,2048,523,64
RunningMeanBuffer,extend/append,4096,6629,2048,523,1
RunningMeanSqBuffer,extend/append,4096,2952,2048,523,1
RunningMeanBuffer,calculation,4096,10461,2048,523,1
RunningMeanSqBuffer,calculation,4096,4353,2048,523,1
RunningMeanBuffer,extend/append,4096,3776,2048,523,2
RunningMeanSqBuffer,extend/append,4096,1950,2048,523,2
RunningMeanBuffer,calculation,4096,10484,2048,523,2
RunningMeanSqBuffer,calculation,4096,4248,2048,523,2
RunningMeanBuffer,extend/append,4096,2763,2048,523,3
RunningMeanSqBuffer,extend/append,4096,1519,2048,523,3
RunningMeanBuffer,calculation,4096,10467,2048,523,3
RunningMeanSqBuffer,calculation,4096,4208,2048,523,3
RunningMeanBuffer,extend/append,4096,2246,2048,523,4
RunningMeanSqBuffer,extend/append,4096,1326,2048,523,4
RunningMeanBuffer,calculation,4096,10366,2048,523,4
RunningMeanSqBuffer,calculation,4096,4254,2048,523,4
RunningMeanBuffer,extend/append,4096,1751,2048,523,6
RunningMeanSqBuffer,extend/append,4096,1118,2048,523,6
RunningMeanBuffer,calculation,4096,10360,2048,523,6
RunningMeanSqBuffer,calculation,4096,4271,2048,523,6
RunningMeanBuffer,extend/append,4096,1496,2048,523,8
RunningMeanSqBuffer,extend/append,4096,996,2048,523,8
RunningMeanBuffer,calculation,4096,10352,2048,523,8
RunningMeanSqBuffer,calculation,4096,4267,2048,523,8
RunningMeanBuffer,extend/append,4096,1200,2048,523,12
RunningMeanSqBuffer,extend/append,4096,899,2048,523,12
RunningMeanBuffer,calculation,4096,10352,2048,523,12
RunningMeanSqBuffer,calculation,4096,4289,2048,523,12
RunningMeanBuffer,extend/append,4096,1093,2048,523,16
RunningMeanSqBuffer,extend/append,4096,844,2048,523,16
RunningMeanBuffer,calculation,4096,10357,2048,523,16
RunningMeanSqBuffer,calculation,4096,4194,2048,523,16
RunningMeanBuffer,extend/append,4096,924,2048,523,24
RunningMeanSqBuffer,extend/append,4096,780,2048,523,24
RunningMeanBuffer,calculation,4096,10317,2048,523,24
RunningMeanSqBuffer,calculation,4096,4241,2048,523,24
RunningMeanBuffer,extend/append,4096,920,2048,523,32
RunningMeanSqBuffer,extend/append,4096,797,2048,523,32
RunningMeanBuffer,calculation,4096,10492,2048,523,32
RunningMeanSqBuffer,calculation,4096,4170,2048,523,32
RunningMeanBuffer,extend/append,4096,821,2048,523,48
RunningMeanSqBuffer,extend/append,4096,754,2048,523,48
RunningMeanBuffer,calculation,4096,10407,2048,523,48
RunningMeanSqBuffer,calculation,4096,4198,2048,523,48
RunningMeanBuffer,extend/append,4096,791,2048,523,64
RunningMeanSqBuffer,extend/append,4096,746,2048,523,64
RunningMeanBuffer,calculation,4096,10417,2048,523,64
RunningMeanSqBuffer,calculation,4096,4234,2048,523,64
RunningMeanBuffer,extend/append,8192,8767,2048,523,1
RunningMeanSqBuffer,extend/append,8192,3754,2048,523,1
RunningMeanBuffer,calculation,8192,10287,2048,523,1
RunningMeanSqBuffer,calculation,8192,4276,2048,523,1
RunningMeanBuffer,extend/append,8192,4931,2048,523,2
RunningMeanSqBuffer,extend/append,8192,2332,2048,523,2
RunningMeanBuffer,calculation,8192,10348,2048,523,2
RunningMeanSqBuffer,calculation,8192,4304,2048,523,2
RunningMeanBuffer,extend/append,8192,3570,2048,523,3
RunningMeanSqBuffer,extend/append,8192,1789,2048,523,3
RunningMeanBuffer,calculation,8192,10369,2048,523,3
RunningMeanSqBuffer,calculation,8192,4273,2048,523,3
RunningMeanBuffer,extend/append,8192,2836,2048,523,4
RunningMeanSqBuffer,extend/append,8192,1525,2048,523,4
RunningMeanBuffer,calculation,8192,10355,2048,523,4
RunningMeanSqBuffer,calculation,8192,4250,2048,523,4
RunningMeanBuffer,extend/append,8192,2116,2048,523,6
RunningMeanSqBuffer,extend/append,8192,1247,2048,523,6
RunningMeanBuffer,calculation,8192,10368,2048,523,6
RunningMeanSqBuffer,calculation,8192,4258,2048,523,6
RunningMeanBuffer,extend/append,8192,1788,2048,523,8
RunningMeanSqBuffer,extend/append,8192,1121,2048,523,8
RunningMeanBuffer,calculation,8192,10243,2048,523,8
RunningMeanSqBuffer,calculation,8192,4244,2048,523,8
RunningMeanBuffer,extend/append,8192,1397,2048,523,12
RunningMeanSqBuffer,extend/append,8192,958,2048,523,12
RunningMeanBuffer,calculation,8192,10471,2048,523,12
RunningMeanSqBuffer,calculation,8192,4267,2048,523,12
RunningMeanBuffer,extend/append,8192,1240,2048,523,16
RunningMeanSqBuffer,extend/append,8192,895,2048,523,16
RunningMeanBuffer,calculation,8192,10418,2048,523,16
RunningMeanSqBuffer,calculation,8192,4230,2048,523,16
RunningMeanBuffer,extend/append,8192,1047,2048,523,24
RunningMeanSqBuffer,extend/append,8192,801,2048,523,24
RunningMeanBuffer,calculation,8192,10264,2048,523,24
RunningMeanSqBuffer,calculation,8192,4182,2048,523,24
RunningMeanBuffer,extend/append,8192,1011,2048,523,32
RunningMeanSqBuffer,extend/append,8192,816,2048,523,32
RunningMeanBuffer,calculation,8192,10344,2048,523,32
RunningMeanSqBuffer,calculation,8192,4163,2048,523,32
RunningMeanBuffer,extend/append,8192,893,2048,523,48
RunningMeanSqBuffer,extend/append,8192,773,2048,523,48
RunningMeanBuffer,calculation,8192,10262,2048,523,48
RunningMeanSqBuffer,calculation,8192,4221,2048,523,48
RunningMeanBuffer,extend/append,8192,837,2048,523,64
RunningMeanSqBuffer,extend/append,8192,748,2048,523,64
RunningMeanBuffer,calculation,8192,10324,2048,523,64
RunningMeanSqBuffer,calculation,8192,4230,2048,523,64
RunningMeanBuffer,extend/append,16384,10983,2048,523,1
RunningMeanSqBuffer,extend/append,16384,4221,2048,523,1
RunningMeanBuffer,calculation,16384,10542,2048,523,1
RunningMeanSqBuffer,calculation,16384,4344,2048,523,1
RunningMeanBuffer,extend/append,16384,5973,2048,523,2
RunningMeanSqBuffer,extend/append,16384,2508,2048,523,2
RunningMeanBuffer,calculation,16384,10472,2048,523,2
RunningMeanSqBuffer,calculation,16384,4306,2048,523,2
RunningMeanBuffer,extend/append,16384,4292,2048,523,3
RunningMeanSqBuffer,extend/append,16384,1917,2048,523,3
RunningMeanBuffer,calculation,16384,10483,2048,523,3
RunningMeanSqBuffer,calculation,16384,4298,2048,523,3
RunningMeanBuffer,extend/append,16384,3415,2048,523,4
RunningMeanSqBuffer,extend/append,16384,1666,2048,523,4
RunningMeanBuffer,calculation,16384,10361,2048,523,4
RunningMeanSqBuffer,calculation,16384,4269,2048,523,4
RunningMeanBuffer,extend/append,16384,2555,2048,523,6
RunningMeanSqBuffer,extend/append,16384,1343,2048,523,6
RunningMeanBuffer,calculation,16384,10426,2048,523,6
RunningMeanSqBuffer,calculation,16384,4276,2048,523,6
RunningMeanBuffer,extend/append,16384,2056,2048,523,8
RunningMeanSqBuffer,extend/append,16384,1178,2048,523,8
RunningMeanBuffer,calculation,16384,10477,2048,523,8
RunningMeanSqBuffer,calculation,16384,4249,2048,523,8
RunningMeanBuffer,extend/append,16384,1600,2048,523,12
RunningMeanSqBuffer,extend/append,16384,996,2048,523,12
RunningMeanBuffer,calculation,16384,10473,2048,523,12
RunningMeanSqBuffer,calculation,16384,4245,2048,523,12
RunningMeanBuffer,extend/append,16384,1478,2048,523,16
RunningMeanSqBuffer,extend/append,16384,950,2048,523,16
RunningMeanBuffer,calculation,16384,10516,2048,523,16
RunningMeanSqBuffer,calculation,16384,4269,2048,523,16
RunningMeanBuffer,extend/append,16384,1104,2048,523,24
RunningMeanSqBuffer,extend/append,16384,842,2048,523,24
RunningMeanBuffer,calculation,16384,10349,2048,523,24
RunningMeanSqBuffer,calculation,16384,4260,2048,523,24
RunningMeanBuffer,extend/append,16384,1091,2048,523,32
RunningMeanSqBuffer,extend/append,16384,844,2048,523,32
RunningMeanBuffer,calculation,16384,10339,2048,523,32
RunningMeanSqBuffer,calculation,16384,4202,2048,523,32
RunningMeanBuffer,extend/append,16384,968,2048,523,48
RunningMeanSqBuffer,extend/append,16384,784,2048,523,48
RunningMeanBuffer,calculation,16384,10598,2048,523,48
RunningMeanSqBuffer,calculation,16384,4224,2048,523,48
RunningMeanBuffer,extend/append,16384,895,2048,523,64
RunningMeanSqBuffer,extend/append,16384,789,2048,523,64
RunningMeanBuffer,calculation,16384,10435,2048,523,64
RunningMeanSqBuffer,calculation,16384,4261,2048,523,64
RunningMeanBuffer,extend/append,32768,15051,2048,523,1
RunningMeanSqBuffer,extend/append,32768,5527,2048,523,1
RunningMeanBuffer,calculation,32768,10589,2048,523,1
RunningMeanSqBuffer,calculation,32768,4360,2048,523,1
RunningMeanBuffer,extend/append,32768,8101,2048,523,2
RunningMeanSqBuffer,extend/append,32768,3188,2048,523,2
RunningMeanBuffer,calculation,32768,10631,2048,523,2
RunningMeanSqBuffer,calculation,32768,4279,2048,523,2
RunningMeanBuffer,extend/append,32768,5731,2048,523,3
RunningMeanSqBuffer,extend/append,32768,2386,2048,523,3
RunningMeanBuffer,calculation,32768,10512,2048,523,3
RunningMeanSqBuffer,calculation,32768,4282,2048,523,3
RunningMeanBuffer,extend/append,32768,4515,2048,523,4
RunningMeanSqBuffer,extend/append,32768,1991,2048,523,4
RunningMeanBuffer,calculation,32768,10318,2048,523,4
RunningMeanSqBuffer,calculation,32768,4292,2048,523,4
RunningMeanBuffer,extend/append,32768,3252,2048,523,6
RunningMeanSqBuffer,extend/append,32768,1568,2048,523,6
RunningMeanBuffer,calculation,32768,10567,2048,523,6
RunningMeanSqBuffer,calculation,32768,4302,2048,523,6
RunningMeanBuffer,extend/append,32768,2554,2048,523,8
RunningMeanSqBuffer,extend/append,32768,1351,2048,523,8
RunningMeanBuffer,calculation,32768,10505,2048,523,8
RunningMeanSqBuffer,calculation,32768,4292,2048,523,8
RunningMeanBuffer,extend/append,32768,1999,2048,523,12
RunningMeanSqBuffer,extend/append,32768,1140,2048,523,12
RunningMeanBuffer,calculation,32768,10641,2048,523,12
RunningMeanSqBuffer,calculation,32768,4279,2048,523,12
RunningMeanBuffer,extend/append,32768,1682,2048,523,16
RunningMeanSqBuffer,extend/append,32768,1044,2048,523,16
RunningMeanBuffer,calculation,32768,10483,2048,523,16
RunningMeanSqBuffer,calculation,32768,4270,2048,523,16
RunningMeanBuffer,extend/append,32768,1274,2048,523,24
RunningMeanSqBuffer,extend/append,32768,911,2048,523,24
RunningMeanBuffer,calculation,32768,10729,2048,523,24
RunningMeanSqBuffer,calculation,32768,4209,2048,523,24
RunningMeanBuffer,extend/append,32768,1223,2048,523,32
RunningMeanSqBuffer,extend/append,32768,883,2048,523,32
RunningMeanBuffer,calculation,32768,10345,2048,523,32
RunningMeanSqBuffer,calculation,32768,4241,2048,523,32
RunningMeanBuffer,extend/append,32768,1034,2048,523,48
RunningMeanSqBuffer,extend/append,32768,810,2048,523,48
RunningMeanBuffer,calculation,32768,10399,2048,523,48
RunningMeanSqBuffer,calculation,32768,4245,2048,523,48
RunningMeanBuffer,extend/append,32768,973,2048,523,64
RunningMeanSqBuffer,extend/append,32768,799,2048,523,64
RunningMeanBuffer,calculation,32768,10490,2048,523,64
RunningMeanSqBuffer,calculation,32768,4141,2048,523,64
RunningMeanBuffer,extend/append,65536,23339,2048,523,1
RunningMeanSqBuffer,extend/append,65536,7497,2048,523,1
RunningMeanBuffer,calculation,65536,10475,2048,523,1
RunningMeanSqBuffer,calculation,65536,4367,2048,523,1
RunningMeanBuffer,extend/append,65536,12162,2048,523,2
RunningMeanSqBuffer,extend/append,65536,3686,2048,523,2
RunningMeanBuffer,calculation,65536,10472,2048,523,2
RunningMeanSqBuffer,calculation,65536,4332,2048,523,2
RunningMeanBuffer,extend/append,65536,8428,2048,523,3
RunningMeanSqBuffer,extend/append,65536,2777,2048,523,3
RunningMeanBuffer,calculation,65536,10522,2048,523,3
RunningMeanSqBuffer,calculation,65536,4304,2048,523,3
RunningMeanBuffer,extend/append,65536,6583,2048,523,4
RunningMeanSqBuffer,extend/append,65536,2276,2048,523,4
RunningMeanBuffer,calculation,65536,10656,2048,523,4
RunningMeanSqBuffer,calculation,65536,4322,2048,523,4
RunningMeanBuffer,extend/append,65536,4571,2048,523,6
RunningMeanSqBuffer,extend/append,65536,1769,2048,523,6
RunningMeanBuffer,calculation,65536,10406,2048,523,6
RunningMeanSqBuffer,calculation,65536,4294,2048,523,6
RunningMeanBuffer,extend/append,65536,3625,2048,523,8
RunningMeanSqBuffer,extend/append,65536,1492,2048,523,8
RunningMeanBuffer,calculation,65536,10513,2048,523,8
RunningMeanSqBuffer,calculation,65536,4271,2048,523,8
RunningMeanBuffer,extend/append,65536,2631,2048,523,12
RunningMeanSqBuffer,extend/append,65536,1228,2048,523,12
RunningMeanBuffer,calculation,65536,10456,2048,523,12
RunningMeanSqBuffer,calculation,65536,4294,2048,523,12
RunningMeanBuffer,extend/append,65536,2206,2048,523,16
RunningMeanSqBuffer,extend/append,65536,1118,2048,523,16
RunningMeanBuffer,calculation,65536,10430,2048,523,16
RunningMeanSqBuffer,calculation,65536,4308,2048,523,16
RunningMeanBuffer,extend/append,65536,1608,2048,523,24
RunningMeanSqBuffer,extend/append,65536,963,2048,523,24
RunningMeanBuffer,calculation,65536,10397,2048,523,24
RunningMeanSqBuffer,calculation,65536,4294,2048,523,24
RunningMeanBuffer,extend/append,65536,1537,2048,523,32
RunningMeanSqBuffer,extend/append,65536,956,2048,523,32
RunningMeanBuffer,calculation,65536,10427,2048,523,32
RunningMeanSqBuffer,calculation,65536,4271,2048,523,32
RunningMeanBuffer,extend/append,65536,1221,2048,523,48
RunningMeanSqBuffer,extend/append,65536,892,2048,523,48
RunningMeanBuffer,calculation,65536,10453,2048,523,48
RunningMeanSqBuffer,calculation,65536,4317,2048,523,48
RunningMeanBuffer,extend/append,65536,1117,2048,523,64
RunningMeanSqBuffer,extend/append,65536,849,2048,523,64
RunningMeanBuffer,calculation,65536,10469,2048,523,64
RunningMeanSqBuffer,calculation,65536,4256,2048,523,64
RunningMeanBuffer,extend/append,131072,39756,2048,523,1
RunningMeanSqBuffer,extend/append,131072,11618,2048,523,1
RunningMeanBuffer,calculation,131072,10524,2048,523,1
RunningMeanSqBuffer,calculation,131072,4394,2048,523,1
RunningMeanBuffer,extend/append,131072,20633,2048,523,2
RunningMeanSqBuffer,extend/append,131072,6228,2048,523,2
RunningMeanBuffer,calculation,131072,10451,2048,523,2
RunningMeanSqBuffer,calculation,131072,4402,2048,523,2
RunningMeanBuffer,extend/append,131072,14157,2048,523,3
RunningMeanSqBuffer,extend/append,131072,4430,2048,523,3
RunningMeanBuffer,calculation,131072,10589,2048,523,3
RunningMeanSqBuffer,calculation,131072,4371,2048,523,3
RunningMeanBuffer,extend/append,131072,10796,2048,523,4
RunningMeanSqBuffer,extend/append,131072,3670,2048,523,4
RunningMeanBuffer,calculation,131072,10728,2048,523,4
RunningMeanSqBuffer,calculation,131072,4447,2048,523,4
RunningMeanBuffer,extend/append,131072,7534,2048,523,6
RunningMeanSqBuffer,extend/append,131072,2650,2048,523,6
RunningMeanBuffer,calculation,131072,10724,2048,523,6
RunningMeanSqBuffer,calculation,131072,4386,2048,523,6
RunningMeanBuffer,extend/append,131072,5778,2048,523,8
RunningMeanSqBuffer,extend/append,131072,2154,2048,523,8
RunningMeanBuffer,calculation,131072,10622,2048,523,8
RunningMeanSqBuffer,calculation,131072,4370,2048,523,8
RunningMeanBuffer,extend/append,131072,4094,2048,523,12
RunningMeanSqBuffer,extend/append,131072,1679,2048,523,12
RunningMeanBuffer,calculation,131072,10575,2048,523,12
RunningMeanSqBuffer,calculation,131072,4377,2048,523,12
RunningMeanBuffer,extend/append,131072,3386,2048,523,16
RunningMeanSqBuffer,extend/append,131072,1506,2048,523,16
RunningMeanBuffer,calculation,131072,10673,2048,523,16
RunningMeanSqBuffer,calculation,131072,4337,2048,523,16
RunningMeanBuffer,extend/append,131072,2296,2048,523,24
RunningMeanSqBuffer,extend/append,131072,1214,2048,523,24
RunningMeanBuffer,calculation,131072,10733,2048,523,24
RunningMeanSqBuffer,calculation,131072,4403,2048,523,24
RunningMeanBuffer,extend/append,131072,2193,2048,523,32
RunningMeanSqBuffer,extend/append,131072,1169,2048,523,32
RunningMeanBuffer,calculation,131072,10616,2048,523,32
RunningMeanSqBuffer,calculation,131072,4396,2048,523,32
RunningMeanBuffer,extend/append,131072,1631,2048,523,48
RunningMeanSqBuffer,extend/append,131072,1006,2048,523,48
RunningMeanBuffer,calculation,131072,10648,2048,523,48
RunningMeanSqBuffer,calculation,131072,4381,2048,523,48
RunningMeanBuffer,extend/append,131072,1489,2048,523,64
RunningMeanSqBuffer,extend/append,131072,972,2048,523,64
RunningMeanBuffer,calculation,131072,10577,2048,523,64
RunningMeanSqBuffer,calculation,131072,4327,2048,523,64
RunningMeanBuffer,extend/append,262144,73495,2048,523,1
RunningMeanSqBuffer,extend/append,262144,16674,2048,523,1
RunningMeanBuffer,calculation,262144,10980,2048,523,1
RunningMeanSqBuffer,calculation,262144,4498,2048,523,1
RunningMeanBuffer,extend/append,262144,37217,2048,523,2
RunningMeanSqBuffer,extend/append,262144,8853,2048,523,2
RunningMeanBuffer,calculation,262144,10883,2048,523,2
RunningMeanSqBuffer,calculation,262144,4504,2048,523,2
RunningMeanBuffer,extend/append,262144,25141,2048,523,3
RunningMeanSqBuffer,extend/append,262144,6310,2048,523,3
RunningMeanBuffer,calculation,262144,10816,2048,523,3
RunningMeanSqBuffer,calculation,262144,4427,2048,523,3
RunningMeanBuffer,extend/append,262144,19173,2048,523,4
RunningMeanSqBuffer,extend/append,262144,4874,2048,523,4
RunningMeanBuffer,calculation,262144,10801,2048,523,4
RunningMeanSqBuffer,calculation,262144,4491,2048,523,4
RunningMeanBuffer,extend/append,262144,12868,2048,523,6
RunningMeanSqBuffer,extend/append,262144,3473,2048,523,6
RunningMeanBuffer,calculation,262144,11111,2048,523,6
RunningMeanSqBuffer,calculation,262144,4414,2048,523,6
RunningMeanBuffer,extend/append,262144,9826,2048,523,8
RunningMeanSqBuffer,extend/append,262144,2849,2048,523,8
RunningMeanBuffer,calculation,262144,10754,2048,523,8
RunningMeanSqBuffer,calculation,262144,4489,2048,523,8
RunningMeanBuffer,extend/append,262144,6674,2048,523,12
RunningMeanSqBuffer,extend/append,262144,2097,2048,523,12
RunningMeanBuffer,calculation,262144,10781,2048,523,12
RunningMeanSqBuffer,calculation,262144,4449,2048,523,12
RunningMeanBuffer,extend/append,262144,5474,2048,523,16
RunningMeanSqBuffer,extend/append,262144,1856,2048,523,16
RunningMeanBuffer,calculation,262144,10722,2048,523,16
RunningMeanSqBuffer,calculation,262144,4453,2048,523,16
RunningMeanBuffer,extend/append,262144,3618,2048,523,24
RunningMeanSqBuffer,extend/append,262144,1427,2048,523,24
RunningMeanBuffer,calculation,262144,11062,2048,523,24
RunningMeanSqBuffer,calculation,262144,4468,2048,523,24
RunningMeanBuffer,extend/append,262144,3242,2048,523,32
RunningMeanSqBuffer,extend/append,262144,1391,2048,523,32
RunningMeanBuffer,calculation,262144,10788,2048,523,32
RunningMeanSqBuffer,calculation,262144,4424,2048,523,32
RunningMeanBuffer,extend/append,262144,2382,2048,523,48
RunningMeanSqBuffer,extend/append,262144,1153,2048,523,48
RunningMeanBuffer,calculation,262144,10759,2048,523,48
RunningMeanSqBuffer,calculation,262144,4382,2048,523,48
RunningMeanBuffer,extend/append,262144,2038,2048,523,64
RunningMeanSqBuffer,extend/append,262144,1080,2048,523,64
RunningMeanBuffer,calculation,262144,10775,2048,523,64
RunningMeanSqBuffer,calculation,262144,4398,2048,523,64
RunningMeanBuffer,extend/append,524288,418897,2048,523,1
RunningMeanSqBuffer,extend/append,524288,66051,2048,523,1
RunningMeanBuffer,calculation,524288,11681,2048,523,1
RunningMeanSqBuffer,calculation,524288,4766,2048,523,1
RunningMeanBuffer,extend/append,524288,212012,2048,523,2
RunningMeanSqBuffer,extend/append,524288,34222,2048,523,2
RunningMeanBuffer,calculation,524288,11217,2048,523,2
RunningMeanSqBuffer,calculation,524288,4718,2048,523,2
RunningMeanBuffer,extend/append,524288,140897,2048,523,3
RunningMeanSqBuffer,extend/append,524288,23280,2048,523,3
RunningMeanBuffer,calculation,524288,11189,2048,523,3
RunningMeanSqBuffer,calculation,524288,4671,2048,523,3
RunningMeanBuffer,extend/append,524288,107066,2048,523,4
RunningMeanSqBuffer,extend/append,524288,17646,2048,523,4
RunningMeanBuffer,calculation,524288,11147,2048,523,4
RunningMeanSqBuffer,calculation,524288,4676,2048,523,4
RunningMeanBuffer,extend/append,524288,70219,2048,523,6
RunningMeanSqBuffer,extend/append,524288,11929,2048,523,6
RunningMeanBuffer,calculation,524288,11165,2048,523,6
RunningMeanSqBuffer,calculation,524288,4597,2048,523,6
RunningMeanBuffer,extend/append,524288,52789,2048,523,8
RunningMeanSqBuffer,extend/append,524288,9226,2048,523,8
RunningMeanBuffer,calculation,524288,11156,2048,523,8
RunningMeanSqBuffer,calculation,524288,4639,2048,523,8
RunningMeanBuffer,extend/append,524288,35212,2048,523,12
RunningMeanSqBuffer,extend/append,524288,6415,2048,523,12
RunningMeanBuffer,calculation,524288,10993,2048,523,12
RunningMeanSqBuffer,calculation,524288,4573,2048,523,12
RunningMeanBuffer,extend/append,524288,27698,2048,523,16
RunningMeanSqBuffer,extend/append,524288,5281,2048,523,16
RunningMeanBuffer,calculation,524288,10627,2048,523,16
RunningMeanSqBuffer,calculation,524288,4490,2048,523,16
RunningMeanBuffer,extend/append,524288,16930,2048,523,24
RunningMeanSqBuffer,extend/append,524288,3616,2048,523,24
RunningMeanBuffer,calculation,524288,10534,2048,523,24
RunningMeanSqBuffer,calculation,524288,4426,2048,523,24
RunningMeanBuffer,extend/append,524288,15578,2048,523,32
RunningMeanSqBuffer,extend/append,524288,3311,2048,523,32
RunningMeanBuffer,calculation,524288,10620,2048,523,32
RunningMeanSqBuffer,calculation,524288,4491,2048,523,32
RunningMeanBuffer,extend/append,524288,9979,2048,523,48
RunningMeanSqBuffer,extend/append,524288,2505,2048,523,48
RunningMeanBuffer,calculation,524288,11140,2048,523,48
RunningMeanSqBuffer,calculation,524288,4616,2048,523,48
RunningMeanBuffer,extend/append,524288,8276,2048,523,64
RunningMeanSqBuffer,extend/append,524288,2189,2048,523,64
RunningMeanBuffer,calculation,524288,11066,2048,523,64
RunningMeanSqBuffer,calculation,524288,4694,2048,523,64
RunningMeanBuffer,extend/append,1048576,830080,2048,523,1
RunningMeanSqBuffer,extend/append,1048576,130910,2048,523,1
RunningMeanBuffer,calculation,1048576,10863,2048,523,1
RunningMeanSqBuffer,calculation,1048576,4662,2048,523,1
RunningMeanBuffer,extend/append,1048576,417605,2048,523,2
RunningMeanSqBuffer,extend/append,1048576,65448,2048,523,2
RunningMeanBuffer,calculation,1048576,10851,2048,523,2
RunningMeanSqBuffer,calculation,1048576,4607,2048,523,2
RunningMeanBuffer,extend/append,1048576,280386,2048,523,3
RunningMeanSqBuffer,extend/append,1048576,43734,2048,523,3
RunningMeanBuffer,calculation,1048576,11225,2048,523,3
RunningMeanSqBuffer,calculation,1048576,4840,2048,523,3
RunningMeanBuffer,extend/append,1048576,205637,2048,523,4
RunningMeanSqBuffer,extend/append,1048576,32798,2048,523,4
RunningMeanBuffer,calculation,1048576,11299,2048,523,4
RunningMeanSqBuffer,calculation,1048576,4580,2048,523,4
RunningMeanBuffer,extend/append,1048576,139837,2048,523,6
RunningMeanSqBuffer,extend/append,1048576,22671,2048,523,6
RunningMeanBuffer,calculation,1048576,10702,2048,523,6
RunningMeanSqBuffer,calculation,1048576,4599,2048,523,6
RunningMeanBuffer,extend/append,1048576,104659,2048,523,8
RunningMeanSqBuffer,extend/append,1048576,17068,2048,523,8
RunningMeanBuffer,calculation,1048576,11298,2048,523,8
RunningMeanSqBuffer,calculation,1048576,4749,2048,523,8
RunningMeanBuffer,extend/append,1048576,68437,2048,523,12
RunningMeanSqBuffer,extend/append,1048576,11334,2048,523,12
RunningMeanBuffer,calculation,1048576,11303,2048,523,12
RunningMeanSqBuffer,calculation,1048576,4701,2048,523,12
RunningMeanBuffer,extend/append,1048576,54971,2048,523,16
RunningMeanSqBuffer,extend/append,1048576,9222,2048,523,16
RunningMeanBuffer,calculation,1048576,11201,2048,523,16
RunningMeanSqBuffer,calculation,1048576,4715,2048,523,16
RunningMeanBuffer,extend/append,1048576,32769,2048,523,24
RunningMeanSqBuffer,extend/append,1048576,6054,2048,523,24
RunningMeanBuffer,calculation,1048576,11241,2048,523,24
RunningMeanSqBuffer,calculation,1048576,4695,2048,523,24
RunningMeanBuffer,extend/append,1048576,28124,2048,523,32
RunningMeanSqBuffer,extend/append,1048576,5427,2048,523,32
RunningMeanBuffer,calculation,1048576,11203,2048,523,32
RunningMeanSqBuffer,calculation,1048576,4675,2048,523,32
RunningMeanBuffer,extend/append,1048576,18771,2048,523,48
RunningMeanSqBuffer,extend/append,1048576,3815,2048,523,48
RunningMeanBuffer,calculation,1048576,11319,2048,523,48
RunningMeanSqBuffer,calculation,1048576,4736,2048,523,48
RunningMeanBuffer,extend/append,1048576,15181,2048,523,64
RunningMeanSqBuffer,extend/append,1048576,3278,2048,523,64
RunningMeanBuffer,calculation,1048576,11310,2048,523,64
RunningMeanSqBuffer,calculation,1048576,4585,2048,523,64
RunningMeanBuffer,extend/append,2097152,1642004,2048,523,1
RunningMeanSqBuffer,extend/append,2097152,249314,2048,523,1
RunningMeanBuffer,calculation,2097152,11648,2048,523,1
RunningMeanSqBuffer,calculation,2097152,4970,2048,523,1
RunningMeanBuffer,extend/append,2097152,811917,2048,523,2
RunningMeanSqBuffer,extend/append,2097152,125729,2048,523,2
RunningMeanBuffer,calculation,2097152,11642,2048,523,2
RunningMeanSqBuffer,calculation,2097152,4905,2048,523,2
RunningMeanBuffer,extend/append,2097152,539538,2048,523,3
RunningMeanSqBuffer,extend/append,2097152,84790,2048,523,3
RunningMeanBuffer,calculation,2097152,11632,2048,523,3
RunningMeanSqBuffer,calculation,2097152,4896,2048,523,3
RunningMeanBuffer,extend/append,2097152,404954,2048,523,4
RunningMeanSqBuffer,extend/append,2097152,63663,2048,523,4
RunningMeanBuffer,calculation,2097152,10899,2048,523,4
RunningMeanSqBuffer,calculation,2097152,4701,2048,523,4
RunningMeanBuffer,extend/append,2097152,270001,2048,523,6
RunningMeanSqBuffer,extend/append,2097152,42425,2048,523,6
RunningMeanBuffer,calculation,2097152,11568,2048,523,6
RunningMeanSqBuffer,calculation,2097152,4797,2048,523,6
RunningMeanBuffer,extend/append,2097152,205095,2048,523,8
RunningMeanSqBuffer,extend/append,2097152,32583,2048,523,8
RunningMeanBuffer,calculation,2097152,11544,2048,523,8
RunningMeanSqBuffer,calculation,2097152,4811,2048,523,8
RunningMeanBuffer,extend/append,2097152,129698,2048,523,12
RunningMeanSqBuffer,extend/append,2097152,21435,2048,523,12
RunningMeanBuffer,calculation,2097152,11580,2048,523,12
RunningMeanSqBuffer,calculation,2097152,4872,2048,523,12
RunningMeanBuffer,extend/append,2097152,105490,2048,523,16
RunningMeanSqBuffer,extend/append,2097152,17028,2048,523,16
RunningMeanBuffer,calculation,2097152,11526,2048,523,16
RunningMeanSqBuffer,calculation,2097152,4816,2048,523,16
RunningMeanBuffer,extend/append,2097152,64272,2048,523,24
RunningMeanSqBuffer,extend/append,2097152,10874,2048,523,24
RunningMeanBuffer,calculation,2097152,11125,2048,523,24
RunningMeanSqBuffer,calculation,2097152,4783,2048,523,24
RunningMeanBuffer,extend/append,2097152,57315,2048,523,32
RunningMeanSqBuffer,extend/append,2097152,9733,2048,523,32
RunningMeanBuffer,calculation,2097152,11573,2048,523,32
RunningMeanSqBuffer,calculation,2097152,4779,2048,523,32
RunningMeanBuffer,extend/append,2097152,35955,2048,523,48
RunningMeanSqBuffer,extend/append,2097152,6542,2048,523,48
RunningMeanBuffer,calculation,2097152,10919,2048,523,48
RunningMeanSqBuffer,calculation,2097152,4605,2048,523,48
RunningMeanBuffer,extend/append,2097152,28155,2048,523,64
RunningMeanSqBuffer,extend/append,2097152,5455,2048,523,64
RunningMeanBuffer,calculation,2097152,11467,2048,523,64
RunningMeanSqBuffer,calculation,2097152,4804,2048,523,64
RunningMeanBuffer,extend/append,4194304,3237157,2048,523,1
RunningMeanSqBuffer,extend/append,4194304,503351,2048,523,1
RunningMeanBuffer,calculation,4194304,12117,2048,523,1
RunningMeanSqBuffer,calculation,4194304,5168,2048,523,1
RunningMeanBuffer,extend/append,4194304,1600990,2048,523,2
RunningMeanSqBuffer,extend/append,4194304,253222,2048,523,2
RunningMeanBuffer,calculation,4194304,12135,2048,523,2
RunningMeanSqBuffer,calculation,4194304,5094,2048,523,2
RunningMeanBuffer,extend/append,4194304,1073557,2048,523,3
RunningMeanSqBuffer,extend/append,4194304,173691,2048,523,3
RunningMeanBuffer,calculation,4194304,11890,2048,523,3
RunningMeanSqBuffer,calculation,4194304,5055,2048,523,3
RunningMeanBuffer,extend/append,4194304,797800,2048,523,4
RunningMeanSqBuffer,extend/append,4194304,129914,2048,523,4
RunningMeanBuffer,calculation,4194304,11710,2048,523,4
RunningMeanSqBuffer,calculation,4194304,5173,2048,523,4
RunningMeanBuffer,extend/append,4194304,531782,2048,523,6
RunningMeanSqBuffer,extend/append,4194304,84856,2048,523,6
RunningMeanBuffer,calculation,4194304,11924,2048,523,6
RunningMeanSqBuffer,calculation,4194304,5024,2048,523,6
RunningMeanBuffer,extend/append,4194304,393670,2048,523,8
RunningMeanSqBuffer,extend/append,4194304,63312,2048,523,8
RunningMeanBuffer,calculation,4194304,12055,2048,523,8
RunningMeanSqBuffer,calculation,4194304,5027,2048,523,8
RunningMeanBuffer,extend/append,4194304,257356,2048,523,12
RunningMeanSqBuffer,extend/append,4194304,42084,2048,523,12
RunningMeanBuffer,calculation,4194304,11358,2048,523,12
RunningMeanSqBuffer,calculation,4194304,4931,2048,523,12
RunningMeanBuffer,extend/append,4194304,201152,2048,523,16
RunningMeanSqBuffer,extend/append,4194304,33460,2048,523,16
RunningMeanBuffer,calculation,4194304,11912,2048,523,16
RunningMeanSqBuffer,calculation,4194304,4994,2048,523,16
RunningMeanBuffer,extend/append,4194304,122493,2048,523,24
RunningMeanSqBuffer,extend/append,4194304,20815,2048,523,24
RunningMeanBuffer,calculation,4194304,11980,2048,523,24
RunningMeanSqBuffer,calculation,4194304,5007,2048,523,24
RunningMeanBuffer,extend/append,4194304,109722,2048,523,32
RunningMeanSqBuffer,extend/append,4194304,18474,2048,523,32
RunningMeanBuffer,calculation,4194304,11626,2048,523,32
RunningMeanSqBuffer,calculation,4194304,4998,2048,523,32
RunningMeanBuffer,extend/append,4194304,67727,2048,523,48
RunningMeanSqBuffer,extend/append,4194304,12045,2048,523,48
RunningMeanBuffer,calculation,4194304,12152,2048,523,48
RunningMeanSqBuffer,calculation,4194304,4950,2048,523,48
RunningMeanBuffer,extend/append,4194304,53919,2048,523,64
RunningMeanSqBuffer,extend/append,4194304,9814,2048,523,64
RunningMeanBuffer,calculation,4194304,11813,2048,523,64
RunningMeanSqBuffer,calculation,4194304,4773,2048,523,64
RunningMeanBuffer,extend/append,8388608,6358124,2048,523,1
RunningMeanSqBuffer,extend/append,8388608,1010249,2048,523,1
RunningMeanBuffer,calculation,8388608,13351,2048,523,1
RunningMeanSqBuffer,calculation,8388608,5341,2048,523,1
RunningMeanBuffer,extend/append,8388608,3133031,2048,523,2
RunningMeanSqBuffer,extend/append,8388608,505417,2048,523,2
RunningMeanBuffer,calculation,8388608,13595,2048,523,2
RunningMeanSqBuffer,calculation,8388608,5280,2048,523,2
RunningMeanBuffer,extend/append,8388608,2109601,2048,523,3
RunningMeanSqBuffer,extend/append,8388608,341927,2048,523,3
RunningMeanBuffer,calculation,8388608,13469,2048,523,3
RunningMeanSqBuffer,calculation,8388608,5041,2048,523,3
RunningMeanBuffer,extend/append,8388608,1585879,2048,523,4
RunningMeanSqBuffer,extend/append,8388608,254986,2048,523,4
RunningMeanBuffer,calculation,8388608,13845,2048,523,4
RunningMeanSqBuffer,calculation,8388608,5269,2048,523,4
RunningMeanBuffer,extend/append,8388608,1041665,2048,523,6
RunningMeanSqBuffer,extend/append,8388608,169448,2048,523,6
RunningMeanBuffer,calculation,8388608,13173,2048,523,6
RunningMeanSqBuffer,calculation,8388608,5236,2048,523,6
RunningMeanBuffer,extend/append,8388608,790475,2048,523,8
RunningMeanSqBuffer,extend/append,8388608,126010,2048,523,8
RunningMeanBuffer,calculation,8388608,12898,2048,523,8
RunningMeanSqBuffer,calculation,8388608,5210,2048,523,8
RunningMeanBuffer,extend/append,8388608,511021,2048,523,12
RunningMeanSqBuffer,extend/append,8388608,83198,2048,523,12
RunningMeanBuffer,calculation,8388608,13456,2048,523,12
RunningMeanSqBuffer,calculation,8388608,5106,2048,523,12
RunningMeanBuffer,extend/append,8388608,396440,2048,523,16
RunningMeanSqBuffer,extend/append,8388608,65805,2048,523,16
RunningMeanBuffer,calculation,8388608,12941,2048,523,16
RunningMeanSqBuffer,calculation,8388608,5157,2048,523,16
RunningMeanBuffer,extend/append,8388608,235425,2048,523,24
RunningMeanSqBuffer,extend/append,8388608,40000,2048,523,24
RunningMeanBuffer,calculation,8388608,13534,2048,523,24
RunningMeanSqBuffer,calculation,8388608,5200,2048,523,24
RunningMeanBuffer,extend/append,8388608,211912,2048,523,32
RunningMeanSqBuffer,extend/append,8388608,36194,2048,523,32
RunningMeanBuffer,calculation,8388608,13342,2048,523,32
RunningMeanSqBuffer,calculation,8388608,5127,2048,523,32
RunningMeanBuffer,extend/append,8388608,128931,2048,523,48
RunningMeanSqBuffer,extend/append,8388608,22761,2048,523,48
RunningMeanBuffer,calculation,8388608,13034,2048,523,48
RunningMeanSqBuffer,calculation,8388608,5231,2048,523,48
RunningMeanBuffer,extend/append,8388608,107734,2048,523,64
RunningMeanSqBuffer,extend/append,8388608,18465,2048,523,64
RunningMeanBuffer,calculation,8388608,12911,2048,523,64
RunningMeanSqBuffer,calculation,8388608,5178,2048,523,64
RunningMeanBuffer,extend/append,4096,6266,4096,523,1
RunningMeanSqBuffer,extend/append,4096,2711,4096,523,1
RunningMeanBuffer,calculation,4096,5783,4096,523,1
RunningMeanSqBuffer,calculation,4096,3344,4096,523,1
RunningMeanBuffer,extend/append,4096,3199,4096,523,2
RunningMeanSqBuffer,extend/append,4096,1858,4096,523,2
RunningMeanBuffer,calculation,4096,5779,4096,523,2
RunningMeanSqBuffer,calculation,4096,3338,4096,523,2
RunningMeanBuffer,extend/append,4096,2464,4096,523,3
RunningMeanSqBuffer,extend/append,4096,1562,4096,523,3
RunningMeanBuffer,calculation,4096,5799,4096,523,3
RunningMeanSqBuffer,calculation,4096,3248,4096,523,3
RunningMeanBuffer,extend/append,4096,2040,4096,523,4
RunningMeanSqBuffer,extend/append,4096,1379,4096,523,4
RunningMeanBuffer,calculation,4096,5768,4096,523,4
RunningMeanSqBuffer,calculation,4096,3248,4096,523,4
RunningMeanBuffer,extend/append,4096,1645,4096,523,6
RunningMeanSqBuffer,extend/append,4096,1212,4096,523,6
RunningMeanBuffer,calculation,4096,5808,4096,523,6
RunningMeanSqBuffer,calculation,4096,3324,4096,523,6
RunningMeanBuffer,extend/append,4096,1463,4096,523,8
RunningMeanSqBuffer,extend/append,4096,1108,4096,523,8
RunningMeanBuffer,calculation,4096,5807,4096,523,8
RunningMeanSqBuffer,calculation,4096,3270,4096,523,8
RunningMeanBuffer,extend/append,4096,1242,4096,523,12
RunningMeanSqBuffer,extend/append,4096,1027,4096,523,12
RunningMeanBuffer,calculation,4096,5737,4096,523,12
RunningMeanSqBuffer,calculation,4096,3241,4096,523,12
RunningMeanBuffer,extend/append,4096,1166,4096,523,16
RunningMeanSqBuffer,extend/append,4096,988,4096,523,16
RunningMeanBuffer,calculation,4096,5722,4096,523,16
RunningMeanSqBuffer,calculation,4096,3254,4096,523,16
RunningMeanBuffer,extend/append,4096,1024,4096,523,24
RunningMeanSqBuffer,extend/append,4096,918,4096,523,24
RunningMeanBuffer,calculation,4096,5757,4096,523,24
RunningMeanSqBuffer,calculation,4096,3263,4096,523,24
RunningMeanBuffer,extend/append,4096,1014,4096,523,32
RunningMeanSqBuffer,extend/append,4096,934,4096,523,32
RunningMeanBuffer,calculation,4096,5720,4096,523,32
RunningMeanSqBuffer,calculation,4096,3238,4096,523,32
RunningMeanBuffer,extend/append,4096,941,4096,523,48
RunningMeanSqBuffer,extend/append,4096,908,4096,523,48
RunningMeanBuffer,calculation,4096,5715,4096,523,48
RunningMeanSqBuffer,calculation,4096,3257,4096,523,48
RunningMeanBuffer,extend/append,4096,926,4096,523,64
RunningMeanSqBuffer,extend/append,4096,887,4096,523,64
RunningMeanBuffer,calculation,4096,5748,4096,523,64
RunningMeanSqBuffer,calculation,4096,3250,4096,523,64
RunningMeanBuffer,extend/append,8192,7626,4096,523,1
RunningMeanSqBuffer,extend/append,8192,3378,4096,523,1
RunningMeanBuffer,calculation,8192,11599,4096,523,1
RunningMeanSqBuffer,calculation,8192,4857,4096,523,1
RunningMeanBuffer,extend/append,8192,4327,4096,523,2
RunningMeanSqBuffer,extend/append,8192,2171,4096,523,2
RunningMeanBuffer,calculation,8192,11600,4096,523,2
RunningMeanSqBuffer,calculation,8192,4839,4096,523,2
RunningMeanBuffer,extend/append,8192,3229,4096,523,3
RunningMeanSqBuffer,extend/append,8192,1783,4096,523,3
RunningMeanBuffer,calculation,8192,11589,4096,523,3
RunningMeanSqBuffer,calculation,8192,4837,4096,523,3
RunningMeanBuffer,extend/append,8192,2665,4096,523,4
RunningMeanSqBuffer,extend/append,8192,1554,4096,523,4
RunningMeanBuffer,calculation,8192,11565,4096,523,4
RunningMeanSqBuffer,calculation,8192,4841,4096,523,4
RunningMeanBuffer,extend/append,8192,2084,4096,523,6
RunningMeanSqBuffer,extend/append,8192,1334,4096,523,6
RunningMeanBuffer,calculation,8192,11456,4096,523,6
RunningMeanSqBuffer,calculation,8192,4786,4096,523,6
RunningMeanBuffer,extend/append,8192,1731,4096,523,8
RunningMeanSqBuffer,extend/append,8192,1187,4096,523,8
RunningMeanBuffer,calculation,8192,11537,4096,523,8
RunningMeanSqBuffer,calculation,8192,4784,4096,523,8
RunningMeanBuffer,extend/append,8192,1467,4096,523,12
RunningMeanSqBuffer,extend/append,8192,1146,4096,523,12
RunningMeanBuffer,calculation,8192,11447,4096,523,12
RunningMeanSqBuffer,calculation,8192,4780,4096,523,12
RunningMeanBuffer,extend/append,8192,1304,4096,523,16
RunningMeanSqBuffer,extend/append,8192,1029,4096,523,16
RunningMeanBuffer,calculation,8192,11501,4096,523,16
RunningMeanSqBuffer,calculation,8192,4732,4096,523,16
RunningMeanBuffer,extend/append,8192,1131,4096,523,24
RunningMeanSqBuffer,extend/append,8192,947,4096,523,24
RunningMeanBuffer,calculation,8192,11457,4096,523,24
RunningMeanSqBuffer,calculation,8192,4759,4096,523,24
RunningMeanBuffer,extend/append,8192,1097,4096,523,32
RunningMeanSqBuffer,extend/append,8192,954,4096,523,32
RunningMeanBuffer,calculation,8192,11556,4096,523,32
RunningMeanSqBuffer,calculation,8192,4834,4096,523,32
RunningMeanBuffer,extend/append,8192,1007,4096,523,48
RunningMeanSqBuffer,extend/append,8192,913,4096,523,48
RunningMeanBuffer,calculation,8192,11434,4096,523,48
RunningMeanSqBuffer,calculation,8192,4803,4096,523,48
RunningMeanBuffer,extend/append,8192,965,4096,523,64
RunningMeanSqBuffer,extend/append,8192,891,4096,523,64
RunningMeanBuffer,calculation,8192,11552,4096,523,64
RunningMeanSqBuffer,calculation,8192,4746,4096,523,64
RunningMeanBuffer,extend/append,16384,11104,4096,523,1
RunningMeanSqBuffer,extend/append,16384,4375,4096,523,1
RunningMeanBuffer,calculation,16384,11579,4096,523,1
RunningMeanSqBuffer,calculation,16384,4861,4096,523,1
RunningMeanBuffer,extend/append,16384,6086,4096,523,2
RunningMeanSqBuffer,extend/append,16384,2744,4096,523,2
RunningMeanBuffer,calculation,16384,11597,4096,523,2
RunningMeanSqBuffer,calculation,16384,4854,4096,523,2
RunningMeanBuffer,extend/append,16384,4479,4096,523,3
RunningMeanSqBuffer,extend/append,16384,2133,4096,523,3
RunningMeanBuffer,calculation,16384,11609,4096,523,3
RunningMeanSqBuffer,calculation,16384,4801,4096,523,3
RunningMeanBuffer,extend/append,16384,3602,4096,523,4
RunningMeanSqBuffer,extend/append,16384,1804,4096,523,4
RunningMeanBuffer,calculation,16384,11616,4096,523,4
RunningMeanSqBuffer,calculation,16384,4809,4096,523,4
RunningMeanBuffer,extend/append,16384,2703,4096,523,6
RunningMeanSqBuffer,extend/append,16384,1511,4096,523,6
RunningMeanBuffer,calculation,16384,11643,4096,523,6
RunningMeanSqBuffer,calculation,16384,4821,4096,523,6
RunningMeanBuffer,extend/append,16384,2261,4096,523,8
RunningMeanSqBuffer,extend/append,16384,1323,4096,523,8
RunningMeanBuffer,calculation,16384,11691,4096,523,8
RunningMeanSqBuffer,calculation,16384,4761,4096,523,8
RunningMeanBuffer,extend/append,16384,1760,4096,523,12
RunningMeanSqBuffer,extend/append,16384,1178,4096,523,12
RunningMeanBuffer,calculation,16384,11506,4096,523,12
RunningMeanSqBuffer,calculation,16384,4835,4096,523,12
RunningMeanBuffer,extend/append,16384,1553,4096,523,16
RunningMeanSqBuffer,extend/append,16384,1108,4096,523,16
RunningMeanBuffer,calculation,16384,11543,4096,523,16
RunningMeanSqBuffer,calculation,16384,4816,4096,523,16
RunningMeanBuffer,extend/append,16384,1278,4096,523,24
RunningMeanSqBuffer,extend/append,16384,1001,4096,523,24
RunningMeanBuffer,calculation,16384,11501,4096,523,24
RunningMeanSqBuffer,calculation,16384,4705,4096,523,24
RunningMeanBuffer,extend/append,16384,1242,4096,523,32
RunningMeanSqBuffer,extend/append,16384,1027,4096,523,32
RunningMeanBuffer,calculation,16384,11511,4096,523,32
RunningMeanSqBuffer,calculation,16384,4768,4096,523,32
RunningMeanBuffer,extend/append,16384,1095,4096,523,48
RunningMeanSqBuffer,extend/append,16384,964,4096,523,48
RunningMeanBuffer,calculation,16384,11639,4096,523,48
RunningMeanSqBuffer,calculation,16384,4724,4096,523,48
RunningMeanBuffer,extend/append,16384,1081,4096,523,64
RunningMeanSqBuffer,extend/append,16384,923,4096,523,64
RunningMeanBuffer,calculation,16384,11556,4096,523,64
RunningMeanSqBuffer,calculation,16384,4790,4096,523,64
RunningMeanBuffer,extend/append,32768,14745,4096,523,1
RunningMeanSqBuffer,extend/append,32768,5787,4096,523,1
RunningMeanBuffer,calculation,32768,11742,4096,523,1
RunningMeanSqBuffer,calculation,32768,4853,4096,523,1
RunningMeanBuffer,extend/append,32768,8130,4096,523,2
RunningMeanSqBuffer,extend/append,32768,3568,4096,523,2
RunningMeanBuffer,calculation,32768,11722,4096,523,2
RunningMeanSqBuffer,calculation,32768,4888,4096,523,2
RunningMeanBuffer,extend/append,32768,5819,4096,523,3
RunningMeanSqBuffer,extend/append,32768,2596,4096,523,3
RunningMeanBuffer,calculation,32768,11639,4096,523,3
RunningMeanSqBuffer,calculation,32768,4842,4096,523,3
RunningMeanBuffer,extend/append,32768,4580,4096,523,4
RunningMeanSqBuffer,extend/append,32768,2199,4096,523,4
RunningMeanBuffer,calculation,32768,11620,4096,523,4
RunningMeanSqBuffer,calculation,32768,4932,4096,523,4
RunningMeanBuffer,extend/append,32768,3361,4096,523,6
RunningMeanSqBuffer,extend/append,32768,1761,4096,523,6
RunningMeanBuffer,calculation,32768,11653,4096,523,6
RunningMeanSqBuffer,calculation,32768,4794,4096,523,6
RunningMeanBuffer,extend/append,32768,2758,4096,523,8
RunningMeanSqBuffer,extend/append,32768,1533,4096,523,8
RunningMeanBuffer,calculation,32768,11603,4096,523,8
RunningMeanSqBuffer,calculation,32768,4826,4096,523,8
RunningMeanBuffer,extend/append,32768,2097,4096,523,12
RunningMeanSqBuffer,extend/append,32768,1301,4096,523,12
RunningMeanBuffer,calculation,32768,11828,4096,523,12
RunningMeanSqBuffer,calculation,32768,4799,4096,523,12
RunningMeanBuffer,extend/append,32768,1834,4096,523,16
RunningMeanSqBuffer,extend/append,32768,1228,4096,523,16
RunningMeanBuffer,calculation,32768,11690,4096,523,16
RunningMeanSqBuffer,calculation,32768,4785,4096,523,16
RunningMeanBuffer,extend/append,32768,1455,4096,523,24
RunningMeanSqBuffer,extend/append,32768,1076,4096,523,24
RunningMeanBuffer,calculation,32768,11562,4096,523,24
RunningMeanSqBuffer,calculation,32768,4872,4096,523,24
RunningMeanBuffer,extend/append,32768,1392,4096,523,32
RunningMeanSqBuffer,extend/append,32768,1049,4096,523,32
RunningMeanBuffer,calculation,32768,11621,4096,523,32
RunningMeanSqBuffer,calculation,32768,4865,4096,523,32
RunningMeanBuffer,extend/append,32768,1229,4096,523,48
RunningMeanSqBuffer,extend/append,32768,1005,4096,523,48
RunningMeanBuffer,calculation,32768,11538,4096,523,48
RunningMeanSqBuffer,calculation,32768,4912,4096,523,48
RunningMeanBuffer,extend/append,32768,1127,4096,523,64
RunningMeanSqBuffer,extend/append,32768,999,4096,523,64
RunningMeanBuffer,calculation,32768,11637,4096,523,64
RunningMeanSqBuffer,calculation,32768,4796,4096,523,64
RunningMeanBuffer,extend/append,65536,24208,4096,523,1
RunningMeanSqBuffer,extend/append,65536,7854,4096,523,1
RunningMeanBuffer,calculation,65536,12324,4096,523,1
RunningMeanSqBuffer,calculation,65536,4953,4096,523,1
RunningMeanBuffer,extend/append,65536,12642,4096,523,2
RunningMeanSqBuffer,extend/append,65536,3975,4096,523,2
RunningMeanBuffer,calculation,65536,12168,4096,523,2
RunningMeanSqBuffer,calculation,65536,4936,4096,523,2
RunningMeanBuffer,extend/append,65536,8863,4096,523,3
RunningMeanSqBuffer,extend/append,65536,3022,4096,523,3
RunningMeanBuffer,calculation,65536,12147,4096,523,3
RunningMeanSqBuffer,calculation,65536,4958,4096,523,3
RunningMeanBuffer,extend/append,65536,6847,4096,523,4
RunningMeanSqBuffer,extend/append,65536,2483,4096,523,4
RunningMeanBuffer,calculation,65536,12255,4096,523,4
RunningMeanSqBuffer,calculation,65536,4880,4096,523,4
RunningMeanBuffer,extend/append,65536,4920,4096,523,6
RunningMeanSqBuffer,extend/append,65536,1952,4096,523,6
RunningMeanBuffer,calculation,65536,12192,4096,523,6
RunningMeanSqBuffer,calculation,65536,4884,4096,523,6
RunningMeanBuffer,extend/append,65536,3884,4096,523,8
RunningMeanSqBuffer,extend/append,65536,1676,4096,523,8
RunningMeanBuffer,calculation,65536,12161,4096,523,8
RunningMeanSqBuffer,calculation,65536,4919,4096,523,8
RunningMeanBuffer,extend/append,65536,2837,4096,523,12
RunningMeanSqBuffer,extend/append,65536,1419,4096,523,12
RunningMeanBuffer,calculation,65536,12076,4096,523,12
RunningMeanSqBuffer,calculation,65536,4880,4096,523,12
RunningMeanBuffer,extend/append,65536,2474,4096,523,16
RunningMeanSqBuffer,extend/append,65536,1298,4096,523,16
RunningMeanBuffer,calculation,65536,12096,4096,523,16
RunningMeanSqBuffer,calculation,65536,4798,4096,523,16
RunningMeanBuffer,extend/append,65536,1785,4096,523,24
RunningMeanSqBuffer,extend/append,65536,1137,4096,523,24
RunningMeanBuffer,calculation,65536,12269,4096,523,24
RunningMeanSqBuffer,calculation,65536,4860,4096,523,24
RunningMeanBuffer,extend/append,65536,1870,4096,523,32
RunningMeanSqBuffer,extend/append,65536,1151,4096,523,32
RunningMeanBuffer,calculation,65536,11944,4096,523,32
RunningMeanSqBuffer,calculation,65536,4893,4096,523,32
RunningMeanBuffer,extend/append,65536,1426,4096,523,48
RunningMeanSqBuffer,extend/append,65536,1077,4096,523,48
RunningMeanBuffer,calculation,65536,12177,4096,523,48
RunningMeanSqBuffer,calculation,65536,4905,4096,523,48
RunningMeanBuffer,extend/append,65536,1303,4096,523,64
RunningMeanSqBuffer,extend/append,65536,1026,4096,523,64
RunningMeanBuffer,calculation,65536,12046,4096,523,64
RunningMeanSqBuffer,calculation,65536,4878,4096,523,64
RunningMeanBuffer,extend/append,131072,41426,4096,523,1
RunningMeanSqBuffer,extend/append,131072,11918,4096,523,1
RunningMeanBuffer,calculation,131072,11946,4096,523,1
RunningMeanSqBuffer,calculation,131072,5078,4096,523,1
RunningMeanBuffer,extend/append,131072,21225,4096,523,2
RunningMeanSqBuffer,extend/append,131072,6507,4096,523,2
RunningMeanBuffer,calculation,131072,11925,4096,523,2
RunningMeanSqBuffer,calculation,131072,5050,4096,523,2
RunningMeanBuffer,extend/append,131072,14628,4096,523,3
RunningMeanSqBuffer,extend/append,131072,4737,4096,523,3
RunningMeanBuffer,calculation,131072,11781,4096,523,3
RunningMeanSqBuffer,calculation,131072,5036,4096,523,3
RunningMeanBuffer,extend/append,131072,11263,4096,523,4
RunningMeanSqBuffer,extend/append,131072,3810,4096,523,4
RunningMeanBuffer,calculation,131072,11804,4096,523,4
RunningMeanSqBuffer,calculation,131072,5000,4096,523,4
RunningMeanBuffer,extend/append,131072,7684,4096,523,6
RunningMeanSqBuffer,extend/append,131072,2830,4096,523,6
RunningMeanBuffer,calculation,131072,11719,4096,523,6
RunningMeanSqBuffer,calculation,131072,4992,4096,523,6
RunningMeanBuffer,extend/append,131072,6019,4096,523,8
RunningMeanSqBuffer,extend/append,131072,2333,4096,523,8
RunningMeanBuffer,calculation,131072,12016,4096,523,8
RunningMeanSqBuffer,calculation,131072,4941,4096,523,8
RunningMeanBuffer,extend/append,131072,4264,4096,523,12
RunningMeanSqBuffer,extend/append,131072,1830,4096,523,12
RunningMeanBuffer,calculation,131072,11778,4096,523,12
RunningMeanSqBuffer,calculation,131072,4963,4096,523,12
RunningMeanBuffer,extend/append,131072,3525,4096,523,16
RunningMeanSqBuffer,extend/append,131072,1657,4096,523,16
RunningMeanBuffer,calculation,131072,11830,4096,523,16
RunningMeanSqBuffer,calculation,131072,4946,4096,523,16
RunningMeanBuffer,extend/append,131072,2480,4096,523,24
RunningMeanSqBuffer,extend/append,131072,1364,4096,523,24
RunningMeanBuffer,calculation,131072,11938,4096,523,24
RunningMeanSqBuffer,calculation,131072,4848,4096,523,24
RunningMeanBuffer,extend/append,131072,2295,4096,523,32
RunningMeanSqBuffer,extend/append,131072,1293,4096,523,32
RunningMeanBuffer,calculation,131072,11477,4096,523,32
RunningMeanSqBuffer,calculation,131072,4857,4096,523,32
RunningMeanBuffer,extend/append,131072,1811,4096,523,48
RunningMeanSqBuffer,extend/append,131072,1138,4096,523,48
RunningMeanBuffer,calculation,131072,11531,4096,523,48
RunningMeanSqBuffer,calculation,131072,4838,4096,523,48
RunningMeanBuffer,extend/append,131072,1581,4096,523,64
RunningMeanSqBuffer,extend/append,131072,1098,4096,523,64
RunningMeanBuffer,calculation,131072,11522,4096,523,64
RunningMeanSqBuffer,calculation,131072,4861,4096,523,64
RunningMeanBuffer,extend/append,262144,73608,4096,523,1
RunningMeanSqBuffer,extend/append,262144,16297,4096,523,1
RunningMeanBuffer,calculation,262144,11652,4096,523,1
RunningMeanSqBuffer,calculation,262144,5022,4096,523,1
RunningMeanBuffer,extend/append,262144,37277,4096,523,2
RunningMeanSqBuffer,extend/append,262144,8721,4096,523,2
RunningMeanBuffer,calculation,262144,11566,4096,523,2
RunningMeanSqBuffer,calculation,262144,4961,4096,523,2
RunningMeanBuffer,extend/append,262144,25249,4096,523,3
RunningMeanSqBuffer,extend/append,262144,6329,4096,523,3
RunningMeanBuffer,calculation,262144,11622,4096,523,3
RunningMeanSqBuffer,calculation,262144,4917,4096,523,3
RunningMeanBuffer,extend/append,262144,18950,4096,523,4
RunningMeanSqBuffer,extend/append,262144,4859,4096,523,4
RunningMeanBuffer,calculation,262144,11617,4096,523,4
RunningMeanSqBuffer,calculation,262144,4912,4096,523,4
RunningMeanBuffer,extend/append,262144,13127,4096,523,6
RunningMeanSqBuffer,extend/append,262144,3559,4096,523,6
RunningMeanBuffer,calculation,262144,11561,4096,523,6
RunningMeanSqBuffer,calculation,262144,4906,4096,523,6
RunningMeanBuffer,extend/append,262144,9848,4096,523,8
RunningMeanSqBuffer,extend/append,262144,2920,4096,523,8
RunningMeanBuffer,calculation,262144,12272,4096,523,8
RunningMeanSqBuffer,calculation,262144,5072,4096,523,8
RunningMeanBuffer,extend/append,262144,6952,4096,523,12
RunningMeanSqBuffer,extend/append,262144,2337,4096,523,12
RunningMeanBuffer,calculation,262144,11943,4096,523,12
RunningMeanSqBuffer,calculation,262144,5047,4096,523,12
RunningMeanBuffer,extend/append,262144,5610,4096,523,16
RunningMeanSqBuffer,extend/append,262144,2008,4096,523,16
RunningMeanBuffer,calculation,262144,11872,4096,523,16
RunningMeanSqBuffer,calculation,262144,4989,4096,523,16
RunningMeanBuffer,extend/append,262144,3712,4096,523,24
RunningMeanSqBuffer,extend/append,262144,1583,4096,523,24
RunningMeanBuffer,calculation,262144,11942,4096,523,24
RunningMeanSqBuffer,calculation,262144,5014,4096,523,24
RunningMeanBuffer,extend/append,262144,3565,4096,523,32
RunningMeanSqBuffer,extend/append,262144,1546,4096,523,32
RunningMeanBuffer,calculation,262144,11940,4096,523,32
RunningMeanSqBuffer,calculation,262144,5040,4096,523,32
RunningMeanBuffer,extend/append,262144,2554,4096,523,48
RunningMeanSqBuffer,extend/append,262144,1320,4096,523,48
RunningMeanBuffer,calculation,262144,11871,4096,523,48
RunningMeanSqBuffer,calculation,262144,5033,4096,523,48
RunningMeanBuffer,extend/append,262144,2208,4096,523,64
RunningMeanSqBuffer,extend/append,262144,1231,4096,523,64
RunningMeanBuffer,calculation,262144,11880,4096,523,64
RunningMeanSqBuffer,calculation,262144,4978,4096,523,64
RunningMeanBuffer,extend/append,524288,421344,4096,523,1
RunningMeanSqBuffer,extend/append,524288,68209,4096,523,1
RunningMeanBuffer,calculation,524288,11889,4096,523,1
RunningMeanSqBuffer,calculation,524288,5108,4096,523,1
RunningMeanBuffer,extend/append,524288,215729,4096,523,2
RunningMeanSqBuffer,extend/append,524288,34688,4096,523,2
RunningMeanBuffer,calculation,524288,11711,4096,523,2
RunningMeanSqBuffer,calculation,524288,5099,4096,523,2
RunningMeanBuffer,extend/append,524288,142449,4096,523,3
RunningMeanSqBuffer,extend/append,524288,24101,4096,523,3
RunningMeanBuffer,calculation,524288,11827,4096,523,3
RunningMeanSqBuffer,calculation,524288,4972,4096,523,3
RunningMeanBuffer,extend/append,524288,108874,4096,523,4
RunningMeanSqBuffer,extend/append,524288,18368,4096,523,4
RunningMeanBuffer,calculation,524288,12050,4096,523,4
RunningMeanSqBuffer,calculation,524288,5157,4096,523,4
RunningMeanBuffer,extend/append,524288,70804,4096,523,6
RunningMeanSqBuffer,extend/append,524288,12576,4096,523,6
RunningMeanBuffer,calculation,524288,12264,4096,523,6
RunningMeanSqBuffer,calculation,524288,5197,4096,523,6
RunningMeanBuffer,extend/append,524288,53667,4096,523,8
RunningMeanSqBuffer,extend/append,524288,9653,4096,523,8
RunningMeanBuffer,calculation,524288,12224,4096,523,8
RunningMeanSqBuffer,calculation,524288,5248,4096,523,8
RunningMeanBuffer,extend/append,524288,35923,4096,523,12
RunningMeanSqBuffer,extend/append,524288,6811,4096,523,12
RunningMeanBuffer,calculation,524288,12423,4096,523,12
RunningMeanSqBuffer,calculation,524288,5204,4096,523,12
RunningMeanBuffer,extend/append,524288,28476,4096,523,16
RunningMeanSqBuffer,extend/append,524288,5771,4096,523,16
RunningMeanBuffer,calculation,524288,12337,4096,523,16
RunningMeanSqBuffer,calculation,524288,5167,4096,523,16
RunningMeanBuffer,extend/append,524288,17774,4096,523,24
RunningMeanSqBuffer,extend/append,524288,3966,4096,523,24
RunningMeanBuffer,calculation,524288,12289,4096,523,24
RunningMeanSqBuffer,calculation,524288,5213,4096,523,24
RunningMeanBuffer,extend/append,524288,15964,4096,523,32
RunningMeanSqBuffer,extend/append,524288,3673,4096,523,32
RunningMeanBuffer,calculation,524288,12346,4096,523,32
RunningMeanSqBuffer,calculation,524288,5107,4096,523,32
RunningMeanBuffer,extend/append,524288,10475,4096,523,48
RunningMeanSqBuffer,extend/append,524288,2866,4096,523,48
RunningMeanBuffer,calculation,524288,12237,4096,523,48
RunningMeanSqBuffer,calculation,524288,5162,4096,523,48
RunningMeanBuffer,extend/append,524288,8719,4096,523,64
RunningMeanSqBuffer,extend/append,524288,2560,4096,523,64
RunningMeanBuffer,calculation,524288,12315,4096,523,64
RunningMeanSqBuffer,calculation,524288,5239,4096,523,64
RunningMeanBuffer,extend/append,1048576,830859,4096,523,1
RunningMeanSqBuffer,extend/append,1048576,127975,4096,523,1
RunningMeanBuffer,calculation,1048576,12672,4096,523,1
RunningMeanSqBuffer,calculation,1048576,5418,4096,523,1
RunningMeanBuffer,extend/append,1048576,415903,4096,523,2
RunningMeanSqBuffer,extend/append,1048576,65532,4096,523,2
RunningMeanBuffer,calculation,1048576,12556,4096,523,2
RunningMeanSqBuffer,calculation,1048576,5343,4096,523,2
RunningMeanBuffer,extend/append,1048576,279337,4096,523,3
RunningMeanSqBuffer,extend/append,1048576,44041,4096,523,3
RunningMeanBuffer,calculation,1048576,12508,4096,523,3
RunningMeanSqBuffer,calculation,1048576,5332,4096,523,3
RunningMeanBuffer,extend/append,1048576,208411,4096,523,4
RunningMeanSqBuffer,extend/append,1048576,33287,4096,523,4
RunningMeanBuffer,calculation,1048576,12497,4096,523,4
RunningMeanSqBuffer,calculation,1048576,5347,4096,523,4
RunningMeanBuffer,extend/append,1048576,141316,4096,523,6
RunningMeanSqBuffer,extend/append,1048576,22954,4096,523,6
RunningMeanBuffer,calculation,1048576,12479,4096,523,6
RunningMeanSqBuffer,calculation,1048576,5323,4096,523,6
RunningMeanBuffer,extend/append,1048576,104298,4096,523,8
RunningMeanSqBuffer,extend/append,1048576,17160,4096,523,8
RunningMeanBuffer,calculation,1048576,12640,4096,523,8
RunningMeanSqBuffer,calculation,1048576,5184,4096,523,8
RunningMeanBuffer,extend/append,1048576,67276,4096,523,12
RunningMeanSqBuffer,extend/append,1048576,11736,4096,523,12
RunningMeanBuffer,calculation,1048576,12496,4096,523,12
RunningMeanSqBuffer,calculation,1048576,5294,4096,523,12
RunningMeanBuffer,extend/append,1048576,54525,4096,523,16
RunningMeanSqBuffer,extend/append,1048576,9727,4096,523,16
RunningMeanBuffer,calculation,1048576,12468,4096,523,16
RunningMeanSqBuffer,calculation,1048576,5252,4096,523,16
RunningMeanBuffer,extend/append,1048576,33528,4096,523,24
RunningMeanSqBuffer,extend/append,1048576,6443,4096,523,24
RunningMeanBuffer,calculation,1048576,12512,4096,523,24
RunningMeanSqBuffer,calculation,1048576,5303,4096,523,24
RunningMeanBuffer,extend/append,1048576,29760,4096,523,32
RunningMeanSqBuffer,extend/append,1048576,5929,4096,523,32
RunningMeanBuffer,calculation,1048576,12442,4096,523,32
RunningMeanSqBuffer,calculation,1048576,5282,4096,523,32
RunningMeanBuffer,extend/append,1048576,18641,4096,523,48
RunningMeanSqBuffer,extend/append,1048576,4320,4096,523,48
RunningMeanBuffer,calculation,1048576,11813,4096,523,48
RunningMeanSqBuffer,calculation,1048576,5103,4096,523,48
RunningMeanBuffer,extend/append,1048576,15873,4096,523,64
RunningMeanSqBuffer,extend/append,1048576,3692,4096,523,64
RunningMeanBuffer,calculation,1048576,12071,4096,523,64
RunningMeanSqBuffer,calculation,1048576,5282,4096,523,64
RunningMeanBuffer,extend/append,2097152,1630811,4096,523,1
RunningMeanSqBuffer,extend/append,2097152,251060,4096,523,1
RunningMeanBuffer,calculation,2097152,12956,4096,523,1
RunningMeanSqBuffer,calculation,2097152,5561,4096,523,1
RunningMeanBuffer,extend/append,2097152,826610,4096,523,2
RunningMeanSqBuffer,extend/append,2097152,126857,4096,523,2
RunningMeanBuffer,calculation,2097152,12793,4096,523,2
RunningMeanSqBuffer,calculation,2097152,5404,4096,523,2
RunningMeanBuffer,extend/append,2097152,557623,4096,523,3
RunningMeanSqBuffer,extend/append,2097152,85680,4096,523,3
RunningMeanBuffer,calculation,2097152,12875,4096,523,3
RunningMeanSqBuffer,calculation,2097152,5464,4096,523,3
RunningMeanBuffer,extend/append,2097152,417015,4096,523,4
RunningMeanSqBuffer,extend/append,2097152,64555,4096,523,4
RunningMeanBuffer,calculation,2097152,12904,4096,523,4
RunningMeanSqBuffer,calculation,2097152,5448,4096,523,4
RunningMeanBuffer,extend/append,2097152,275488,4096,523,6
RunningMeanSqBuffer,extend/append,2097152,43223,4096,523,6
RunningMeanBuffer,calculation,2097152,12892,4096,523,6
RunningMeanSqBuffer,calculation,2097152,5400,4096,523,6
RunningMeanBuffer,extend/append,2097152,204823,4096,523,8
RunningMeanSqBuffer,extend/append,2097152,32771,4096,523,8
RunningMeanBuffer,calculation,2097152,12069,4096,523,8
RunningMeanSqBuffer,calculation,2097152,5221,4096,523,8
RunningMeanBuffer,extend/append,2097152,136099,4096,523,12
RunningMeanSqBuffer,extend/append,2097152,21852,4096,523,12
RunningMeanBuffer,calculation,2097152,12772,4096,523,12
RunningMeanSqBuffer,calculation,2097152,5496,4096,523,12
RunningMeanBuffer,extend/append,2097152,106682,4096,523,16
RunningMeanSqBuffer,extend/append,2097152,17576,4096,523,16
RunningMeanBuffer,calculation,2097152,12854,4096,523,16
RunningMeanSqBuffer,calculation,2097152,5440,4096,523,16
RunningMeanBuffer,extend/append,2097152,63932,4096,523,24
RunningMeanSqBuffer,extend/append,2097152,11187,4096,523,24
RunningMeanBuffer,calculation,2097152,12961,4096,523,24
RunningMeanSqBuffer,calculation,2097152,5365,4096,523,24
RunningMeanBuffer,extend/append,2097152,57716,4096,523,32
RunningMeanSqBuffer,extend/append,2097152,10111,4096,523,32
RunningMeanBuffer,calculation,2097152,12814,4096,523,32
RunningMeanSqBuffer,calculation,2097152,5409,4096,523,32
RunningMeanBuffer,extend/append,2097152,36822,4096,523,48
RunningMeanSqBuffer,extend/append,2097152,6979,4096,523,48
RunningMeanBuffer,calculation,2097152,12423,4096,523,48
RunningMeanSqBuffer,calculation,2097152,5174,4096,523,48
RunningMeanBuffer,extend/append,2097152,28463,4096,523,64
RunningMeanSqBuffer,extend/append,2097152,5912,4096,523,64
RunningMeanBuffer,calculation,2097152,12861,4096,523,64
RunningMeanSqBuffer,calculation,2097152,5395,4096,523,64
RunningMeanBuffer,extend/append,4194304,3246738,4096,523,1
RunningMeanSqBuffer,extend/append,4194304,505281,4096,523,1
RunningMeanBuffer,calculation,4194304,13473,4096,523,1
RunningMeanSqBuffer,calculation,4194304,5742,4096,523,1
RunningMeanBuffer,extend/append,4194304,1631924,4096,523,2
RunningMeanSqBuffer,extend/append,4194304,254517,4096,523,2
RunningMeanBuffer,calculation,4194304,13581,4096,523,2
RunningMeanSqBuffer,calculation,4194304,5889,4096,523,2
RunningMeanBuffer,extend/append,4194304,1101717,4096,523,3
RunningMeanSqBuffer,extend/append,4194304,170604,4096,523,3
RunningMeanBuffer,calculation,4194304,13602,4096,523,3
RunningMeanSqBuffer,calculation,4194304,5807,4096,523,3
RunningMeanBuffer,extend/append,4194304,814436,4096,523,4
RunningMeanSqBuffer,extend/append,4194304,128114,4096,523,4
RunningMeanBuffer,calculation,4194304,13446,4096,523,4
RunningMeanSqBuffer,calculation,4194304,5468,4096,523,4
RunningMeanBuffer,extend/append,4194304,541669,4096,523,6
RunningMeanSqBuffer,extend/append,4194304,85293,4096,523,6
RunningMeanBuffer,calculation,4194304,13569,4096,523,6
RunningMeanSqBuffer,calculation,4194304,5698,4096,523,6
RunningMeanBuffer,extend/append,4194304,401387,4096,523,8
RunningMeanSqBuffer,extend/append,4194304,63670,4096,523,8
RunningMeanBuffer,calculation,4194304,13468,4096,523,8
RunningMeanSqBuffer,calculation,4194304,5641,4096,523,8
RunningMeanBuffer,extend/append,4194304,262767,4096,523,12
RunningMeanSqBuffer,extend/append,4194304,43361,4096,523,12
RunningMeanBuffer,calculation,4194304,13003,4096,523,12
RunningMeanSqBuffer,calculation,4194304,5599,4096,523,12
RunningMeanBuffer,extend/append,4194304,206032,4096,523,16
RunningMeanSqBuffer,extend/append,4194304,34186,4096,523,16
RunningMeanBuffer,calculation,4194304,13356,4096,523,16
RunningMeanSqBuffer,calculation,4194304,5725,4096,523,16
RunningMeanBuffer,extend/append,4194304,125606,4096,523,24
RunningMeanSqBuffer,extend/append,4194304,21434,4096,523,24
RunningMeanBuffer,calculation,4194304,13203,4096,523,24
RunningMeanSqBuffer,calculation,4194304,5511,4096,523,24
RunningMeanBuffer,extend/append,4194304,111756,4096,523,32
RunningMeanSqBuffer,extend/append,4194304,19326,4096,523,32
RunningMeanBuffer,calculation,4194304,13430,4096,523,32
RunningMeanSqBuffer,calculation,4194304,5682,4096,523,32
RunningMeanBuffer,extend/append,4194304,70515,4096,523,48
RunningMeanSqBuffer,extend/append,4194304,12361,4096,523,48
RunningMeanBuffer,calculation,4194304,13479,4096,523,48
RunningMeanSqBuffer,calculation,4194304,5662,4096,523,48
RunningMeanBuffer,extend/append,4194304,57317,4096,523,64
RunningMeanSqBuffer,extend/append,4194304,10195,4096,523,64
RunningMeanBuffer,calculation,4194304,13285,4096,523,64
RunningMeanSqBuffer,calculation,4194304,5664,4096,523,64
RunningMeanBuffer,extend/append,8388608,6324063,4096,523,1
RunningMeanSqBuffer,extend/append,8388608,1011854,4096,523,1
RunningMeanBuffer,calculation,8388608,14802,4096,523,1
RunningMeanSqBuffer,calculation,8388608,6080,4096,523,1
RunningMeanBuffer,extend/append,8388608,3158129,4096,523,2
RunningMeanSqBuffer,extend/append,8388608,507473,4096,523,2
RunningMeanBuffer,calculation,8388608,14230,4096,523,2
RunningMeanSqBuffer,calculation,8388608,5970,4096,523,2
RunningMeanBuffer,extend/append,8388608,2134399,4096,523,3
RunningMeanSqBuffer,extend/append,8388608,341513,4096,523,3
RunningMeanBuffer,calculation,8388608,15250,4096,523,3
RunningMeanSqBuffer,calculation,8388608,6012,4096,523,3
RunningMeanBuffer,extend/append,8388608,1579044,4096,523,4
RunningMeanSqBuffer,extend/append,8388608,255702,4096,523,4
RunningMeanBuffer,calculation,8388608,15088,4096,523,4
RunningMeanSqBuffer,calculation,8388608,5948,4096,523,4
RunningMeanBuffer,extend/append,8388608,1072455,4096,523,6
RunningMeanSqBuffer,extend/append,8388608,169648,4096,523,6
RunningMeanBuffer,calculation,8388608,14493,4096,523,6
RunningMeanSqBuffer,calculation,8388608,5886,4096,523,6
RunningMeanBuffer,extend/append,8388608,780401,4096,523,8
RunningMeanSqBuffer,extend/append,8388608,127485,4096,523,8
RunningMeanBuffer,calculation,8388608,14962,4096,523,8
RunningMeanSqBuffer,calculation,8388608,5971,4096,523,8
RunningMeanBuffer,extend/append,8388608,506305,4096,523,12
RunningMeanSqBuffer,extend/append,8388608,83666,4096,523,12
RunningMeanBuffer,calculation,8388608,15110,4096,523,12
RunningMeanSqBuffer,calculation,8388608,5934,4096,523,12
RunningMeanBuffer,extend/append,8388608,395823,4096,523,16
RunningMeanSqBuffer,extend/append,8388608,66631,4096,523,16
RunningMeanBuffer,calculation,8388608,14565,4096,523,16
RunningMeanSqBuffer,calculation,8388608,5767,4096,523,16
RunningMeanBuffer,extend/append,8388608,239780,4096,523,24
RunningMeanSqBuffer,extend/append,8388608,40629,4096,523,24
RunningMeanBuffer,calculation,8388608,14968,4096,523,24
RunningMeanSqBuffer,calculation,8388608,5694,4096,523,24
RunningMeanBuffer,extend/append,8388608,212652,4096,523,32
RunningMeanSqBuffer,extend/append,8388608,36792,4096,523,32
RunningMeanBuffer,calculation,8388608,15009,4096,523,32
RunningMeanSqBuffer,calculation,8388608,5931,4096,523,32
RunningMeanBuffer,extend/append,8388608,134686,4096,523,48
RunningMeanSqBuffer,extend/append,8388608,23457,4096,523,48
RunningMeanBuffer,calculation,8388608,14429,4096,523,48
RunningMeanSqBuffer,calculation,8388608,5900,4096,523,48
RunningMeanBuffer,extend/append,8388608,107622,4096,523,64
RunningMeanSqBuffer,extend/append,8388608,18932,4096,523,64
RunningMeanBuffer,calculation,8388608,14689,4096,523,64
RunningMeanSqBuffer,calculation,8388608,5744,4096,523,64
RunningMeanBuffer,extend/append,8192,6738,8192,523,1
RunningMeanSqBuffer,extend/append,8192,3517,8192,523,1
RunningMeanBuffer,calculation,8192,7961,8192,523,1
RunningMeanSqBuffer,calculation,8192,4664,8192,523,1
RunningMeanBuffer,extend/append,8192,4145,8192,523,2
RunningMeanSqBuffer,extend/append,8192,2473,8192,523,2
RunningMeanBuffer,calculation,8192,7892,8192,523,2
RunningMeanSqBuffer,calculation,8192,4685,8192,523,2
RunningMeanBuffer,extend/append,8192,3240,8192,523,3
RunningMeanSqBuffer,extend/append,8192,2113,8192,523,3
RunningMeanBuffer,calculation,8192,7944,8192,523,3
RunningMeanSqBuffer,calculation,8192,4640,8192,523,3
RunningMeanBuffer,extend/append,8192,2759,8192,523,4
RunningMeanSqBuffer,extend/append,8192,1917,8192,523,4
RunningMeanBuffer,calculation,8192,7865,8192,523,4
RunningMeanSqBuffer,calculation,8192,4618,8192,523,4
RunningMeanBuffer,extend/append,8192,2304,8192,523,6
RunningMeanSqBuffer,extend/append,8192,1760,8192,523,6
RunningMeanBuffer,calculation,8192,7865,8192,523,6
RunningMeanSqBuffer,calculation,8192,4574,8192,523,6
RunningMeanBuffer,extend/append,8192,2028,8192,523,8
RunningMeanSqBuffer,extend/append,8192,1624,8192,523,8
RunningMeanBuffer,calculation,8192,7900,8192,523,8
RunningMeanSqBuffer,calculation,8192,4613,8192,523,8
RunningMeanBuffer,extend/append,8192,1859,8192,523,12
RunningMeanSqBuffer,extend/append,8192,1537,8192,523,12
RunningMeanBuffer,calculation,8192,7868,8192,523,12
RunningMeanSqBuffer,calculation,8192,4605,8192,523,12
RunningMeanBuffer,extend/append,8192,1697,8192,523,16
RunningMeanSqBuffer,extend/append,8192,1501,8192,523,16
RunningMeanBuffer,calculation,8192,7784,8192,523,16
RunningMeanSqBuffer,calculation,8192,4655,8192,523,16
RunningMeanBuffer,extend/append,8192,1564,8192,523,24
RunningMeanSqBuffer,extend/append,8192,1413,8192,523,24
RunningMeanBuffer,calculation,8192,7938,8192,523,24
RunningMeanSqBuffer,calculation,8192,4612,8192,523,24
RunningMeanBuffer,extend/append,8192,1536,8192,523,32
RunningMeanSqBuffer,extend/append,8192,1435,8192,523,32
RunningMeanBuffer,calculation,8192,7893,8192,523,32
RunningMeanSqBuffer,calculation,8192,4592,8192,523,32
RunningMeanBuffer,extend/append,8192,1447,8192,523,48
RunningMeanSqBuffer,extend/append,8192,1397,8192,523,48
RunningMeanBuffer,calculation,8192,8007,8192,523,48
RunningMeanSqBuffer,calculation,8192,4623,8192,523,48
RunningMeanBuffer,extend/append,8192,1432,8192,523,64
RunningMeanSqBuffer,extend/append,8192,1386,8192,523,64
RunningMeanBuffer,calculation,8192,7825,8192,523,64
RunningMeanSqBuffer,calculation,8192,4552,8192,523,64
RunningMeanBuffer,extend/append,16384,10102,8192,523,1
RunningMeanSqBuffer,extend/append,16384,4410,8192,523,1
RunningMeanBuffer,calculation,16384,14895,8192,523,1
RunningMeanSqBuffer,calculation,16384,6418,8192,523,1
RunningMeanBuffer,extend/append,16384,5859,8192,523,2
RunningMeanSqBuffer,extend/append,16384,2896,8192,523,2
RunningMeanBuffer,calculation,16384,15071,8192,523,2
RunningMeanSqBuffer,calculation,16384,6309,8192,523,2
RunningMeanBuffer,extend/append,16384,4446,8192,523,3
RunningMeanSqBuffer,extend/append,16384,2417,8192,523,3
RunningMeanBuffer,calculation,16384,15008,8192,523,3
RunningMeanSqBuffer,calculation,16384,6382,8192,523,3
RunningMeanBuffer,extend/append,16384,3646,8192,523,4
RunningMeanSqBuffer,extend/append,16384,2207,8192,523,4
RunningMeanBuffer,calculation,16384,14987,8192,523,4
RunningMeanSqBuffer,calculation,16384,6317,8192,523,4
RunningMeanBuffer,extend/append,16384,2851,8192,523,6
RunningMeanSqBuffer,extend/append,16384,1874,8192,523,6
RunningMeanBuffer,calculation,16384,14921,8192,523,6
RunningMeanSqBuffer,calculation,16384,6240,8192,523,6
RunningMeanBuffer,extend/append,16384,2475,8192,523,8
RunningMeanSqBuffer,extend/append,16384,1741,8192,523,8
RunningMeanBuffer,calculation,16384,14851,8192,523,8
RunningMeanSqBuffer,calculation,16384,6305,8192,523,8
RunningMeanBuffer,extend/append,16384,2122,8192,523,12
RunningMeanSqBuffer,extend/append,16384,1573,8192,523,12
RunningMeanBuffer,calculation,16384,14801,8192,523,12
RunningMeanSqBuffer,calculation,16384,6284,8192,523,12
RunningMeanBuffer,extend/append,16384,1917,8192,523,16
RunningMeanSqBuffer,extend/append,16384,1555,8192,523,16
RunningMeanBuffer,calculation,16384,14859,8192,523,16
RunningMeanSqBuffer,calculation,16384,6226,8192,523,16
RunningMeanBuffer,extend/append,16384,1672,8192,523,24
RunningMeanSqBuffer,extend/append,16384,1454,8192,523,24
RunningMeanBuffer,calculation,16384,14746,8192,523,24
RunningMeanSqBuffer,calculation,16384,6225,8192,523,24
RunningMeanBuffer,extend/append,16384,1678,8192,523,32
RunningMeanSqBuffer,extend/append,16384,1469,8192,523,32
RunningMeanBuffer,calculation,16384,15021,8192,523,32
RunningMeanSqBuffer,calculation,16384,6254,8192,523,32
RunningMeanBuffer,extend/append,16384,1536,8192,523,48
RunningMeanSqBuffer,extend/append,16384,1425,8192,523,48
RunningMeanBuffer,calculation,16384,15018,8192,523,48
RunningMeanSqBuffer,calculation,16384,6226,8192,523,48
RunningMeanBuffer,extend/append,16384,1468,8192,523,64
RunningMeanSqBuffer,extend/append,16384,1399,8192,523,64
RunningMeanBuffer,calculation,16384,14972,8192,523,64
RunningMeanSqBuffer,calculation,16384,6235,8192,523,64
RunningMeanBuffer,extend/append,32768,15220,8192,523,1
RunningMeanSqBuffer,extend/append,32768,6220,8192,523,1
RunningMeanBuffer,calculation,32768,14988,8192,523,1
RunningMeanSqBuffer,calculation,32768,6412,8192,523,1
RunningMeanBuffer,extend/append,32768,8495,8192,523,2
RunningMeanSqBuffer,extend/append,32768,3862,8192,523,2
RunningMeanBuffer,calculation,32768,15107,8192,523,2
RunningMeanSqBuffer,calculation,32768,6306,8192,523,2
RunningMeanBuffer,extend/append,32768,6188,8192,523,3
RunningMeanSqBuffer,extend/append,32768,3059,8192,523,3
RunningMeanBuffer,calculation,32768,15110,8192,523,3
RunningMeanSqBuffer,calculation,32768,6330,8192,523,3
RunningMeanBuffer,extend/append,32768,5008,8192,523,4
RunningMeanSqBuffer,extend/append,32768,2610,8192,523,4
RunningMeanBuffer,calculation,32768,14930,8192,523,4
RunningMeanSqBuffer,calculation,32768,6344,8192,523,4
RunningMeanBuffer,extend/append,32768,3832,8192,523,6
RunningMeanSqBuffer,extend/append,32768,2196,8192,523,6
RunningMeanBuffer,calculation,32768,14810,8192,523,6
RunningMeanSqBuffer,calculation,32768,6376,8192,523,6
RunningMeanBuffer,extend/append,32768,3188,8192,523,8
RunningMeanSqBuffer,extend/append,32768,2010,8192,523,8
RunningMeanBuffer,calculation,32768,14920,8192,523,8
RunningMeanSqBuffer,calculation,32768,6386,8192,523,8
RunningMeanBuffer,extend/append,32768,2572,8192,523,12
RunningMeanSqBuffer,extend/append,32768,1759,8192,523,12
RunningMeanBuffer,calculation,32768,15105,8192,523,12
RunningMeanSqBuffer,calculation,32768,6359,8192,523,12
RunningMeanBuffer,extend/append,32768,2271,8192,523,16
RunningMeanSqBuffer,extend/append,32768,1736,8192,523,16
RunningMeanBuffer,calculation,32768,15054,8192,523,16
RunningMeanSqBuffer,calculation,32768,6339,8192,523,16
RunningMeanBuffer,extend/append,32768,1926,8192,523,24
RunningMeanSqBuffer,extend/append,32768,1525,8192,523,24
RunningMeanBuffer,calculation,32768,14906,8192,523,24
RunningMeanSqBuffer,calculation,32768,6300,8192,523,24
RunningMeanBuffer,extend/append,32768,1870,8192,523,32
RunningMeanSqBuffer,extend/append,32768,1546,8192,523,32
RunningMeanBuffer,calculation,32768,15121,8192,523,32
RunningMeanSqBuffer,calculation,32768,6325,8192,523,32
RunningMeanBuffer,extend/append,32768,1672,8192,523,48
RunningMeanSqBuffer,extend/append,32768,1451,8192,523,48
RunningMeanBuffer,calculation,32768,14961,8192,523,48
RunningMeanSqBuffer,calculation,32768,6312,8192,523,48
RunningMeanBuffer,extend/append,32768,1559,8192,523,64
RunningMeanSqBuffer,extend/append,32768,1447,8192,523,64
RunningMeanBuffer,calculation,32768,15120,8192,523,64
RunningMeanSqBuffer,calculation,32768,6555,8192,523,64
RunningMeanBuffer,extend/append,65536,24473,8192,523,1
RunningMeanSqBuffer,extend/append,65536,8347,8192,523,1
RunningMeanBuffer,calculation,65536,15154,8192,523,1
RunningMeanSqBuffer,calculation,65536,6460,8192,523,1
RunningMeanBuffer,extend/append,65536,13382,8192,523,2
RunningMeanSqBuffer,extend/append,65536,4650,8192,523,2
RunningMeanBuffer,calculation,65536,14796,8192,523,2
RunningMeanSqBuffer,calculation,65536,6302,8192,523,2
RunningMeanBuffer,extend/append,65536,9173,8192,523,3
RunningMeanSqBuffer,extend/append,65536,3427,8192,523,3
RunningMeanBuffer,calculation,65536,14845,8192,523,3
RunningMeanSqBuffer,calculation,65536,6252,8192,523,3
RunningMeanBuffer,extend/append,65536,7299,8192,523,4
RunningMeanSqBuffer,extend/append,65536,2934,8192,523,4
RunningMeanBuffer,calculation,65536,14775,8192,523,4
RunningMeanSqBuffer,calculation,65536,6243,8192,523,4
RunningMeanBuffer,extend/append,65536,5257,8192,523,6
RunningMeanSqBuffer,extend/append,65536,2382,8192,523,6
RunningMeanBuffer,calculation,65536,15578,8192,523,6
RunningMeanSqBuffer,calculation,65536,6210,8192,523,6
RunningMeanBuffer,extend/append,65536,4238,8192,523,8
RunningMeanSqBuffer,extend/append,65536,2143,8192,523,8
RunningMeanBuffer,calculation,65536,14708,8192,523,8
RunningMeanSqBuffer,calculation,65536,6268,8192,523,8
RunningMeanBuffer,extend/append,65536,3267,8192,523,12
RunningMeanSqBuffer,extend/append,65536,1872,8192,523,12
RunningMeanBuffer,calculation,65536,14916,8192,523,12
RunningMeanSqBuffer,calculation,65536,6229,8192,523,12
RunningMeanBuffer,extend/append,65536,2826,8192,523,16
RunningMeanSqBuffer,extend/append,65536,1767,8192,523,16
RunningMeanBuffer,calculation,65536,14735,8192,523,16
RunningMeanSqBuffer,calculation,65536,6225,8192,523,16
RunningMeanBuffer,extend/append,65536,2232,8192,523,24
RunningMeanSqBuffer,extend/append,65536,1600,8192,523,24
RunningMeanBuffer,calculation,65536,14694,8192,523,24
RunningMeanSqBuffer,calculation,65536,6181,8192,523,24
RunningMeanBuffer,extend/append,65536,2182,8192,523,32
RunningMeanSqBuffer,extend/append,65536,1581,8192,523,32
RunningMeanBuffer,calculation,65536,14765,8192,523,32
RunningMeanSqBuffer,calculation,65536,6464,8192,523,32
RunningMeanBuffer,extend/append,65536,1873,8192,523,48
RunningMeanSqBuffer,extend/append,65536,1507,8192,523,48
RunningMeanBuffer,calculation,65536,14748,8192,523,48
RunningMeanSqBuffer,calculation,65536,6239,8192,523,48
RunningMeanBuffer,extend/append,65536,1749,8192,523,64
RunningMeanSqBuffer,extend/append,65536,1445,8192,523,64
RunningMeanBuffer,calculation,65536,14667,8192,523,64
RunningMeanSqBuffer,calculation,65536,6208,8192,523,64
RunningMeanBuffer,extend/append,131072,40013,8192,523,1
RunningMeanSqBuffer,extend/append,131072,12261,8192,523,1
RunningMeanBuffer,calculation,131072,14775,8192,523,1
RunningMeanSqBuffer,calculation,131072,6430,8192,523,1
RunningMeanBuffer,extend/append,131072,21548,8192,523,2
RunningMeanSqBuffer,extend/append,131072,6880,8192,523,2
RunningMeanBuffer,calculation,131072,14741,8192,523,2
RunningMeanSqBuffer,calculation,131072,6390,8192,523,2
RunningMeanBuffer,extend/append,131072,14913,8192,523,3
RunningMeanSqBuffer,extend/append,131072,5111,8192,523,3
RunningMeanBuffer,calculation,131072,14900,8192,523,3
RunningMeanSqBuffer,calculation,131072,6410,8192,523,3
RunningMeanBuffer,extend/append,131072,11545,8192,523,4
RunningMeanSqBuffer,extend/append,131072,4137,8192,523,4
RunningMeanBuffer,calculation,131072,14739,8192,523,4
RunningMeanSqBuffer,calculation,131072,6360,8192,523,4
RunningMeanBuffer,extend/append,131072,8099,8192,523,6
RunningMeanSqBuffer,extend/append,131072,3244,8192,523,6
RunningMeanBuffer,calculation,131072,14753,8192,523,6
RunningMeanSqBuffer,calculation,131072,6641,8192,523,6
RunningMeanBuffer,extend/append,131072,6504,8192,523,8
RunningMeanSqBuffer,extend/append,131072,2801,8192,523,8
RunningMeanBuffer,calculation,131072,15088,8192,523,8
RunningMeanSqBuffer,calculation,131072,6516,8192,523,8
RunningMeanBuffer,extend/append,131072,4770,8192,523,12
RunningMeanSqBuffer,extend/append,131072,2318,8192,523,12
RunningMeanBuffer,calculation,131072,15033,8192,523,12
RunningMeanSqBuffer,calculation,131072,6538,8192,523,12
RunningMeanBuffer,extend/append,131072,4057,8192,523,16
RunningMeanSqBuffer,extend/append,131072,2146,8192,523,16
RunningMeanBuffer,calculation,131072,14928,8192,523,16
RunningMeanSqBuffer,calculation,131072,6413,8192,523,16
RunningMeanBuffer,extend/append,131072,2995,8192,523,24
RunningMeanSqBuffer,extend/append,131072,1833,8192,523,24
RunningMeanBuffer,calculation,131072,14793,8192,523,24
RunningMeanSqBuffer,calculation,131072,6453,8192,523,24
RunningMeanBuffer,extend/append,131072,2827,8192,523,32
RunningMeanSqBuffer,extend/append,131072,1798,8192,523,32
RunningMeanBuffer,calculation,131072,15008,8192,523,32
RunningMeanSqBuffer,calculation,131072,6457,8192,523,32
RunningMeanBuffer,extend/append,131072,2256,8192,523,48
RunningMeanSqBuffer,extend/append,131072,1643,8192,523,48
RunningMeanBuffer,calculation,131072,14973,8192,523,48
RunningMeanSqBuffer,calculation,131072,6402,8192,523,48
RunningMeanBuffer,extend/append,131072,2080,8192,523,64
RunningMeanSqBuffer,extend/append,131072,1601,8192,523,64
RunningMeanBuffer,calculation,131072,14905,8192,523,64
RunningMeanSqBuffer,calculation,131072,6450,8192,523,64
RunningMeanBuffer,extend/append,262144,73588,8192,523,1
RunningMeanSqBuffer,extend/append,262144,17493,8192,523,1
RunningMeanBuffer,calculation,262144,15343,8192,523,1
RunningMeanSqBuffer,calculation,262144,6603,8192,523,1
RunningMeanBuffer,extend/append,262144,38059,8192,523,2
RunningMeanSqBuffer,extend/append,262144,9594,8192,523,2
RunningMeanBuffer,calculation,262144,15359,8192,523,2
RunningMeanSqBuffer,calculation,262144,6588,8192,523,2
RunningMeanBuffer,extend/append,262144,26390,8192,523,3
RunningMeanSqBuffer,extend/append,262144,6901,8192,523,3
RunningMeanBuffer,calculation,262144,15328,8192,523,3
RunningMeanSqBuffer,calculation,262144,6530,8192,523,3
RunningMeanBuffer,extend/append,262144,20188,8192,523,4
RunningMeanSqBuffer,extend/append,262144,5562,8192,523,4
RunningMeanBuffer,calculation,262144,15205,8192,523,4
RunningMeanSqBuffer,calculation,262144,6370,8192,523,4
RunningMeanBuffer,extend/append,262144,13802,8192,523,6
RunningMeanSqBuffer,extend/append,262144,4153,8192,523,6
RunningMeanBuffer,calculation,262144,15429,8192,523,6
RunningMeanSqBuffer,calculation,262144,6450,8192,523,6
RunningMeanBuffer,extend/append,262144,10590,8192,523,8
RunningMeanSqBuffer,extend/append,262144,3443,8192,523,8
RunningMeanBuffer,calculation,262144,15201,8192,523,8
RunningMeanSqBuffer,calculation,262144,6499,8192,523,8
RunningMeanBuffer,extend/append,262144,7435,8192,523,12
RunningMeanSqBuffer,extend/append,262144,2761,8192,523,12
RunningMeanBuffer,calculation,262144,15221,8192,523,12
RunningMeanSqBuffer,calculation,262144,6488,8192,523,12
RunningMeanBuffer,extend/append,262144,6175,8192,523,16
RunningMeanSqBuffer,extend/append,262144,2476,8192,523,16
RunningMeanBuffer,calculation,262144,15315,8192,523,16
RunningMeanSqBuffer,calculation,262144,6519,8192,523,16
RunningMeanBuffer,extend/append,262144,4241,8192,523,24
RunningMeanSqBuffer,extend/append,262144,2041,8192,523,24
RunningMeanBuffer,calculation,262144,15197,8192,523,24
RunningMeanSqBuffer,calculation,262144,6469,8192,523,24
RunningMeanBuffer,extend/append,262144,3949,8192,523,32
RunningMeanSqBuffer,extend/append,262144,2012,8192,523,32
RunningMeanBuffer,calculation,262144,15450,8192,523,32
RunningMeanSqBuffer,calculation,262144,6504,8192,523,32
RunningMeanBuffer,extend/append,262144,2988,8192,523,48
RunningMeanSqBuffer,extend/append,262144,1779,8192,523,48
RunningMeanBuffer,calculation,262144,14757,8192,523,48
RunningMeanSqBuffer,calculation,262144,6350,8192,523,48
RunningMeanBuffer,extend/append,262144,2652,8192,523,64
RunningMeanSqBuffer,extend/append,262144,1704,8192,523,64
RunningMeanBuffer,calculation,262144,14899,8192,523,64
RunningMeanSqBuffer,calculation,262144,6324,8192,523,64
RunningMeanBuffer,extend/append,524288,440299,8192,523,1
RunningMeanSqBuffer,extend/append,524288,69540,8192,523,1
RunningMeanBuffer,calculation,524288,15062,8192,523,1
RunningMeanSqBuffer,calculation,524288,6660,8192,523,1
RunningMeanBuffer,extend/append,524288,221869,8192,523,2
RunningMeanSqBuffer,extend/append,524288,35752,8192,523,2
RunningMeanBuffer,calculation,524288,15004,8192,523,2
RunningMeanSqBuffer,calculation,524288,6624,8192,523,2
RunningMeanBuffer,extend/append,524288,150434,8192,523,3
RunningMeanSqBuffer,extend/append,524288,25138,8192,523,3
RunningMeanBuffer,calculation,524288,15316,8192,523,3
RunningMeanSqBuffer,calculation,524288,6768,8192,523,3
RunningMeanBuffer,extend/append,524288,107333,8192,523,4
RunningMeanSqBuffer,extend/append,524288,18917,8192,523,4
RunningMeanBuffer,calculation,524288,15807,8192,523,4
RunningMeanSqBuffer,calculation,524288,6872,8192,523,4
RunningMeanBuffer,extend/append,524288,75077,8192,523,6
RunningMeanSqBuffer,extend/append,524288,13471,8192,523,6
RunningMeanBuffer,calculation,524288,15680,8192,523,6
RunningMeanSqBuffer,calculation,524288,6789,8192,523,6
RunningMeanBuffer,extend/append,524288,57306,8192,523,8
RunningMeanSqBuffer,extend/append,524288,10679,8192,523,8
RunningMeanBuffer,calculation,524288,15640,8192,523,8
RunningMeanSqBuffer,calculation,524288,6785,8192,523,8
RunningMeanBuffer,extend/append,524288,37604,8192,523,12
RunningMeanSqBuffer,extend/append,524288,7809,8192,523,12
RunningMeanBuffer,calculation,524288,14967,8192,523,12
RunningMeanSqBuffer,calculation,524288,6583,8192,523,12
RunningMeanBuffer,extend/append,524288,30843,8192,523,16
RunningMeanSqBuffer,extend/append,524288,6623,8192,523,16
RunningMeanBuffer,calculation,524288,15629,8192,523,16
RunningMeanSqBuffer,calculation,524288,6914,8192,523,16
RunningMeanBuffer,extend/append,524288,19261,8192,523,24
RunningMeanSqBuffer,extend/append,524288,4997,8192,523,24
RunningMeanBuffer,calculation,524288,15830,8192,523,24
RunningMeanSqBuffer,calculation,524288,7103,8192,523,24
RunningMeanBuffer,extend/append,524288,17781,8192,523,32
RunningMeanSqBuffer,extend/append,524288,4714,8192,523,32
RunningMeanBuffer,calculation,524288,15694,8192,523,32
RunningMeanSqBuffer,calculation,524288,6719,8192,523,32
RunningMeanBuffer,extend/append,524288,11717,8192,523,48
RunningMeanSqBuffer,extend/append,524288,3780,8192,523,48
RunningMeanBuffer,calculation,524288,15904,8192,523,48
RunningMeanSqBuffer,calculation,524288,6848,8192,523,48
RunningMeanBuffer,extend/append,524288,9955,8192,523,64
RunningMeanSqBuffer,extend/append,524288,3539,8192,523,64
RunningMeanBuffer,calculation,524288,15625,8192,523,64
RunningMeanSqBuffer,calculation,524288,6840,8192,523,64
RunningMeanBuffer,extend/append,1048576,830181,8192,523,1
RunningMeanSqBuffer,extend/append,1048576,129864,8192,523,1
RunningMeanBuffer,calculation,1048576,15281,8192,523,1
RunningMeanSqBuffer,calculation,1048576,6783,8192,523,1
RunningMeanBuffer,extend/append,1048576,422775,8192,523,2
RunningMeanSqBuffer,extend/append,1048576,67361,8192,523,2
RunningMeanBuffer,calculation,1048576,15067,8192,523,2
RunningMeanSqBuffer,calculation,1048576,6698,8192,523,2
RunningMeanBuffer,extend/append,1048576,284613,8192,523,3
RunningMeanSqBuffer,extend/append,1048576,45078,8192,523,3
RunningMeanBuffer,calculation,1048576,15966,8192,523,3
RunningMeanSqBuffer,calculation,1048576,7027,8192,523,3
RunningMeanBuffer,extend/append,1048576,208546,8192,523,4
RunningMeanSqBuffer,extend/append,1048576,34489,8192,523,4
RunningMeanBuffer,calculation,1048576,15932,8192,523,4
RunningMeanSqBuffer,calculation,1048576,7037,8192,523,4
RunningMeanBuffer,extend/append,1048576,140759,8192,523,6
RunningMeanSqBuffer,extend/append,1048576,23812,8192,523,6
RunningMeanBuffer,calculation,1048576,16038,8192,523,6
RunningMeanSqBuffer,calculation,1048576,7119,8192,523,6
RunningMeanBuffer,extend/append,1048576,105671,8192,523,8
RunningMeanSqBuffer,extend/append,1048576,18546,8192,523,8
RunningMeanBuffer,calculation,1048576,15956,8192,523,8
RunningMeanSqBuffer,calculation,1048576,7014,8192,523,8
RunningMeanBuffer,extend/append,1048576,69749,8192,523,12
RunningMeanSqBuffer,extend/append,1048576,12880,8192,523,12
RunningMeanBuffer,calculation,1048576,15781,8192,523,12
RunningMeanSqBuffer,calculation,1048576,7035,8192,523,12
RunningMeanBuffer,extend/append,1048576,55699,8192,523,16
RunningMeanSqBuffer,extend/append,1048576,10532,8192,523,16
RunningMeanBuffer,calculation,1048576,15896,8192,523,16
RunningMeanSqBuffer,calculation,1048576,7038,8192,523,16
RunningMeanBuffer,extend/append,1048576,34282,8192,523,24
RunningMeanSqBuffer,extend/append,1048576,7301,8192,523,24
RunningMeanBuffer,calculation,1048576,15882,8192,523,24
RunningMeanSqBuffer,calculation,1048576,6646,8192,523,24
RunningMeanBuffer,extend/append,1048576,31318,8192,523,32
RunningMeanSqBuffer,extend/append,1048576,6872,8192,523,32
RunningMeanBuffer,calculation,1048576,15846,8192,523,32
RunningMeanSqBuffer,calculation,1048576,6997,8192,523,32
RunningMeanBuffer,extend/append,1048576,20363,8192,523,48
RunningMeanSqBuffer,extend/append,1048576,5189,8192,523,48
RunningMeanBuffer,calculation,1048576,15884,8192,523,48
RunningMeanSqBuffer,calculation,1048576,6964,8192,523,48
RunningMeanBuffer,extend/append,1048576,16842,8192,523,64
RunningMeanSqBuffer,extend/append,1048576,4661,8192,523,64
RunningMeanBuffer,calculation,1048576,15803,8192,523,64
RunningMeanSqBuffer,calculation,1048576,6944,8192,523,64
RunningMeanBuffer,extend/append,2097152,1658558,8192,523,1
RunningMeanSqBuffer,extend/append,2097152,253777,8192,523,1
RunningMeanBuffer,calculation,2097152,16156,8192,523,1
RunningMeanSqBuffer,calculation,2097152,7384,8192,523,1
RunningMeanBuffer,extend/append,2097152,813913,8192,523,2
RunningMeanSqBuffer,extend/append,2097152,128153,8192,523,2
RunningMeanBuffer,calculation,2097152,16093,8192,523,2
RunningMeanSqBuffer,calculation,2097152,7235,8192,523,2
RunningMeanBuffer,extend/append,2097152,559846,8192,523,3
RunningMeanSqBuffer,extend/append,2097152,86954,8192,523,3
RunningMeanBuffer,calculation,2097152,16236,8192,523,3
RunningMeanSqBuffer,calculation,2097152,7166,8192,523,3
RunningMeanBuffer,extend/append,2097152,416461,8192,523,4
RunningMeanSqBuffer,extend/append,2097152,65903,8192,523,4
RunningMeanBuffer,calculation,2097152,15966,8192,523,4
RunningMeanSqBuffer,calculation,2097152,7232,8192,523,4
RunningMeanBuffer,extend/append,2097152,273950,8192,523,6
RunningMeanSqBuffer,extend/append,2097152,44325,8192,523,6
RunningMeanBuffer,calculation,2097152,16206,8192,523,6
RunningMeanSqBuffer,calculation,2097152,7088,8192,523,6
RunningMeanBuffer,extend/append,2097152,205671,8192,523,8
RunningMeanSqBuffer,extend/append,2097152,34161,8192,523,8
RunningMeanBuffer,calculation,2097152,15098,8192,523,8
RunningMeanSqBuffer,calculation,2097152,6756,8192,523,8
RunningMeanBuffer,extend/append,2097152,136532,8192,523,12
RunningMeanSqBuffer,extend/append,2097152,22825,8192,523,12
RunningMeanBuffer,calculation,2097152,15948,8192,523,12
RunningMeanSqBuffer,calculation,2097152,7049,8192,523,12
RunningMeanBuffer,extend/append,2097152,106157,8192,523,16
RunningMeanSqBuffer,extend/append,2097152,18613,8192,523,16
RunningMeanBuffer,calculation,2097152,16140,8192,523,16
RunningMeanSqBuffer,calculation,2097152,7215,8192,523,16
RunningMeanBuffer,extend/append,2097152,64147,8192,523,24
RunningMeanSqBuffer,extend/append,2097152,12111,8192,523,24
RunningMeanBuffer,calculation,2097152,16122,8192,523,24
RunningMeanSqBuffer,calculation,2097152,7229,8192,523,24
RunningMeanBuffer,extend/append,2097152,58318,8192,523,32
RunningMeanSqBuffer,extend/append,2097152,11092,8192,523,32
RunningMeanBuffer,calculation,2097152,16062,8192,523,32
RunningMeanSqBuffer,calculation,2097152,7182,8192,523,32
RunningMeanBuffer,extend/append,2097152,36115,8192,523,48
RunningMeanSqBuffer,extend/append,2097152,7867,8192,523,48
RunningMeanBuffer,calculation,2097152,16025,8192,523,48
RunningMeanSqBuffer,calculation,2097152,7129,8192,523,48
RunningMeanBuffer,extend/append,2097152,30511,8192,523,64
RunningMeanSqBuffer,extend/append,2097152,6842,8192,523,64
RunningMeanBuffer,calculation,2097152,16140,8192,523,64
RunningMeanSqBuffer,calculation,2097152,7143,8192,523,64
RunningMeanBuffer,extend/append,4194304,3278417,8192,523,1
RunningMeanSqBuffer,extend/append,4194304,506925,8192,523,1
RunningMeanBuffer,calculation,4194304,16528,8192,523,1
RunningMeanSqBuffer,calculation,4194304,7473,8192,523,1
RunningMeanBuffer,extend/append,4194304,1634496,8192,523,2
RunningMeanSqBuffer,extend/append,4194304,255371,8192,523,2
RunningMeanBuffer,calculation,4194304,16643,8192,523,2
RunningMeanSqBuffer,calculation,4194304,7463,8192,523,2
RunningMeanBuffer,extend/append,4194304,1113095,8192,523,3
RunningMeanSqBuffer,extend/append,4194304,175311,8192,523,3
RunningMeanBuffer,calculation,4194304,16623,8192,523,3
RunningMeanSqBuffer,calculation,4194304,7481,8192,523,3
RunningMeanBuffer,extend/append,4194304,820649,8192,523,4
RunningMeanSqBuffer,extend/append,4194304,131409,8192,523,4
RunningMeanBuffer,calculation,4194304,17401,8192,523,4
RunningMeanSqBuffer,calculation,4194304,7009,8192,523,4
RunningMeanBuffer,extend/append,4194304,556667,8192,523,6
RunningMeanSqBuffer,extend/append,4194304,90374,8192,523,6
RunningMeanBuffer,calculation,4194304,16952,8192,523,6
RunningMeanSqBuffer,calculation,4194304,7461,8192,523,6
RunningMeanBuffer,extend/append,4194304,408010,8192,523,8
RunningMeanSqBuffer,extend/append,4194304,66327,8192,523,8
RunningMeanBuffer,calculation,4194304,16394,8192,523,8
RunningMeanSqBuffer,calculation,4194304,7553,8192,523,8
RunningMeanBuffer,extend/append,4194304,268480,8192,523,12
RunningMeanSqBuffer,extend/append,4194304,44115,8192,523,12
RunningMeanBuffer,calculation,4194304,15517,8192,523,12
RunningMeanSqBuffer,calculation,4194304,7532,8192,523,12
RunningMeanBuffer,extend/append,4194304,209537,8192,523,16
RunningMeanSqBuffer,extend/append,4194304,35413,8192,523,16
RunningMeanBuffer,calculation,4194304,16721,8192,523,16
RunningMeanSqBuffer,calculation,4194304,7345,8192,523,16
RunningMeanBuffer,extend/append,4194304,127811,8192,523,24
RunningMeanSqBuffer,extend/append,4194304,22266,8192,523,24
RunningMeanBuffer,calculation,4194304,16312,8192,523,24
RunningMeanSqBuffer,calculation,4194304,7310,8192,523,24
RunningMeanBuffer,extend/append,4194304,114907,8192,523,32
RunningMeanSqBuffer,extend/append,4194304,20144,8192,523,32
RunningMeanBuffer,calculation,4194304,16289,8192,523,32
RunningMeanSqBuffer,calculation,4194304,7376,8192,523,32
RunningMeanBuffer,extend/append,4194304,72322,8192,523,48
RunningMeanSqBuffer,extend/append,4194304,13584,8192,523,48
RunningMeanBuffer,calculation,4194304,16567,8192,523,48
RunningMeanSqBuffer,calculation,4194304,7424,8192,523,48
RunningMeanBuffer,extend/append,4194304,57911,8192,523,64
RunningMeanSqBuffer,extend/append,4194304,11404,8192,523,64
RunningMeanBuffer,calculation,4194304,16468,8192,523,64
RunningMeanSqBuffer,calculation,4194304,7388,8192,523,64
RunningMeanBuffer,extend/append,8388608,6509245,8192,523,1
RunningMeanSqBuffer,extend/append,8388608,1024420,8192,523,1
RunningMeanBuffer,calculation,8388608,18923,8192,523,1
RunningMeanSqBuffer,calculation,8388608,7739,8192,523,1
RunningMeanBuffer,extend/append,8388608,3246478,8192,523,2
RunningMeanSqBuffer,extend/append,8388608,513242,8192,523,2
RunningMeanBuffer,calculation,8388608,18476,8192,523,2
RunningMeanSqBuffer,calculation,8388608,7653,8192,523,2
RunningMeanBuffer,extend/append,8388608,2203373,8192,523,3
RunningMeanSqBuffer,extend/append,8388608,350958,8192,523,3
RunningMeanBuffer,calculation,8388608,18243,8192,523,3
RunningMeanSqBuffer,calculation,8388608,7672,8192,523,3
RunningMeanBuffer,extend/append,8388608,1629458,8192,523,4
RunningMeanSqBuffer,extend/append,8388608,263872,8192,523,4
RunningMeanBuffer,calculation,8388608,18264,8192,523,4
RunningMeanSqBuffer,calculation,8388608,7793,8192,523,4
RunningMeanBuffer,extend/append,8388608,1085846,8192,523,6
RunningMeanSqBuffer,extend/append,8388608,172990,8192,523,6
RunningMeanBuffer,calculation,8388608,18429,8192,523,6
RunningMeanSqBuffer,calculation,8388608,7650,8192,523,6
RunningMeanBuffer,extend/append,8388608,801128,8192,523,8
RunningMeanSqBuffer,extend/append,8388608,129238,8192,523,8
RunningMeanBuffer,calculation,8388608,18323,8192,523,8
RunningMeanSqBuffer,calculation,8388608,7686,8192,523,8
RunningMeanBuffer,extend/append,8388608,520024,8192,523,12
RunningMeanSqBuffer,extend/append,8388608,85570,8192,523,12
RunningMeanBuffer,calculation,8388608,18538,8192,523,12
RunningMeanSqBuffer,calculation,8388608,7647,8192,523,12
RunningMeanBuffer,extend/append,8388608,420063,8192,523,16
RunningMeanSqBuffer,extend/append,8388608,68201,8192,523,16
RunningMeanBuffer,calculation,8388608,17689,8192,523,16
RunningMeanSqBuffer,calculation,8388608,7445,8192,523,16
RunningMeanBuffer,extend/append,8388608,251914,8192,523,24
RunningMeanSqBuffer,extend/append,8388608,42099,8192,523,24
RunningMeanBuffer,calculation,8388608,18129,8192,523,24
RunningMeanSqBuffer,calculation,8388608,7737,8192,523,24
RunningMeanBuffer,extend/append,8388608,223214,8192,523,32
RunningMeanSqBuffer,extend/append,8388608,37724,8192,523,32
RunningMeanBuffer,calculation,8388608,18239,8192,523,32
RunningMeanSqBuffer,calculation,8388608,7514,8192,523,32
RunningMeanBuffer,extend/append,8388608,139973,8192,523,48
RunningMeanSqBuffer,extend/append,8388608,24371,8192,523,48
RunningMeanBuffer,calculation,8388608,18275,8192,523,48
RunningMeanSqBuffer,calculation,8388608,7535,8192,523,48
RunningMeanBuffer,extend/append,8388608,112725,8192,523,64
RunningMeanSqBuffer,extend/append,8388608,19960,8192,523,64
RunningMeanBuffer,calculation,8388608,17814,8192,523,64
RunningMeanSqBuffer,calculation,8388608,7629,8192,523,64
RunningMeanBuffer,extend/append,16384,14825,16384,523,1
RunningMeanSqBuffer,extend/append,16384,4818,16384,523,1
RunningMeanBuffer,calculation,16384,11216,16384,523,1
RunningMeanSqBuffer,calculation,16384,6484,16384,523,1
RunningMeanBuffer,extend/append,16384,6031,16384,523,2
RunningMeanSqBuffer,extend/append,16384,3620,16384,523,2
RunningMeanBuffer,calculation,16384,11237,16384,523,2
RunningMeanSqBuffer,calculation,16384,6393,16384,523,2
RunningMeanBuffer,extend/append,16384,4839,16384,523,3
RunningMeanSqBuffer,extend/append,16384,3207,16384,523,3
RunningMeanBuffer,calculation,16384,11201,16384,523,3
RunningMeanSqBuffer,calculation,16384,6399,16384,523,3
RunningMeanBuffer,extend/append,16384,4261,16384,523,4
RunningMeanSqBuffer,extend/append,16384,3027,16384,523,4
RunningMeanBuffer,calculation,16384,11163,16384,523,4
RunningMeanSqBuffer,calculation,16384,6425,16384,523,4
RunningMeanBuffer,extend/append,16384,3620,16384,523,6
RunningMeanSqBuffer,extend/append,16384,2808,16384,523,6
RunningMeanBuffer,calculation,16384,11212,16384,523,6
RunningMeanSqBuffer,calculation,16384,6388,16384,523,6
RunningMeanBuffer,extend/append,16384,3306,16384,523,8
RunningMeanSqBuffer,extend/append,16384,2675,16384,523,8
RunningMeanBuffer,calculation,16384,11173,16384,523,8
RunningMeanSqBuffer,calculation,16384,6383,16384,523,8
RunningMeanBuffer,extend/append,16384,3011,16384,523,12
RunningMeanSqBuffer,extend/append,16384,2609,16384,523,12
RunningMeanBuffer,calculation,16384,11198,16384,523,12
RunningMeanSqBuffer,calculation,16384,6413,16384,523,12
RunningMeanBuffer,extend/append,16384,2834,16384,523,16
RunningMeanSqBuffer,extend/append,16384,2542,16384,523,16
RunningMeanBuffer,calculation,16384,11165,16384,523,16
RunningMeanSqBuffer,calculation,16384,6373,16384,523,16
RunningMeanBuffer,extend/append,16384,2649,16384,523,24
RunningMeanSqBuffer,extend/append,16384,2482,16384,523,24
RunningMeanBuffer,calculation,16384,11219,16384,523,24
RunningMeanSqBuffer,calculation,16384,6395,16384,523,24
RunningMeanBuffer,extend/append,16384,2620,16384,523,32
RunningMeanSqBuffer,extend/append,16384,2478,16384,523,32
RunningMeanBuffer,calculation,16384,11130,16384,523,32
RunningMeanSqBuffer,calculation,16384,6418,16384,523,32
RunningMeanBuffer,extend/append,16384,2531,16384,523,48
RunningMeanSqBuffer,extend/append,16384,2557,16384,523,48
RunningMeanBuffer,calculation,16384,11170,16384,523,48
RunningMeanSqBuffer,calculation,16384,6419,16384,523,48
RunningMeanBuffer,extend/append,16384,2490,16384,523,64
RunningMeanSqBuffer,extend/append,16384,2483,16384,523,64
RunningMeanBuffer,calculation,16384,11127,16384,523,64
RunningMeanSqBuffer,calculation,16384,6376,16384,523,64
RunningMeanBuffer,extend/append,32768,15086,16384,523,1
RunningMeanSqBuffer,extend/append,32768,6649,16384,523,1
RunningMeanBuffer,calculation,32768,20280,16384,523,1
RunningMeanSqBuffer,calculation,32768,9041,16384,523,1
RunningMeanBuffer,extend/append,32768,8950,16384,523,2
RunningMeanSqBuffer,extend/append,32768,4619,16384,523,2
RunningMeanBuffer,calculation,32768,20275,16384,523,2
RunningMeanSqBuffer,calculation,32768,8996,16384,523,2
RunningMeanBuffer,extend/append,32768,6827,16384,523,3
RunningMeanSqBuffer,extend/append,32768,3953,16384,523,3
RunningMeanBuffer,calculation,32768,20143,16384,523,3
RunningMeanSqBuffer,calculation,32768,8905,16384,523,3
RunningMeanBuffer,extend/append,32768,5698,16384,523,4
RunningMeanSqBuffer,extend/append,32768,3582,16384,523,4
RunningMeanBuffer,calculation,32768,20044,16384,523,4
RunningMeanSqBuffer,calculation,32768,8944,16384,523,4
RunningMeanBuffer,extend/append,32768,4578,16384,523,6
RunningMeanSqBuffer,extend/append,32768,3156,16384,523,6
RunningMeanBuffer,calculation,32768,20083,16384,523,6
RunningMeanSqBuffer,calculation,32768,8869,16384,523,6
RunningMeanBuffer,extend/append,32768,4002,16384,523,8
RunningMeanSqBuffer,extend/append,32768,2998,16384,523,8
RunningMeanBuffer,calculation,32768,20137,16384,523,8
RunningMeanSqBuffer,calculation,32768,8959,16384,523,8
RunningMeanBuffer,extend/append,32768,3458,16384,523,12
RunningMeanSqBuffer,extend/append,32768,2863,16384,523,12
RunningMeanBuffer,calculation,32768,20070,16384,523,12
RunningMeanSqBuffer,calculation,32768,8856,16384,523,12
RunningMeanBuffer,extend/append,32768,3220,16384,523,16
RunningMeanSqBuffer,extend/append,32768,2698,16384,523,16
RunningMeanBuffer,calculation,32768,20006,16384,523,16
RunningMeanSqBuffer,calculation,32768,8918,16384,523,16
RunningMeanBuffer,extend/append,32768,2901,16384,523,24
RunningMeanSqBuffer,extend/append,32768,2573,16384,523,24
RunningMeanBuffer,calculation,32768,19923,16384,523,24
RunningMeanSqBuffer,calculation,32768,8921,16384,523,24
RunningMeanBuffer,extend/append,32768,2889,16384,523,32
RunningMeanSqBuffer,extend/append,32768,2599,16384,523,32
RunningMeanBuffer,calculation,32768,19928,16384,523,32
RunningMeanSqBuffer,calculation,32768,8909,16384,523,32
RunningMeanBuffer,extend/append,32768,2707,16384,523,48
RunningMeanSqBuffer,extend/append,32768,2539,16384,523,48
RunningMeanBuffer,calculation,32768,20010,16384,523,48
RunningMeanSqBuffer,calculation,32768,8841,16384,523,48
RunningMeanBuffer,extend/append,32768,2642,16384,523,64
RunningMeanSqBuffer,extend/append,32768,2515,16384,523,64
RunningMeanBuffer,calculation,32768,21327,16384,523,64
RunningMeanSqBuffer,calculation,32768,8900,16384,523,64
RunningMeanBuffer,extend/append,65536,24963,16384,523,1
RunningMeanSqBuffer,extend/append,65536,9295,16384,523,1
RunningMeanBuffer,calculation,65536,21068,16384,523,1
RunningMeanSqBuffer,calculation,65536,9011,16384,523,1
RunningMeanBuffer,extend/append,65536,14278,16384,523,2
RunningMeanSqBuffer,extend/append,65536,5499,16384,523,2
RunningMeanBuffer,calculation,65536,24167,16384,523,2
RunningMeanSqBuffer,calculation,65536,8998,16384,523,2
RunningMeanBuffer,extend/append,65536,10386,16384,523,3
RunningMeanSqBuffer,extend/append,65536,4490,16384,523,3
RunningMeanBuffer,calculation,65536,20308,16384,523,3
RunningMeanSqBuffer,calculation,65536,8898,16384,523,3
RunningMeanBuffer,extend/append,65536,8378,16384,523,4
RunningMeanSqBuffer,extend/append,65536,4031,16384,523,4
RunningMeanBuffer,calculation,65536,23311,16384,523,4
RunningMeanSqBuffer,calculation,65536,8989,16384,523,4
RunningMeanBuffer,extend/append,65536,6397,16384,523,6
RunningMeanSqBuffer,extend/append,65536,3479,16384,523,6
RunningMeanBuffer,calculation,65536,21273,16384,523,6
RunningMeanSqBuffer,calculation,65536,9027,16384,523,6
RunningMeanBuffer,extend/append,65536,5385,16384,523,8
RunningMeanSqBuffer,extend/append,65536,3229,16384,523,8
RunningMeanBuffer,calculation,65536,19877,16384,523,8
RunningMeanSqBuffer,calculation,65536,8921,16384,523,8
RunningMeanBuffer,extend/append,65536,4379,16384,523,12
RunningMeanSqBuffer,extend/append,65536,2965,16384,523,12
RunningMeanBuffer,calculation,65536,22514,16384,523,12
RunningMeanSqBuffer,calculation,65536,9031,16384,523,12
RunningMeanBuffer,extend/append,65536,3974,16384,523,16
RunningMeanSqBuffer,extend/append,65536,2870,16384,523,16
RunningMeanBuffer,calculation,65536,23551,16384,523,16
RunningMeanSqBuffer,calculation,65536,8888,16384,523,16
RunningMeanBuffer,extend/append,65536,3345,16384,523,24
RunningMeanSqBuffer,extend/append,65536,2703,16384,523,24
RunningMeanBuffer,calculation,65536,20199,16384,523,24
RunningMeanSqBuffer,calculation,65536,8905,16384,523,24
RunningMeanBuffer,extend/append,65536,3258,16384,523,32
RunningMeanSqBuffer,extend/append,65536,2681,16384,523,32
RunningMeanBuffer,calculation,65536,19868,16384,523,32
RunningMeanSqBuffer,calculation,65536,8907,16384,523,32
RunningMeanBuffer,extend/append,65536,2965,16384,523,48
RunningMeanSqBuffer,extend/append,65536,2612,16384,523,48
RunningMeanBuffer,calculation,65536,20289,16384,523,48
RunningMeanSqBuffer,calculation,65536,8885,16384,523,48
RunningMeanBuffer,extend/append,65536,2897,16384,523,64
RunningMeanSqBuffer,extend/append,65536,2578,16384,523,64
RunningMeanBuffer,calculation,65536,23470,16384,523,64
RunningMeanSqBuffer,calculation,65536,8947,16384,523,64
RunningMeanBuffer,extend/append,131072,38600,16384,523,1
RunningMeanSqBuffer,extend/append,131072,13309,16384,523,1
RunningMeanBuffer,calculation,131072,20122,16384,523,1
RunningMeanSqBuffer,calculation,131072,9185,16384,523,1
RunningMeanBuffer,extend/append,131072,22437,16384,523,2
RunningMeanSqBuffer,extend/append,131072,7965,16384,523,2
RunningMeanBuffer,calculation,131072,20042,16384,523,2
RunningMeanSqBuffer,calculation,131072,9183,16384,523,2
RunningMeanBuffer,extend/append,131072,15895,16384,523,3
RunningMeanSqBuffer,extend/append,131072,6226,16384,523,3
RunningMeanBuffer,calculation,131072,19993,16384,523,3
RunningMeanSqBuffer,calculation,131072,9189,16384,523,3
RunningMeanBuffer,extend/append,131072,12587,16384,523,4
RunningMeanSqBuffer,extend/append,131072,5200,16384,523,4
RunningMeanBuffer,calculation,131072,20013,16384,523,4
RunningMeanSqBuffer,calculation,131072,9119,16384,523,4
RunningMeanBuffer,extend/append,131072,9066,16384,523,6
RunningMeanSqBuffer,extend/append,131072,4280,16384,523,6
RunningMeanBuffer,calculation,131072,19936,16384,523,6
RunningMeanSqBuffer,calculation,131072,9096,16384,523,6
RunningMeanBuffer,extend/append,131072,7447,16384,523,8
RunningMeanSqBuffer,extend/append,131072,3799,16384,523,8
RunningMeanBuffer,calculation,131072,19908,16384,523,8
RunningMeanSqBuffer,calculation,131072,9057,16384,523,8
RunningMeanBuffer,extend/append,131072,5673,16384,523,12
RunningMeanSqBuffer,extend/append,131072,3355,16384,523,12
RunningMeanBuffer,calculation,131072,19942,16384,523,12
RunningMeanSqBuffer,calculation,131072,9039,16384,523,12
RunningMeanBuffer,extend/append,131072,4965,16384,523,16
RunningMeanSqBuffer,extend/append,131072,3175,16384,523,16
RunningMeanBuffer,calculation,131072,19829,16384,523,16
RunningMeanSqBuffer,calculation,131072,9098,16384,523,16
RunningMeanBuffer,extend/append,131072,3955,16384,523,24
RunningMeanSqBuffer,extend/append,131072,2872,16384,523,24
RunningMeanBuffer,calculation,131072,19943,16384,523,24
RunningMeanSqBuffer,calculation,131072,9037,16384,523,24
RunningMeanBuffer,extend/append,131072,3831,16384,523,32
RunningMeanSqBuffer,extend/append,131072,2881,16384,523,32
RunningMeanBuffer,calculation,131072,19850,16384,523,32
RunningMeanSqBuffer,calculation,131072,9080,16384,523,32
RunningMeanBuffer,extend/append,131072,3305,16384,523,48
RunningMeanSqBuffer,extend/append,131072,2678,16384,523,48
RunningMeanBuffer,calculation,131072,19949,16384,523,48
RunningMeanSqBuffer,calculation,131072,9098,16384,523,48
RunningMeanBuffer,extend/append,131072,3094,16384,523,64
RunningMeanSqBuffer,extend/append,131072,2695,16384,523,64
RunningMeanBuffer,calculation,131072,19837,16384,523,64
RunningMeanSqBuffer,calculation,131072,9074,16384,523,64
RunningMeanBuffer,extend/append,262144,75374,16384,523,1
RunningMeanSqBuffer,extend/append,262144,18383,16384,523,1
RunningMeanBuffer,calculation,262144,19871,16384,523,1
RunningMeanSqBuffer,calculation,262144,9238,16384,523,1
RunningMeanBuffer,extend/append,262144,38872,16384,523,2
RunningMeanSqBuffer,extend/append,262144,10416,16384,523,2
RunningMeanBuffer,calculation,262144,20016,16384,523,2
RunningMeanSqBuffer,calculation,262144,9195,16384,523,2
RunningMeanBuffer,extend/append,262144,26347,16384,523,3
RunningMeanSqBuffer,extend/append,262144,7752,16384,523,3
RunningMeanBuffer,calculation,262144,19979,16384,523,3
RunningMeanSqBuffer,calculation,262144,9085,16384,523,3
RunningMeanBuffer,extend/append,262144,20838,16384,523,4
RunningMeanSqBuffer,extend/append,262144,6489,16384,523,4
RunningMeanBuffer,calculation,262144,20074,16384,523,4
RunningMeanSqBuffer,calculation,262144,9168,16384,523,4
RunningMeanBuffer,extend/append,262144,14194,16384,523,6
RunningMeanSqBuffer,extend/append,262144,5179,16384,523,6
RunningMeanBuffer,calculation,262144,20033,16384,523,6
RunningMeanSqBuffer,calculation,262144,9068,16384,523,6
RunningMeanBuffer,extend/append,262144,11446,16384,523,8
RunningMeanSqBuffer,extend/append,262144,4445,16384,523,8
RunningMeanBuffer,calculation,262144,19933,16384,523,8
RunningMeanSqBuffer,calculation,262144,9080,16384,523,8
RunningMeanBuffer,extend/append,262144,8339,16384,523,12
RunningMeanSqBuffer,extend/append,262144,3765,16384,523,12
RunningMeanBuffer,calculation,262144,19992,16384,523,12
RunningMeanSqBuffer,calculation,262144,9207,16384,523,12
RunningMeanBuffer,extend/append,262144,7123,16384,523,16
RunningMeanSqBuffer,extend/append,262144,3497,16384,523,16
RunningMeanBuffer,calculation,262144,19873,16384,523,16
RunningMeanSqBuffer,calculation,262144,9079,16384,523,16
RunningMeanBuffer,extend/append,262144,5222,16384,523,24
RunningMeanSqBuffer,extend/append,262144,3056,16384,523,24
RunningMeanBuffer,calculation,262144,19845,16384,523,24
RunningMeanSqBuffer,calculation,262144,9099,16384,523,24
RunningMeanBuffer,extend/append,262144,4990,16384,523,32
RunningMeanSqBuffer,extend/append,262144,3022,16384,523,32
RunningMeanBuffer,calculation,262144,19912,16384,523,32
RunningMeanSqBuffer,calculation,262144,9080,16384,523,32
RunningMeanBuffer,extend/append,262144,4025,16384,523,48
RunningMeanSqBuffer,extend/append,262144,2777,16384,523,48
RunningMeanBuffer,calculation,262144,19763,16384,523,48
RunningMeanSqBuffer,calculation,262144,9047,16384,523,48
RunningMeanBuffer,extend/append,262144,3665,16384,523,64
RunningMeanSqBuffer,extend/append,262144,2757,16384,523,64
RunningMeanBuffer,calculation,262144,19986,16384,523,64
RunningMeanSqBuffer,calculation,262144,9103,16384,523,64
RunningMeanBuffer,extend/append,524288,443342,16384,523,1
RunningMeanSqBuffer,extend/append,524288,72053,16384,523,1
RunningMeanBuffer,calculation,524288,20213,16384,523,1
RunningMeanSqBuffer,calculation,524288,9449,16384,523,1
RunningMeanBuffer,extend/append,524288,224334,16384,523,2
RunningMeanSqBuffer,extend/append,524288,38826,16384,523,2
RunningMeanBuffer,calculation,524288,20102,16384,523,2
RunningMeanSqBuffer,calculation,524288,9349,16384,523,2
RunningMeanBuffer,extend/append,524288,152971,16384,523,3
RunningMeanSqBuffer,extend/append,524288,27697,16384,523,3
RunningMeanBuffer,calculation,524288,20641,16384,523,3
RunningMeanSqBuffer,calculation,524288,9273,16384,523,3
RunningMeanBuffer,extend/append,524288,114522,16384,523,4
RunningMeanSqBuffer,extend/append,524288,21505,16384,523,4
RunningMeanBuffer,calculation,524288,20398,16384,523,4
RunningMeanSqBuffer,calculation,524288,9481,16384,523,4
RunningMeanBuffer,extend/append,524288,77815,16384,523,6
RunningMeanSqBuffer,extend/append,524288,15189,16384,523,6
RunningMeanBuffer,calculation,524288,20316,16384,523,6
RunningMeanSqBuffer,calculation,524288,9054,16384,523,6
RunningMeanBuffer,extend/append,524288,56952,16384,523,8
RunningMeanSqBuffer,extend/append,524288,12479,16384,523,8
RunningMeanBuffer,calculation,524288,20471,16384,523,8
RunningMeanSqBuffer,calculation,524288,9412,16384,523,8
RunningMeanBuffer,extend/append,524288,40034,16384,523,12
RunningMeanSqBuffer,extend/append,524288,9559,16384,523,12
RunningMeanBuffer,calculation,524288,20396,16384,523,12
RunningMeanSqBuffer,calculation,524288,9467,16384,523,12
RunningMeanBuffer,extend/append,524288,32828,16384,523,16
RunningMeanSqBuffer,extend/append,524288,8813,16384,523,16
RunningMeanBuffer,calculation,524288,20321,16384,523,16
RunningMeanSqBuffer,calculation,524288,9084,16384,523,16
RunningMeanBuffer,extend/append,524288,21221,16384,523,24
RunningMeanSqBuffer,extend/append,524288,6902,16384,523,24
RunningMeanBuffer,calculation,524288,20456,16384,523,24
RunningMeanSqBuffer,calculation,524288,9427,16384,523,24
RunningMeanBuffer,extend/append,524288,19620,16384,523,32
RunningMeanSqBuffer,extend/append,524288,6505,16384,523,32
RunningMeanBuffer,calculation,524288,20340,16384,523,32
RunningMeanSqBuffer,calculation,524288,9289,16384,523,32
RunningMeanBuffer,extend/append,524288,13744,16384,523,48
RunningMeanSqBuffer,extend/append,524288,5533,16384,523,48
RunningMeanBuffer,calculation,524288,20275,16384,523,48
RunningMeanSqBuffer,calculation,524288,9349,16384,523,48
RunningMeanBuffer,extend/append,524288,11465,16384,523,64
RunningMeanSqBuffer,extend/append,524288,5276,16384,523,64
RunningMeanBuffer,calculation,524288,20386,16384,523,64
RunningMeanSqBuffer,calculation,524288,9363,16384,523,64
RunningMeanBuffer,extend/append,1048576,868437,16384,523,1
RunningMeanSqBuffer,extend/append,1048576,138501,16384,523,1
RunningMeanBuffer,calculation,1048576,20689,16384,523,1
RunningMeanSqBuffer,calculation,1048576,9713,16384,523,1
RunningMeanBuffer,extend/append,1048576,425703,16384,523,2
RunningMeanSqBuffer,extend/append,1048576,70522,16384,523,2
RunningMeanBuffer,calculation,1048576,20678,16384,523,2
RunningMeanSqBuffer,calculation,1048576,9221,16384,523,2
RunningMeanBuffer,extend/append,1048576,284657,16384,523,3
RunningMeanSqBuffer,extend/append,1048576,48672,16384,523,3
RunningMeanBuffer,calculation,1048576,20561,16384,523,3
RunningMeanSqBuffer,calculation,1048576,9611,16384,523,3
RunningMeanBuffer,extend/append,1048576,217473,16384,523,4
RunningMeanSqBuffer,extend/append,1048576,38477,16384,523,4
RunningMeanBuffer,calculation,1048576,20607,16384,523,4
RunningMeanSqBuffer,calculation,1048576,9446,16384,523,4
RunningMeanBuffer,extend/append,1048576,150515,16384,523,6
RunningMeanSqBuffer,extend/append,1048576,27057,16384,523,6
RunningMeanBuffer,calculation,1048576,20208,16384,523,6
RunningMeanSqBuffer,calculation,1048576,9600,16384,523,6
RunningMeanBuffer,extend/append,1048576,108317,16384,523,8
RunningMeanSqBuffer,extend/append,1048576,20938,16384,523,8
RunningMeanBuffer,calculation,1048576,20645,16384,523,8
RunningMeanSqBuffer,calculation,1048576,9371,16384,523,8
RunningMeanBuffer,extend/append,1048576,72833,16384,523,12
RunningMeanSqBuffer,extend/append,1048576,15283,16384,523,12
RunningMeanBuffer,calculation,1048576,20576,16384,523,12
RunningMeanSqBuffer,calculation,1048576,9727,16384,523,12
RunningMeanBuffer,extend/append,1048576,59346,16384,523,16
RunningMeanSqBuffer,extend/append,1048576,12676,16384,523,16
RunningMeanBuffer,calculation,1048576,20222,16384,523,16
RunningMeanSqBuffer,calculation,1048576,9652,16384,523,16
RunningMeanBuffer,extend/append,1048576,37211,16384,523,24
RunningMeanSqBuffer,extend/append,1048576,9445,16384,523,24
RunningMeanBuffer,calculation,1048576,20586,16384,523,24
RunningMeanSqBuffer,calculation,1048576,9203,16384,523,24
RunningMeanBuffer,extend/append,1048576,32967,16384,523,32
RunningMeanSqBuffer,extend/append,1048576,8899,16384,523,32
RunningMeanBuffer,calculation,1048576,20495,16384,523,32
RunningMeanSqBuffer,calculation,1048576,9310,16384,523,32
RunningMeanBuffer,extend/append,1048576,22365,16384,523,48
RunningMeanSqBuffer,extend/append,1048576,7032,16384,523,48
RunningMeanBuffer,calculation,1048576,20521,16384,523,48
RunningMeanSqBuffer,calculation,1048576,9321,16384,523,48
RunningMeanBuffer,extend/append,1048576,18920,16384,523,64
RunningMeanSqBuffer,extend/append,1048576,6659,16384,523,64
RunningMeanBuffer,calculation,1048576,20520,16384,523,64
RunningMeanSqBuffer,calculation,1048576,9653,16384,523,64
RunningMeanBuffer,extend/append,2097152,1618206,16384,523,1
RunningMeanSqBuffer,extend/append,2097152,263614,16384,523,1
RunningMeanBuffer,calculation,2097152,20965,16384,523,1
RunningMeanSqBuffer,calculation,2097152,9920,16384,523,1
RunningMeanBuffer,extend/append,2097152,821018,16384,523,2
RunningMeanSqBuffer,extend/append,2097152,136089,16384,523,2
RunningMeanBuffer,calculation,2097152,20683,16384,523,2
RunningMeanSqBuffer,calculation,2097152,9831,16384,523,2
RunningMeanBuffer,extend/append,2097152,551637,16384,523,3
RunningMeanSqBuffer,extend/append,2097152,92349,16384,523,3
RunningMeanBuffer,calculation,2097152,20445,16384,523,3
RunningMeanSqBuffer,calculation,2097152,10935,16384,523,3
RunningMeanBuffer,extend/append,2097152,427199,16384,523,4
RunningMeanSqBuffer,extend/append,2097152,70749,16384,523,4
RunningMeanBuffer,calculation,2097152,20660,16384,523,4
RunningMeanSqBuffer,calculation,2097152,9817,16384,523,4
RunningMeanBuffer,extend/append,2097152,279055,16384,523,6
RunningMeanSqBuffer,extend/append,2097152,47294,16384,523,6
RunningMeanBuffer,calculation,2097152,20462,16384,523,6
RunningMeanSqBuffer,calculation,2097152,10417,16384,523,6
RunningMeanBuffer,extend/append,2097152,210928,16384,523,8
RunningMeanSqBuffer,extend/append,2097152,36525,16384,523,8
RunningMeanBuffer,calculation,2097152,20671,16384,523,8
RunningMeanSqBuffer,calculation,2097152,9854,16384,523,8
RunningMeanBuffer,extend/append,2097152,134112,16384,523,12
RunningMeanSqBuffer,extend/append,2097152,25664,16384,523,12
RunningMeanBuffer,calculation,2097152,20840,16384,523,12
RunningMeanSqBuffer,calculation,2097152,9572,16384,523,12
RunningMeanBuffer,extend/append,2097152,109998,16384,523,16
RunningMeanSqBuffer,extend/append,2097152,21031,16384,523,16
RunningMeanBuffer,calculation,2097152,20624,16384,523,16
RunningMeanSqBuffer,calculation,2097152,9769,16384,523,16
RunningMeanBuffer,extend/append,2097152,68078,16384,523,24
RunningMeanSqBuffer,extend/append,2097152,14160,16384,523,24
RunningMeanBuffer,calculation,2097152,20891,16384,523,24
RunningMeanSqBuffer,calculation,2097152,9805,16384,523,24
RunningMeanBuffer,extend/append,2097152,60981,16384,523,32
RunningMeanSqBuffer,extend/append,2097152,13377,16384,523,32
RunningMeanBuffer,calculation,2097152,20648,16384,523,32
RunningMeanSqBuffer,calculation,2097152,9624,16384,523,32
RunningMeanBuffer,extend/append,2097152,40195,16384,523,48
RunningMeanSqBuffer,extend/append,2097152,10008,16384,523,48
RunningMeanBuffer,calculation,2097152,20432,16384,523,48
RunningMeanSqBuffer,calculation,2097152,9939,16384,523,48
RunningMeanBuffer,extend/append,2097152,31843,16384,523,64
RunningMeanSqBuffer,extend/append,2097152,8956,16384,523,64
RunningMeanBuffer,calculation,2097152,20661,16384,523,64
RunningMeanSqBuffer,calculation,2097152,9651,16384,523,64
RunningMeanBuffer,extend/append,4194304,3258424,16384,523,1
RunningMeanSqBuffer,extend/append,4194304,529330,16384,523,1
RunningMeanBuffer,calculation,4194304,21592,16384,523,1
RunningMeanSqBuffer,calculation,4194304,10156,16384,523,1
RunningMeanBuffer,extend/append,4194304,1615321,16384,523,2
RunningMeanSqBuffer,extend/append,4194304,266039,16384,523,2
RunningMeanBuffer,calculation,4194304,21241,16384,523,2
RunningMeanSqBuffer,calculation,4194304,10098,16384,523,2
RunningMeanBuffer,extend/append,4194304,1129088,16384,523,3
RunningMeanSqBuffer,extend/append,4194304,176890,16384,523,3
RunningMeanBuffer,calculation,4194304,21124,16384,523,3
RunningMeanSqBuffer,calculation,4194304,11407,16384,523,3
RunningMeanBuffer,extend/append,4194304,816080,16384,523,4
RunningMeanSqBuffer,extend/append,4194304,133177,16384,523,4
RunningMeanBuffer,calculation,4194304,20860,16384,523,4
RunningMeanSqBuffer,calculation,4194304,10065,16384,523,4
RunningMeanBuffer,extend/append,4194304,542560,16384,523,6
RunningMeanSqBuffer,extend/append,4194304,91422,16384,523,6
RunningMeanBuffer,calculation,4194304,21304,16384,523,6
RunningMeanSqBuffer,calculation,4194304,10005,16384,523,6
RunningMeanBuffer,extend/append,4194304,402242,16384,523,8
RunningMeanSqBuffer,extend/append,4194304,69109,16384,523,8
RunningMeanBuffer,calculation,4194304,21109,16384,523,8
RunningMeanSqBuffer,calculation,4194304,9953,16384,523,8
RunningMeanBuffer,extend/append,4194304,268218,16384,523,12
RunningMeanSqBuffer,extend/append,4194304,45715,16384,523,12
RunningMeanBuffer,calculation,4194304,21023,16384,523,12
RunningMeanSqBuffer,calculation,4194304,9936,16384,523,12
RunningMeanBuffer,extend/append,4194304,210045,16384,523,16
RunningMeanSqBuffer,extend/append,4194304,37317,16384,523,16
RunningMeanBuffer,calculation,4194304,21007,16384,523,16
RunningMeanSqBuffer,calculation,4194304,10012,16384,523,16
RunningMeanBuffer,extend/append,4194304,128486,16384,523,24
RunningMeanSqBuffer,extend/append,4194304,23957,16384,523,24
RunningMeanBuffer,calculation,4194304,20909,16384,523,24
RunningMeanSqBuffer,calculation,4194304,10837,16384,523,24
RunningMeanBuffer,extend/append,4194304,118113,16384,523,32
RunningMeanSqBuffer,extend/append,4194304,21839,16384,523,32
RunningMeanBuffer,calculation,4194304,20686,16384,523,32
RunningMeanSqBuffer,calculation,4194304,9939,16384,523,32
RunningMeanBuffer,extend/append,4194304,71237,16384,523,48
RunningMeanSqBuffer,extend/append,4194304,15542,16384,523,48
RunningMeanBuffer,calculation,4194304,20885,16384,523,48
RunningMeanSqBuffer,calculation,4194304,9844,16384,523,48
RunningMeanBuffer,extend/append,4194304,58761,16384,523,64
RunningMeanSqBuffer,extend/append,4194304,13026,16384,523,64
RunningMeanBuffer,calculation,4194304,20789,16384,523,64
RunningMeanSqBuffer,calculation,4194304,10087,16384,523,64
RunningMeanBuffer,extend/append,8388608,6376185,16384,523,1
RunningMeanSqBuffer,extend/append,8388608,1021706,16384,523,1
RunningMeanBuffer,calculation,8388608,22631,16384,523,1
RunningMeanSqBuffer,calculation,8388608,10300,16384,523,1
RunningMeanBuffer,extend/append,8388608,3254677,16384,523,2
RunningMeanSqBuffer,extend/append,8388608,521250,16384,523,2
RunningMeanBuffer,calculation,8388608,22677,16384,523,2
RunningMeanSqBuffer,calculation,8388608,10460,16384,523,2
RunningMeanBuffer,extend/append,8388608,2187997,16384,523,3
RunningMeanSqBuffer,extend/append,8388608,346250,16384,523,3
RunningMeanBuffer,calculation,8388608,23140,16384,523,3
RunningMeanSqBuffer,calculation,8388608,10319,16384,523,3
RunningMeanBuffer,extend/append,8388608,1625348,16384,523,4
RunningMeanSqBuffer,extend/append,8388608,260104,16384,523,4
RunningMeanBuffer,calculation,8388608,23009,16384,523,4
RunningMeanSqBuffer,calculation,8388608,10125,16384,523,4
RunningMeanBuffer,extend/append,8388608,1078397,16384,523,6
RunningMeanSqBuffer,extend/append,8388608,174576,16384,523,6
RunningMeanBuffer,calculation,8388608,22819,16384,523,6
RunningMeanSqBuffer,calculation,8388608,11440,16384,523,6
RunningMeanBuffer,extend/append,8388608,797005,16384,523,8
RunningMeanSqBuffer,extend/append,8388608,130947,16384,523,8
RunningMeanBuffer,calculation,8388608,22766,16384,523,8
RunningMeanSqBuffer,calculation,8388608,10313,16384,523,8
RunningMeanBuffer,extend/append,8388608,521251,16384,523,12
RunningMeanSqBuffer,extend/append,8388608,87454,16384,523,12
RunningMeanBuffer,calculation,8388608,22508,16384,523,12
RunningMeanSqBuffer,calculation,8388608,10759,16384,523,12
RunningMeanBuffer,extend/append,8388608,417811,16384,523,16
RunningMeanSqBuffer,extend/append,8388608,69829,16384,523,16
RunningMeanBuffer,calculation,8388608,22627,16384,523,16
RunningMeanSqBuffer,calculation,8388608,10948,16384,523,16
RunningMeanBuffer,extend/append,8388608,251837,16384,523,24
RunningMeanSqBuffer,extend/append,8388608,43856,16384,523,24
RunningMeanBuffer,calculation,8388608,22435,16384,523,24
RunningMeanSqBuffer,calculation,8388608,10290,16384,523,24
RunningMeanBuffer,extend/append,8388608,224548,16384,523,32
RunningMeanSqBuffer,extend/append,8388608,39704,16384,523,32
RunningMeanBuffer,calculation,8388608,22169,16384,523,32
RunningMeanSqBuffer,calculation,8388608,10160,16384,523,32
RunningMeanBuffer,extend/append,8388608,139698,16384,523,48
RunningMeanSqBuffer,extend/append,8388608,26324,16384,523,48
RunningMeanBuffer,calculation,8388608,22801,16384,523,48
RunningMeanSqBuffer,calculation,8388608,10097,16384,523,48
RunningMeanBuffer,extend/append,8388608,113628,16384,523,64
RunningMeanSqBuffer,extend/append,8388608,22210,16384,523,64
RunningMeanBuffer,calculation,8388608,22640,16384,523,64
RunningMeanSqBuffer,calculation,8388608,10155,16384,523,64
RunningMeanBuffer,extend/append,32768,19658,32768,523,1
RunningMeanSqBuffer,extend/append,32768,7655,32768,523,1
RunningMeanBuffer,calculation,32768,22901,32768,523,1
RunningMeanSqBuffer,calculation,32768,10654,32768,523,1
RunningMeanBuffer,extend/append,32768,10213,32768,523,2
RunningMeanSqBuffer,extend/append,32768,6086,32768,523,2
RunningMeanBuffer,calculation,32768,22930,32768,523,2
RunningMeanSqBuffer,calculation,32768,10683,32768,523,2
RunningMeanBuffer,extend/append,32768,8344,32768,523,3
RunningMeanSqBuffer,extend/append,32768,5580,32768,523,3
RunningMeanBuffer,calculation,32768,22802,32768,523,3
RunningMeanSqBuffer,calculation,32768,10738,32768,523,3
RunningMeanBuffer,extend/append,32768,7418,32768,523,4
RunningMeanSqBuffer,extend/append,32768,5294,32768,523,4
RunningMeanBuffer,calculation,32768,22925,32768,523,4
RunningMeanSqBuffer,calculation,32768,10630,32768,523,4
RunningMeanBuffer,extend/append,32768,6378,32768,523,6
RunningMeanSqBuffer,extend/append,32768,5103,32768,523,6
RunningMeanBuffer,calculation,32768,22937,32768,523,6
RunningMeanSqBuffer,calculation,32768,10638,32768,523,6
RunningMeanBuffer,extend/append,32768,5953,32768,523,8
RunningMeanSqBuffer,extend/append,32768,4966,32768,523,8
RunningMeanBuffer,calculation,32768,22776,32768,523,8
RunningMeanSqBuffer,calculation,32768,10602,32768,523,8
RunningMeanBuffer,extend/append,32768,5519,32768,523,12
RunningMeanSqBuffer,extend/append,32768,4831,32768,523,12
RunningMeanBuffer,calculation,32768,22741,32768,523,12
RunningMeanSqBuffer,calculation,32768,10708,32768,523,12
RunningMeanBuffer,extend/append,32768,5268,32768,523,16
RunningMeanSqBuffer,extend/append,32768,4783,32768,523,16
RunningMeanBuffer,calculation,32768,22960,32768,523,16
RunningMeanSqBuffer,calculation,32768,10545,32768,523,16
RunningMeanBuffer,extend/append,32768,5038,32768,523,24
RunningMeanSqBuffer,extend/append,32768,4600,32768,523,24
RunningMeanBuffer,calculation,32768,22911,32768,523,24
RunningMeanSqBuffer,calculation,32768,10649,32768,523,24
RunningMeanBuffer,extend/append,32768,4944,32768,523,32
RunningMeanSqBuffer,extend/append,32768,4600,32768,523,32
RunningMeanBuffer,calculation,32768,31334,32768,523,32
RunningMeanSqBuffer,calculation,32768,10609,32768,523,32
RunningMeanBuffer,extend/append,32768,4740,32768,523,48
RunningMeanSqBuffer,extend/append,32768,4606,32768,523,48
RunningMeanBuffer,calculation,32768,22605,32768,523,48
RunningMeanSqBuffer,calculation,32768,10689,32768,523,48
RunningMeanBuffer,extend/append,32768,4823,32768,523,64
RunningMeanSqBuffer,extend/append,32768,4547,32768,523,64
RunningMeanBuffer,calculation,32768,22771,32768,523,64
RunningMeanSqBuffer,calculation,32768,10669,32768,523,64
RunningMeanBuffer,extend/append,65536,25508,32768,523,1
RunningMeanSqBuffer,extend/append,65536,10978,32768,523,1
RunningMeanBuffer,calculation,65536,32373,32768,523,1
RunningMeanSqBuffer,calculation,65536,14373,32768,523,1
RunningMeanBuffer,extend/append,65536,15205,32768,523,2
RunningMeanSqBuffer,extend/append,65536,7824,32768,523,2
RunningMeanBuffer,calculation,65536,32537,32768,523,2
RunningMeanSqBuffer,calculation,65536,14325,32768,523,2
RunningMeanBuffer,extend/append,65536,11738,32768,523,3
RunningMeanSqBuffer,extend/append,65536,6758,32768,523,3
RunningMeanBuffer,calculation,65536,32135,32768,523,3
RunningMeanSqBuffer,calculation,65536,14231,32768,523,3
RunningMeanBuffer,extend/append,65536,10100,32768,523,4
RunningMeanSqBuffer,extend/append,65536,6235,32768,523,4
RunningMeanBuffer,calculation,65536,32249,32768,523,4
RunningMeanSqBuffer,calculation,65536,14295,32768,523,4
RunningMeanBuffer,extend/append,65536,8199,32768,523,6
RunningMeanSqBuffer,extend/append,65536,5678,32768,523,6
RunningMeanBuffer,calculation,65536,32130,32768,523,6
RunningMeanSqBuffer,calculation,65536,14298,32768,523,6
RunningMeanBuffer,extend/append,65536,7268,32768,523,8
RunningMeanSqBuffer,extend/append,65536,5376,32768,523,8
RunningMeanBuffer,calculation,65536,32455,32768,523,8
RunningMeanSqBuffer,calculation,65536,14365,32768,523,8
RunningMeanBuffer,extend/append,65536,6298,32768,523,12
RunningMeanSqBuffer,extend/append,65536,5163,32768,523,12
RunningMeanBuffer,calculation,65536,32156,32768,523,12
RunningMeanSqBuffer,calculation,65536,14409,32768,523,12
RunningMeanBuffer,extend/append,65536,5886,32768,523,16
RunningMeanSqBuffer,extend/append,65536,5083,32768,523,16
RunningMeanBuffer,calculation,65536,32359,32768,523,16
RunningMeanSqBuffer,calculation,65536,14250,32768,523,16
RunningMeanBuffer,extend/append,65536,5354,32768,523,24
RunningMeanSqBuffer,extend/append,65536,4800,32768,523,24
RunningMeanBuffer,calculation,65536,32465,32768,523,24
RunningMeanSqBuffer,calculation,65536,14292,32768,523,24
RunningMeanBuffer,extend/append,65536,5267,32768,523,32
RunningMeanSqBuffer,extend/append,65536,4819,32768,523,32
RunningMeanBuffer,calculation,65536,32306,32768,523,32
RunningMeanSqBuffer,calculation,65536,14363,32768,523,32
RunningMeanBuffer,extend/append,65536,4975,32768,523,48
RunningMeanSqBuffer,extend/append,65536,4707,32768,523,48
RunningMeanBuffer,calculation,65536,32206,32768,523,48
RunningMeanSqBuffer,calculation,65536,14265,32768,523,48
RunningMeanBuffer,extend/append,65536,4968,32768,523,64
RunningMeanSqBuffer,extend/append,65536,4698,32768,523,64
RunningMeanBuffer,calculation,65536,32147,32768,523,64
RunningMeanSqBuffer,calculation,65536,14320,32768,523,64
RunningMeanBuffer,extend/append,131072,44340,32768,523,1
RunningMeanSqBuffer,extend/append,131072,15666,32768,523,1
RunningMeanBuffer,calculation,131072,32398,32768,523,1
RunningMeanSqBuffer,calculation,131072,15168,32768,523,1
RunningMeanBuffer,extend/append,131072,25203,32768,523,2
RunningMeanSqBuffer,extend/append,131072,9373,32768,523,2
RunningMeanBuffer,calculation,131072,32700,32768,523,2
RunningMeanSqBuffer,calculation,131072,15091,32768,523,2
RunningMeanBuffer,extend/append,131072,18500,32768,523,3
RunningMeanSqBuffer,extend/append,131072,7840,32768,523,3
RunningMeanBuffer,calculation,131072,32437,32768,523,3
RunningMeanSqBuffer,calculation,131072,15135,32768,523,3
RunningMeanBuffer,extend/append,131072,14984,32768,523,4
RunningMeanSqBuffer,extend/append,131072,7042,32768,523,4
RunningMeanBuffer,calculation,131072,32779,32768,523,4
RunningMeanSqBuffer,calculation,131072,15095,32768,523,4
RunningMeanBuffer,extend/append,131072,11463,32768,523,6
RunningMeanSqBuffer,extend/append,131072,6156,32768,523,6
RunningMeanBuffer,calculation,131072,32226,32768,523,6
RunningMeanSqBuffer,calculation,131072,15001,32768,523,6
RunningMeanBuffer,extend/append,131072,9683,32768,523,8
RunningMeanSqBuffer,extend/append,131072,5740,32768,523,8
RunningMeanBuffer,calculation,131072,34132,32768,523,8
RunningMeanSqBuffer,calculation,131072,15068,32768,523,8
RunningMeanBuffer,extend/append,131072,7918,32768,523,12
RunningMeanSqBuffer,extend/append,131072,5292,32768,523,12
RunningMeanBuffer,calculation,131072,32292,32768,523,12
RunningMeanSqBuffer,calculation,131072,15083,32768,523,12
RunningMeanBuffer,extend/append,131072,7332,32768,523,16
RunningMeanSqBuffer,extend/append,131072,5175,32768,523,16
RunningMeanBuffer,calculation,131072,35285,32768,523,16
RunningMeanSqBuffer,calculation,131072,14973,32768,523,16
RunningMeanBuffer,extend/append,131072,6198,32768,523,24
RunningMeanSqBuffer,extend/append,131072,4937,32768,523,24
RunningMeanBuffer,calculation,131072,34698,32768,523,24
RunningMeanSqBuffer,calculation,131072,14905,32768,523,24
RunningMeanBuffer,extend/append,131072,6013,32768,523,32
RunningMeanSqBuffer,extend/append,131072,4936,32768,523,32
RunningMeanBuffer,calculation,131072,35259,32768,523,32
RunningMeanSqBuffer,calculation,131072,14945,32768,523,32
RunningMeanBuffer,extend/append,131072,5496,32768,523,48
RunningMeanSqBuffer,extend/append,131072,4786,32768,523,48
RunningMeanBuffer,calculation,131072,33771,32768,523,48
RunningMeanSqBuffer,calculation,131072,15152,32768,523,48
RunningMeanBuffer,extend/append,131072,5310,32768,523,64
RunningMeanSqBuffer,extend/append,131072,4696,32768,523,64
RunningMeanBuffer,calculation,131072,34216,32768,523,64
RunningMeanSqBuffer,calculation,131072,14896,32768,523,64
RunningMeanBuffer,extend/append,262144,70769,32768,523,1
RunningMeanSqBuffer,extend/append,262144,20444,32768,523,1
RunningMeanBuffer,calculation,262144,32420,32768,523,1
RunningMeanSqBuffer,calculation,262144,14977,32768,523,1
RunningMeanBuffer,extend/append,262144,37816,32768,523,2
RunningMeanSqBuffer,extend/append,262144,12812,32768,523,2
RunningMeanBuffer,calculation,262144,32214,32768,523,2
RunningMeanSqBuffer,calculation,262144,14784,32768,523,2
RunningMeanBuffer,extend/append,262144,26504,32768,523,3
RunningMeanSqBuffer,extend/append,262144,9984,32768,523,3
RunningMeanBuffer,calculation,262144,32868,32768,523,3
RunningMeanSqBuffer,calculation,262144,14925,32768,523,3
RunningMeanBuffer,extend/append,262144,21791,32768,523,4
RunningMeanSqBuffer,extend/append,262144,8667,32768,523,4
RunningMeanBuffer,calculation,262144,32472,32768,523,4
RunningMeanSqBuffer,calculation,262144,15098,32768,523,4
RunningMeanBuffer,extend/append,262144,15743,32768,523,6
RunningMeanSqBuffer,extend/append,262144,7254,32768,523,6
RunningMeanBuffer,calculation,262144,32230,32768,523,6
RunningMeanSqBuffer,calculation,262144,14958,32768,523,6
RunningMeanBuffer,extend/append,262144,12915,32768,523,8
RunningMeanSqBuffer,extend/append,262144,6556,32768,523,8
RunningMeanBuffer,calculation,262144,32266,32768,523,8
RunningMeanSqBuffer,calculation,262144,14912,32768,523,8
RunningMeanBuffer,extend/append,262144,9965,32768,523,12
RunningMeanSqBuffer,extend/append,262144,5873,32768,523,12
RunningMeanBuffer,calculation,262144,32514,32768,523,12
RunningMeanSqBuffer,calculation,262144,14927,32768,523,12
RunningMeanBuffer,extend/append,262144,8927,32768,523,16
RunningMeanSqBuffer,extend/append,262144,5641,32768,523,16
RunningMeanBuffer,calculation,262144,32185,32768,523,16
RunningMeanSqBuffer,calculation,262144,14988,32768,523,16
RunningMeanBuffer,extend/append,262144,7274,32768,523,24
RunningMeanSqBuffer,extend/append,262144,5115,32768,523,24
RunningMeanBuffer,calculation,262144,32435,32768,523,24
RunningMeanSqBuffer,calculation,262144,15185,32768,523,24
RunningMeanBuffer,extend/append,262144,6864,32768,523,32
RunningMeanSqBuffer,extend/append,262144,5167,32768,523,32
RunningMeanBuffer,calculation,262144,32406,32768,523,32
RunningMeanSqBuffer,calculation,262144,14973,32768,523,32
RunningMeanBuffer,extend/append,262144,5951,32768,523,48
RunningMeanSqBuffer,extend/append,262144,4915,32768,523,48
RunningMeanBuffer,calculation,262144,32501,32768,523,48
RunningMeanSqBuffer,calculation,262144,14934,32768,523,48
RunningMeanBuffer,extend/append,262144,5758,32768,523,64
RunningMeanSqBuffer,extend/append,262144,4909,32768,523,64
RunningMeanBuffer,calculation,262144,32089,32768,523,64
RunningMeanSqBuffer,calculation,262144,15035,32768,523,64
RunningMeanBuffer,extend/append,524288,404063,32768,523,1
RunningMeanSqBuffer,extend/append,524288,77636,32768,523,1
RunningMeanBuffer,calculation,524288,33154,32768,523,1
RunningMeanSqBuffer,calculation,524288,15119,32768,523,1
RunningMeanBuffer,extend/append,524288,199249,32768,523,2
RunningMeanSqBuffer,extend/append,524288,42067,32768,523,2
RunningMeanBuffer,calculation,524288,32149,32768,523,2
RunningMeanSqBuffer,calculation,524288,15426,32768,523,2
RunningMeanBuffer,extend/append,524288,149185,32768,523,3
RunningMeanSqBuffer,extend/append,524288,31055,32768,523,3
RunningMeanBuffer,calculation,524288,32444,32768,523,3
RunningMeanSqBuffer,calculation,524288,15566,32768,523,3
RunningMeanBuffer,extend/append,524288,114241,32768,523,4
RunningMeanSqBuffer,extend/append,524288,24967,32768,523,4
RunningMeanBuffer,calculation,524288,33090,32768,523,4
RunningMeanSqBuffer,calculation,524288,14921,32768,523,4
RunningMeanBuffer,extend/append,524288,76226,32768,523,6
RunningMeanSqBuffer,extend/append,524288,19290,32768,523,6
RunningMeanBuffer,calculation,524288,32282,32768,523,6
RunningMeanSqBuffer,calculation,524288,14796,32768,523,6
RunningMeanBuffer,extend/append,524288,58048,32768,523,8
RunningMeanSqBuffer,extend/append,524288,15740,32768,523,8
RunningMeanBuffer,calculation,524288,32281,32768,523,8
RunningMeanSqBuffer,calculation,524288,14797,32768,523,8
RunningMeanBuffer,extend/append,524288,41611,32768,523,12
RunningMeanSqBuffer,extend/append,524288,13294,32768,523,12
RunningMeanBuffer,calculation,524288,31932,32768,523,12
RunningMeanSqBuffer,calculation,524288,16097,32768,523,12
RunningMeanBuffer,extend/append,524288,33909,32768,523,16
RunningMeanSqBuffer,extend/append,524288,12377,32768,523,16
RunningMeanBuffer,calculation,524288,32520,32768,523,16
RunningMeanSqBuffer,calculation,524288,14928,32768,523,16
RunningMeanBuffer,extend/append,524288,23750,32768,523,24
RunningMeanSqBuffer,extend/append,524288,10383,32768,523,24
RunningMeanBuffer,calculation,524288,32093,32768,523,24
RunningMeanSqBuffer,calculation,524288,15142,32768,523,24
RunningMeanBuffer,extend/append,524288,21929,32768,523,32
RunningMeanSqBuffer,extend/append,524288,10215,32768,523,32
RunningMeanBuffer,calculation,524288,32244,32768,523,32
RunningMeanSqBuffer,calculation,524288,14978,32768,523,32
RunningMeanBuffer,extend/append,524288,16446,32768,523,48
RunningMeanSqBuffer,extend/append,524288,9267,32768,523,48
RunningMeanBuffer,calculation,524288,33262,32768,523,48
RunningMeanSqBuffer,calculation,524288,15296,32768,523,48
RunningMeanBuffer,extend/append,524288,14827,32768,523,64
RunningMeanSqBuffer,extend/append,524288,9065,32768,523,64
RunningMeanBuffer,calculation,524288,32127,32768,523,64
RunningMeanSqBuffer,calculation,524288,14959,32768,523,64
RunningMeanBuffer,extend/append,1048576,831557,32768,523,1
RunningMeanSqBuffer,extend/append,1048576,139792,32768,523,1
RunningMeanBuffer,calculation,1048576,33226,32768,523,1
RunningMeanSqBuffer,calculation,1048576,15490,32768,523,1
RunningMeanBuffer,extend/append,1048576,439023,32768,523,2
RunningMeanSqBuffer,extend/append,1048576,75249,32768,523,2
RunningMeanBuffer,calculation,1048576,32474,32768,523,2
RunningMeanSqBuffer,calculation,1048576,15407,32768,523,2
RunningMeanBuffer,extend/append,1048576,298296,32768,523,3
RunningMeanSqBuffer,extend/append,1048576,53448,32768,523,3
RunningMeanBuffer,calculation,1048576,32420,32768,523,3
RunningMeanSqBuffer,calculation,1048576,15149,32768,523,3
RunningMeanBuffer,extend/append,1048576,223610,32768,523,4
RunningMeanSqBuffer,extend/append,1048576,42004,32768,523,4
RunningMeanBuffer,calculation,1048576,33202,32768,523,4
RunningMeanSqBuffer,calculation,1048576,14899,32768,523,4
RunningMeanBuffer,extend/append,1048576,150055,32768,523,6
RunningMeanSqBuffer,extend/append,1048576,30458,32768,523,6
RunningMeanBuffer,calculation,1048576,31869,32768,523,6
RunningMeanSqBuffer,calculation,1048576,14858,32768,523,6
RunningMeanBuffer,extend/append,1048576,114693,32768,523,8
RunningMeanSqBuffer,extend/append,1048576,24855,32768,523,8
RunningMeanBuffer,calculation,1048576,32066,32768,523,8
RunningMeanSqBuffer,calculation,1048576,15554,32768,523,8
RunningMeanBuffer,extend/append,1048576,77753,32768,523,12
RunningMeanSqBuffer,extend/append,1048576,18994,32768,523,12
RunningMeanBuffer,calculation,1048576,33184,32768,523,12
RunningMeanSqBuffer,calculation,1048576,15276,32768,523,12
RunningMeanBuffer,extend/append,1048576,61413,32768,523,16
RunningMeanSqBuffer,extend/append,1048576,16713,32768,523,16
RunningMeanBuffer,calculation,1048576,32334,32768,523,16
RunningMeanSqBuffer,calculation,1048576,15284,32768,523,16
RunningMeanBuffer,extend/append,1048576,41426,32768,523,24
RunningMeanSqBuffer,extend/append,1048576,12993,32768,523,24
RunningMeanBuffer,calculation,1048576,32316,32768,523,24
RunningMeanSqBuffer,calculation,1048576,14863,32768,523,24
RunningMeanBuffer,extend/append,1048576,37527,32768,523,32
RunningMeanSqBuffer,extend/append,1048576,12566,32768,523,32
RunningMeanBuffer,calculation,1048576,32353,32768,523,32
RunningMeanSqBuffer,calculation,1048576,15896,32768,523,32
RunningMeanBuffer,extend/append,1048576,26419,32768,523,48
RunningMeanSqBuffer,extend/append,1048576,10509,32768,523,48
RunningMeanBuffer,calculation,1048576,32447,32768,523,48
RunningMeanSqBuffer,calculation,1048576,15229,32768,523,48
RunningMeanBuffer,extend/append,1048576,22628,32768,523,64
RunningMeanSqBuffer,extend/append,1048576,10360,32768,523,64
RunningMeanBuffer,calculation,1048576,32870,32768,523,64
RunningMeanSqBuffer,calculation,1048576,15134,32768,523,64
RunningMeanBuffer,extend/append,2097152,1665408,32768,523,1
RunningMeanSqBuffer,extend/append,2097152,270100,32768,523,1
RunningMeanBuffer,calculation,2097152,32797,32768,523,1
RunningMeanSqBuffer,calculation,2097152,16450,32768,523,1
RunningMeanBuffer,extend/append,2097152,844848,32768,523,2
RunningMeanSqBuffer,extend/append,2097152,140571,32768,523,2
RunningMeanBuffer,calculation,2097152,32703,32768,523,2
RunningMeanSqBuffer,calculation,2097152,15628,32768,523,2
RunningMeanBuffer,extend/append,2097152,558486,32768,523,3
RunningMeanSqBuffer,extend/append,2097152,95695,32768,523,3
RunningMeanBuffer,calculation,2097152,32958,32768,523,3
RunningMeanSqBuffer,calculation,2097152,15689,32768,523,3
RunningMeanBuffer,extend/append,2097152,420390,32768,523,4
RunningMeanSqBuffer,extend/append,2097152,74212,32768,523,4
RunningMeanBuffer,calculation,2097152,32943,32768,523,4
RunningMeanSqBuffer,calculation,2097152,16130,32768,523,4
RunningMeanBuffer,extend/append,2097152,279241,32768,523,6
RunningMeanSqBuffer,extend/append,2097152,51379,32768,523,6
RunningMeanBuffer,calculation,2097152,32712,32768,523,6
RunningMeanSqBuffer,calculation,2097152,15037,32768,523,6
RunningMeanBuffer,extend/append,2097152,215339,32768,523,8
RunningMeanSqBuffer,extend/append,2097152,40933,32768,523,8
RunningMeanBuffer,calculation,2097152,33377,32768,523,8
RunningMeanSqBuffer,calculation,2097152,16180,32768,523,8
RunningMeanBuffer,extend/append,2097152,145257,32768,523,12
RunningMeanSqBuffer,extend/append,2097152,29081,32768,523,12
RunningMeanBuffer,calculation,2097152,33011,32768,523,12
RunningMeanSqBuffer,calculation,2097152,15725,32768,523,12
RunningMeanBuffer,extend/append,2097152,112523,32768,523,16
RunningMeanSqBuffer,extend/append,2097152,24945,32768,523,16
RunningMeanBuffer,calculation,2097152,32744,32768,523,16
RunningMeanSqBuffer,calculation,2097152,16275,32768,523,16
RunningMeanBuffer,extend/append,2097152,72167,32768,523,24
RunningMeanSqBuffer,extend/append,2097152,18028,32768,523,24
RunningMeanBuffer,calculation,2097152,32718,32768,523,24
RunningMeanSqBuffer,calculation,2097152,16023,32768,523,24
RunningMeanBuffer,extend/append,2097152,62524,32768,523,32
RunningMeanSqBuffer,extend/append,2097152,17185,32768,523,32
RunningMeanBuffer,calculation,2097152,32352,32768,523,32
RunningMeanSqBuffer,calculation,2097152,15088,32768,523,32
RunningMeanBuffer,extend/append,2097152,45287,32768,523,48
RunningMeanSqBuffer,extend/append,2097152,13481,32768,523,48
RunningMeanBuffer,calculation,2097152,32687,32768,523,48
RunningMeanSqBuffer,calculation,2097152,16315,32768,523,48
RunningMeanBuffer,extend/append,2097152,37392,32768,523,64
RunningMeanSqBuffer,extend/append,2097152,12562,32768,523,64
RunningMeanBuffer,calculation,2097152,32945,32768,523,64
RunningMeanSqBuffer,calculation,2097152,16341,32768,523,64
RunningMeanBuffer,extend/append,4194304,3296230,32768,523,1
RunningMeanSqBuffer,extend/append,4194304,526059,32768,523,1
RunningMeanBuffer,calculation,4194304,34499,32768,523,1
RunningMeanSqBuffer,calculation,4194304,16668,32768,523,1
RunningMeanBuffer,extend/append,4194304,1666552,32768,523,2
RunningMeanSqBuffer,extend/append,4194304,269447,32768,523,2
RunningMeanBuffer,calculation,4194304,33189,32768,523,2
RunningMeanSqBuffer,calculation,4194304,16695,32768,523,2
RunningMeanBuffer,extend/append,4194304,1119627,32768,523,3
RunningMeanSqBuffer,extend/append,4194304,181983,32768,523,3
RunningMeanBuffer,calculation,4194304,34002,32768,523,3
RunningMeanSqBuffer,calculation,4194304,16575,32768,523,3
RunningMeanBuffer,extend/append,4194304,841490,32768,523,4
RunningMeanSqBuffer,extend/append,4194304,138667,32768,523,4
RunningMeanBuffer,calculation,4194304,33358,32768,523,4
RunningMeanSqBuffer,calculation,4194304,16636,32768,523,4
RunningMeanBuffer,extend/append,4194304,558822,32768,523,6
RunningMeanSqBuffer,extend/append,4194304,95472,32768,523,6
RunningMeanBuffer,calculation,4194304,33192,32768,523,6
RunningMeanSqBuffer,calculation,4194304,17895,32768,523,6
RunningMeanBuffer,extend/append,4194304,414588,32768,523,8
RunningMeanSqBuffer,extend/append,4194304,71937,32768,523,8
RunningMeanBuffer,calculation,4194304,33063,32768,523,8
RunningMeanSqBuffer,calculation,4194304,17168,32768,523,8
RunningMeanBuffer,extend/append,4194304,277443,32768,523,12
RunningMeanSqBuffer,extend/append,4194304,50866,32768,523,12
RunningMeanBuffer,calculation,4194304,33209,32768,523,12
RunningMeanSqBuffer,calculation,4194304,16424,32768,523,12
RunningMeanBuffer,extend/append,4194304,220289,32768,523,16
RunningMeanSqBuffer,extend/append,4194304,40745,32768,523,16
RunningMeanBuffer,calculation,4194304,33965,32768,523,16
RunningMeanSqBuffer,calculation,4194304,16697,32768,523,16
RunningMeanBuffer,extend/append,4194304,137263,32768,523,24
RunningMeanSqBuffer,extend/append,4194304,28128,32768,523,24
RunningMeanBuffer,calculation,4194304,33801,32768,523,24
RunningMeanSqBuffer,calculation,4194304,16462,32768,523,24
RunningMeanBuffer,extend/append,4194304,117597,32768,523,32
RunningMeanSqBuffer,extend/append,4194304,25542,32768,523,32
RunningMeanBuffer,calculation,4194304,33758,32768,523,32
RunningMeanSqBuffer,calculation,4194304,16569,32768,523,32
RunningMeanBuffer,extend/append,4194304,78167,32768,523,48
RunningMeanSqBuffer,extend/append,4194304,18859,32768,523,48
RunningMeanBuffer,calculation,4194304,33209,32768,523,48
RunningMeanSqBuffer,calculation,4194304,16535,32768,523,48
RunningMeanBuffer,extend/append,4194304,63697,32768,523,64
RunningMeanSqBuffer,extend/append,4194304,16658,32768,523,64
RunningMeanBuffer,calculation,4194304,33127,32768,523,64
RunningMeanSqBuffer,calculation,4194304,19695,32768,523,64
RunningMeanBuffer,extend/append,8388608,6567617,32768,523,1
RunningMeanSqBuffer,extend/append,8388608,1034805,32768,523,1
RunningMeanBuffer,calculation,8388608,35597,32768,523,1
RunningMeanSqBuffer,calculation,8388608,16875,32768,523,1
RunningMeanBuffer,extend/append,8388608,3282478,32768,523,2
RunningMeanSqBuffer,extend/append,8388608,521747,32768,523,2
RunningMeanBuffer,calculation,8388608,35306,32768,523,2
RunningMeanSqBuffer,calculation,8388608,16843,32768,523,2
RunningMeanBuffer,extend/append,8388608,2208313,32768,523,3
RunningMeanSqBuffer,extend/append,8388608,353866,32768,523,3
RunningMeanBuffer,calculation,8388608,34519,32768,523,3
RunningMeanSqBuffer,calculation,8388608,18306,32768,523,3
RunningMeanBuffer,extend/append,8388608,1662238,32768,523,4
RunningMeanSqBuffer,extend/append,8388608,267874,32768,523,4
RunningMeanBuffer,calculation,8388608,34420,32768,523,4
RunningMeanSqBuffer,calculation,8388608,16540,32768,523,4
RunningMeanBuffer,extend/append,8388608,1084812,32768,523,6
RunningMeanSqBuffer,extend/append,8388608,179584,32768,523,6
RunningMeanBuffer,calculation,8388608,34456,32768,523,6
RunningMeanSqBuffer,calculation,8388608,16700,32768,523,6
RunningMeanBuffer,extend/append,8388608,812360,32768,523,8
RunningMeanSqBuffer,extend/append,8388608,134658,32768,523,8
RunningMeanBuffer,calculation,8388608,34615,32768,523,8
RunningMeanSqBuffer,calculation,8388608,16571,32768,523,8
RunningMeanBuffer,extend/append,8388608,532112,32768,523,12
RunningMeanSqBuffer,extend/append,8388608,91216,32768,523,12
RunningMeanBuffer,calculation,8388608,34852,32768,523,12
RunningMeanSqBuffer,calculation,8388608,19106,32768,523,12
RunningMeanBuffer,extend/append,8388608,425028,32768,523,16
RunningMeanSqBuffer,extend/append,8388608,73585,32768,523,16
RunningMeanBuffer,calculation,8388608,35161,32768,523,16
RunningMeanSqBuffer,calculation,8388608,17323,32768,523,16
RunningMeanBuffer,extend/append,8388608,260926,32768,523,24
RunningMeanSqBuffer,extend/append,8388608,47972,32768,523,24
RunningMeanBuffer,calculation,8388608,35652,32768,523,24
RunningMeanSqBuffer,calculation,8388608,18202,32768,523,24
RunningMeanBuffer,extend/append,8388608,231788,32768,523,32
RunningMeanSqBuffer,extend/append,8388608,42622,32768,523,32
RunningMeanBuffer,calculation,8388608,34441,32768,523,32
RunningMeanSqBuffer,calculation,8388608,17324,32768,523,32
RunningMeanBuffer,extend/append,8388608,145143,32768,523,48
RunningMeanSqBuffer,extend/append,8388608,30050,32768,523,48
RunningMeanBuffer,calculation,8388608,35799,32768,523,48
RunningMeanSqBuffer,calculation,8388608,17569,32768,523,48
RunningMeanBuffer,extend/append,8388608,117230,32768,523,64
RunningMeanSqBuffer,extend/append,8388608,25622,32768,523,64
RunningMeanBuffer,calculation,8388608,34724,32768,523,64
RunningMeanSqBuffer,calculation,8388608,16724,32768,523,64
RunningMeanBuffer,extend/append,65536,33275,65536,523,1
RunningMeanSqBuffer,extend/append,65536,13524,65536,523,1
RunningMeanBuffer,calculation,65536,36533,65536,523,1
RunningMeanSqBuffer,calculation,65536,19336,65536,523,1
RunningMeanBuffer,extend/append,65536,18236,65536,523,2
RunningMeanSqBuffer,extend/append,65536,11131,65536,523,2
RunningMeanBuffer,calculation,65536,37370,65536,523,2
RunningMeanSqBuffer,calculation,65536,19354,65536,523,2
RunningMeanBuffer,extend/append,65536,14984,65536,523,3
RunningMeanSqBuffer,extend/append,65536,10350,65536,523,3
RunningMeanBuffer,calculation,65536,36457,65536,523,3
RunningMeanSqBuffer,calculation,65536,19193,65536,523,3
RunningMeanBuffer,extend/append,65536,13488,65536,523,4
RunningMeanSqBuffer,extend/append,65536,9882,65536,523,4
RunningMeanBuffer,calculation,65536,36346,65536,523,4
RunningMeanSqBuffer,calculation,65536,19180,65536,523,4
RunningMeanBuffer,extend/append,65536,11929,65536,523,6
RunningMeanSqBuffer,extend/append,65536,9468,65536,523,6
RunningMeanBuffer,calculation,65536,39483,65536,523,6
RunningMeanSqBuffer,calculation,65536,19265,65536,523,6
RunningMeanBuffer,extend/append,65536,11073,65536,523,8
RunningMeanSqBuffer,extend/append,65536,9231,65536,523,8
RunningMeanBuffer,calculation,65536,36337,65536,523,8
RunningMeanSqBuffer,calculation,65536,19250,65536,523,8
RunningMeanBuffer,extend/append,65536,10181,65536,523,12
RunningMeanSqBuffer,extend/append,65536,9050,65536,523,12
RunningMeanBuffer,calculation,65536,36430,65536,523,12
RunningMeanSqBuffer,calculation,65536,19261,65536,523,12
RunningMeanBuffer,extend/append,65536,9910,65536,523,16
RunningMeanSqBuffer,extend/append,65536,8874,65536,523,16
RunningMeanBuffer,calculation,65536,36529,65536,523,16
RunningMeanSqBuffer,calculation,65536,19332,65536,523,16
RunningMeanBuffer,extend/append,65536,9342,65536,523,24
RunningMeanSqBuffer,extend/append,65536,8739,65536,523,24
RunningMeanBuffer,calculation,65536,36526,65536,523,24
RunningMeanSqBuffer,calculation,65536,19228,65536,523,24
RunningMeanBuffer,extend/append,65536,9311,65536,523,32
RunningMeanSqBuffer,extend/append,65536,8670,65536,523,32
RunningMeanBuffer,calculation,65536,36517,65536,523,32
RunningMeanSqBuffer,calculation,65536,19333,65536,523,32
RunningMeanBuffer,extend/append,65536,9005,65536,523,48
RunningMeanSqBuffer,extend/append,65536,8653,65536,523,48
RunningMeanBuffer,calculation,65536,36318,65536,523,48
RunningMeanSqBuffer,calculation,65536,19214,65536,523,48
RunningMeanBuffer,extend/append,65536,8982,65536,523,64
RunningMeanSqBuffer,extend/append,65536,8824,65536,523,64
RunningMeanBuffer,calculation,65536,36246,65536,523,64
RunningMeanSqBuffer,calculation,65536,19129,65536,523,64
RunningMeanBuffer,extend/append,131072,46391,65536,523,1
RunningMeanSqBuffer,extend/append,131072,19125,65536,523,1
RunningMeanBuffer,calculation,131072,56363,65536,523,1
RunningMeanSqBuffer,calculation,131072,26176,65536,523,1
RunningMeanBuffer,extend/append,131072,27019,65536,523,2
RunningMeanSqBuffer,extend/append,131072,13986,65536,523,2
RunningMeanBuffer,calculation,131072,56569,65536,523,2
RunningMeanSqBuffer,calculation,131072,25416,65536,523,2
RunningMeanBuffer,extend/append,131072,21063,65536,523,3
RunningMeanSqBuffer,extend/append,131072,12355,65536,523,3
RunningMeanBuffer,calculation,131072,56622,65536,523,3
RunningMeanSqBuffer,calculation,131072,26126,65536,523,3
RunningMeanBuffer,extend/append,131072,18099,65536,523,4
RunningMeanSqBuffer,extend/append,131072,11505,65536,523,4
RunningMeanBuffer,calculation,131072,56550,65536,523,4
RunningMeanSqBuffer,calculation,131072,26143,65536,523,4
RunningMeanBuffer,extend/append,131072,14748,65536,523,6
RunningMeanSqBuffer,extend/append,131072,10440,65536,523,6
RunningMeanBuffer,calculation,131072,56420,65536,523,6
RunningMeanSqBuffer,calculation,131072,25960,65536,523,6
RunningMeanBuffer,extend/append,131072,13142,65536,523,8
RunningMeanSqBuffer,extend/append,131072,9986,65536,523,8
RunningMeanBuffer,calculation,131072,56617,65536,523,8
RunningMeanSqBuffer,calculation,131072,25809,65536,523,8
RunningMeanBuffer,extend/append,131072,11566,65536,523,12
RunningMeanSqBuffer,extend/append,131072,9606,65536,523,12
RunningMeanBuffer,calculation,131072,56844,65536,523,12
RunningMeanSqBuffer,calculation,131072,25742,65536,523,12
RunningMeanBuffer,extend/append,131072,11178,65536,523,16
RunningMeanSqBuffer,extend/append,131072,9546,65536,523,16
RunningMeanBuffer,calculation,131072,56675,65536,523,16
RunningMeanSqBuffer,calculation,131072,25490,65536,523,16
RunningMeanBuffer,extend/append,131072,10112,65536,523,24
RunningMeanSqBuffer,extend/append,131072,9091,65536,523,24
RunningMeanBuffer,calculation,131072,56978,65536,523,24
RunningMeanSqBuffer,calculation,131072,25681,65536,523,24
RunningMeanBuffer,extend/append,131072,9846,65536,523,32
RunningMeanSqBuffer,extend/append,131072,9044,65536,523,32
RunningMeanBuffer,calculation,131072,56448,65536,523,32
RunningMeanSqBuffer,calculation,131072,26121,65536,523,32
RunningMeanBuffer,extend/append,131072,9383,65536,523,48
RunningMeanSqBuffer,extend/append,131072,9023,65536,523,48
RunningMeanBuffer,calculation,131072,56497,65536,523,48
RunningMeanSqBuffer,calculation,131072,25846,65536,523,48
RunningMeanBuffer,extend/append,131072,9188,65536,523,64
RunningMeanSqBuffer,extend/append,131072,8878,65536,523,64
RunningMeanBuffer,calculation,131072,56754,65536,523,64
RunningMeanSqBuffer,calculation,131072,25887,65536,523,64
RunningMeanBuffer,extend/append,262144,75657,65536,523,1
RunningMeanSqBuffer,extend/append,262144,25230,65536,523,1
RunningMeanBuffer,calculation,262144,56983,65536,523,1
RunningMeanSqBuffer,calculation,262144,26819,65536,523,1
RunningMeanBuffer,extend/append,262144,41952,65536,523,2
RunningMeanSqBuffer,extend/append,262144,16901,65536,523,2
RunningMeanBuffer,calculation,262144,57018,65536,523,2
RunningMeanSqBuffer,calculation,262144,26645,65536,523,2
RunningMeanBuffer,extend/append,262144,31311,65536,523,3
RunningMeanSqBuffer,extend/append,262144,14191,65536,523,3
RunningMeanBuffer,calculation,262144,56732,65536,523,3
RunningMeanSqBuffer,calculation,262144,25655,65536,523,3
RunningMeanBuffer,extend/append,262144,24906,65536,523,4
RunningMeanSqBuffer,extend/append,262144,12870,65536,523,4
RunningMeanBuffer,calculation,262144,57856,65536,523,4
RunningMeanSqBuffer,calculation,262144,25703,65536,523,4
RunningMeanBuffer,extend/append,262144,19393,65536,523,6
RunningMeanSqBuffer,extend/append,262144,11330,65536,523,6
RunningMeanBuffer,calculation,262144,56980,65536,523,6
RunningMeanSqBuffer,calculation,262144,25597,65536,523,6
RunningMeanBuffer,extend/append,262144,16730,65536,523,8
RunningMeanSqBuffer,extend/append,262144,10623,65536,523,8
RunningMeanBuffer,calculation,262144,57306,65536,523,8
RunningMeanSqBuffer,calculation,262144,25572,65536,523,8
RunningMeanBuffer,extend/append,262144,13782,65536,523,12
RunningMeanSqBuffer,extend/append,262144,9907,65536,523,12
RunningMeanBuffer,calculation,262144,57571,65536,523,12
RunningMeanSqBuffer,calculation,262144,25748,65536,523,12
RunningMeanBuffer,extend/append,262144,12680,65536,523,16
RunningMeanSqBuffer,extend/append,262144,9525,65536,523,16
RunningMeanBuffer,calculation,262144,57313,65536,523,16
RunningMeanSqBuffer,calculation,262144,26395,65536,523,16
RunningMeanBuffer,extend/append,262144,10989,65536,523,24
RunningMeanSqBuffer,extend/append,262144,9183,65536,523,24
RunningMeanBuffer,calculation,262144,56645,65536,523,24
RunningMeanSqBuffer,calculation,262144,26655,65536,523,24
RunningMeanBuffer,extend/append,262144,10816,65536,523,32
RunningMeanSqBuffer,extend/append,262144,9057,65536,523,32
RunningMeanBuffer,calculation,262144,57110,65536,523,32
RunningMeanSqBuffer,calculation,262144,26397,65536,523,32
RunningMeanBuffer,extend/append,262144,9911,65536,523,48
RunningMeanSqBuffer,extend/append,262144,8890,65536,523,48
RunningMeanBuffer,calculation,262144,56866,65536,523,48
RunningMeanSqBuffer,calculation,262144,26405,65536,523,48
RunningMeanBuffer,extend/append,262144,9653,65536,523,64
RunningMeanSqBuffer,extend/append,262144,8840,65536,523,64
RunningMeanBuffer,calculation,262144,56922,65536,523,64
RunningMeanSqBuffer,calculation,262144,25674,65536,523,64
RunningMeanBuffer,extend/append,524288,253105,65536,523,1
RunningMeanSqBuffer,extend/append,524288,75108,65536,523,1
RunningMeanBuffer,calculation,524288,57388,65536,523,1
RunningMeanSqBuffer,calculation,524288,26184,65536,523,1
RunningMeanBuffer,extend/append,524288,138843,65536,523,2
RunningMeanSqBuffer,extend/append,524288,44841,65536,523,2
RunningMeanBuffer,calculation,524288,54753,65536,523,2
RunningMeanSqBuffer,calculation,524288,26011,65536,523,2
RunningMeanBuffer,extend/append,524288,98744,65536,523,3
RunningMeanSqBuffer,extend/append,524288,36695,65536,523,3
RunningMeanBuffer,calculation,524288,57128,65536,523,3
RunningMeanSqBuffer,calculation,524288,25890,65536,523,3
RunningMeanBuffer,extend/append,524288,84284,65536,523,4
RunningMeanSqBuffer,extend/append,524288,31452,65536,523,4
RunningMeanBuffer,calculation,524288,56479,65536,523,4
RunningMeanSqBuffer,calculation,524288,25796,65536,523,4
RunningMeanBuffer,extend/append,524288,59071,65536,523,6
RunningMeanSqBuffer,extend/append,524288,25829,65536,523,6
RunningMeanBuffer,calculation,524288,57069,65536,523,6
RunningMeanSqBuffer,calculation,524288,25732,65536,523,6
RunningMeanBuffer,extend/append,524288,46524,65536,523,8
RunningMeanSqBuffer,extend/append,524288,22698,65536,523,8
RunningMeanBuffer,calculation,524288,57524,65536,523,8
RunningMeanSqBuffer,calculation,524288,25916,65536,523,8
RunningMeanBuffer,extend/append,524288,37798,65536,523,12
RunningMeanSqBuffer,extend/append,524288,20499,65536,523,12
RunningMeanBuffer,calculation,524288,55139,65536,523,12
RunningMeanSqBuffer,calculation,524288,25678,65536,523,12
RunningMeanBuffer,extend/append,524288,33628,65536,523,16
RunningMeanSqBuffer,extend/append,524288,19121,65536,523,16
RunningMeanBuffer,calculation,524288,58629,65536,523,16
RunningMeanSqBuffer,calculation,524288,26208,65536,523,16
RunningMeanBuffer,extend/append,524288,26486,65536,523,24
RunningMeanSqBuffer,extend/append,524288,17705,65536,523,24
RunningMeanBuffer,calculation,524288,58017,65536,523,24
RunningMeanSqBuffer,calculation,524288,25731,65536,523,24
RunningMeanBuffer,extend/append,524288,25361,65536,523,32
RunningMeanSqBuffer,extend/append,524288,17186,65536,523,32
RunningMeanBuffer,calculation,524288,55083,65536,523,32
RunningMeanSqBuffer,calculation,524288,25825,65536,523,32
RunningMeanBuffer,extend/append,524288,19963,65536,523,48
RunningMeanSqBuffer,extend/append,524288,16151,65536,523,48
RunningMeanBuffer,calculation,524288,54577,65536,523,48
RunningMeanSqBuffer,calculation,524288,25633,65536,523,48
RunningMeanBuffer,extend/append,524288,20166,65536,523,64
RunningMeanSqBuffer,extend/append,524288,15947,65536,523,64
RunningMeanBuffer,calculation,524288,54867,65536,523,64
RunningMeanSqBuffer,calculation,524288,25913,65536,523,64
RunningMeanBuffer,extend/append,1048576,738074,65536,523,1
RunningMeanSqBuffer,extend/append,1048576,135512,65536,523,1
RunningMeanBuffer,calculation,1048576,54608,65536,523,1
RunningMeanSqBuffer,calculation,1048576,25945,65536,523,1
RunningMeanBuffer,extend/append,1048576,377167,65536,523,2
RunningMeanSqBuffer,extend/append,1048576,76539,65536,523,2
RunningMeanBuffer,calculation,1048576,54516,65536,523,2
RunningMeanSqBuffer,calculation,1048576,25901,65536,523,2
RunningMeanBuffer,extend/append,1048576,268503,65536,523,3
RunningMeanSqBuffer,extend/append,1048576,58719,65536,523,3
RunningMeanBuffer,calculation,1048576,54910,65536,523,3
RunningMeanSqBuffer,calculation,1048576,25882,65536,523,3
RunningMeanBuffer,extend/append,1048576,198609,65536,523,4
RunningMeanSqBuffer,extend/append,1048576,47124,65536,523,4
RunningMeanBuffer,calculation,1048576,55497,65536,523,4
RunningMeanSqBuffer,calculation,1048576,26031,65536,523,4
RunningMeanBuffer,extend/append,1048576,143918,65536,523,6
RunningMeanSqBuffer,extend/append,1048576,36551,65536,523,6
RunningMeanBuffer,calculation,1048576,54630,65536,523,6
RunningMeanSqBuffer,calculation,1048576,25885,65536,523,6
RunningMeanBuffer,extend/append,1048576,111822,65536,523,8
RunningMeanSqBuffer,extend/append,1048576,31214,65536,523,8
RunningMeanBuffer,calculation,1048576,57293,65536,523,8
RunningMeanSqBuffer,calculation,1048576,26091,65536,523,8
RunningMeanBuffer,extend/append,1048576,73810,65536,523,12
RunningMeanSqBuffer,extend/append,1048576,25623,65536,523,12
RunningMeanBuffer,calculation,1048576,55478,65536,523,12
RunningMeanSqBuffer,calculation,1048576,25898,65536,523,12
RunningMeanBuffer,extend/append,1048576,66544,65536,523,16
RunningMeanSqBuffer,extend/append,1048576,22994,65536,523,16
RunningMeanBuffer,calculation,1048576,55021,65536,523,16
RunningMeanSqBuffer,calculation,1048576,26113,65536,523,16
RunningMeanBuffer,extend/append,1048576,45406,65536,523,24
RunningMeanSqBuffer,extend/append,1048576,19763,65536,523,24
RunningMeanBuffer,calculation,1048576,54295,65536,523,24
RunningMeanSqBuffer,calculation,1048576,25776,65536,523,24
RunningMeanBuffer,extend/append,1048576,41670,65536,523,32
RunningMeanSqBuffer,extend/append,1048576,19589,65536,523,32
RunningMeanBuffer,calculation,1048576,54587,65536,523,32
RunningMeanSqBuffer,calculation,1048576,25885,65536,523,32
RunningMeanBuffer,extend/append,1048576,31577,65536,523,48
RunningMeanSqBuffer,extend/append,1048576,17857,65536,523,48
RunningMeanBuffer,calculation,1048576,57382,65536,523,48
RunningMeanSqBuffer,calculation,1048576,25752,65536,523,48
RunningMeanBuffer,extend/append,1048576,28557,65536,523,64
RunningMeanSqBuffer,extend/append,1048576,17012,65536,523,64
RunningMeanBuffer,calculation,1048576,54455,65536,523,64
RunningMeanSqBuffer,calculation,1048576,26005,65536,523,64
RunningMeanBuffer,extend/append,2097152,1637109,65536,523,1
RunningMeanSqBuffer,extend/append,2097152,271568,65536,523,1
RunningMeanBuffer,calculation,2097152,55406,65536,523,1
RunningMeanSqBuffer,calculation,2097152,26232,65536,523,1
RunningMeanBuffer,extend/append,2097152,844559,65536,523,2
RunningMeanSqBuffer,extend/append,2097152,142794,65536,523,2
RunningMeanBuffer,calculation,2097152,55928,65536,523,2
RunningMeanSqBuffer,calculation,2097152,26107,65536,523,2
RunningMeanBuffer,extend/append,2097152,548613,65536,523,3
RunningMeanSqBuffer,extend/append,2097152,101647,65536,523,3
RunningMeanBuffer,calculation,2097152,55658,65536,523,3
RunningMeanSqBuffer,calculation,2097152,27434,65536,523,3
RunningMeanBuffer,extend/append,2097152,430598,65536,523,4
RunningMeanSqBuffer,extend/append,2097152,80495,65536,523,4
RunningMeanBuffer,calculation,2097152,55026,65536,523,4
RunningMeanSqBuffer,calculation,2097152,26086,65536,523,4
RunningMeanBuffer,extend/append,2097152,295660,65536,523,6
RunningMeanSqBuffer,extend/append,2097152,58259,65536,523,6
RunningMeanBuffer,calculation,2097152,57727,65536,523,6
RunningMeanSqBuffer,calculation,2097152,25990,65536,523,6
RunningMeanBuffer,extend/append,2097152,223822,65536,523,8
RunningMeanSqBuffer,extend/append,2097152,47678,65536,523,8
RunningMeanBuffer,calculation,2097152,55379,65536,523,8
RunningMeanSqBuffer,calculation,2097152,26213,65536,523,8
RunningMeanBuffer,extend/append,2097152,151474,65536,523,12
RunningMeanSqBuffer,extend/append,2097152,36023,65536,523,12
RunningMeanBuffer,calculation,2097152,55317,65536,523,12
RunningMeanSqBuffer,calculation,2097152,26391,65536,523,12
RunningMeanBuffer,extend/append,2097152,124362,65536,523,16
RunningMeanSqBuffer,extend/append,2097152,31818,65536,523,16
RunningMeanBuffer,calculation,2097152,55185,65536,523,16
RunningMeanSqBuffer,calculation,2097152,26261,65536,523,16
RunningMeanBuffer,extend/append,2097152,80252,65536,523,24
RunningMeanSqBuffer,extend/append,2097152,24686,65536,523,24
RunningMeanBuffer,calculation,2097152,55679,65536,523,24
RunningMeanSqBuffer,calculation,2097152,26227,65536,523,24
RunningMeanBuffer,extend/append,2097152,73361,65536,523,32
RunningMeanSqBuffer,extend/append,2097152,23943,65536,523,32
RunningMeanBuffer,calculation,2097152,54679,65536,523,32
RunningMeanSqBuffer,calculation,2097152,26267,65536,523,32
RunningMeanBuffer,extend/append,2097152,51236,65536,523,48
RunningMeanSqBuffer,extend/append,2097152,20240,65536,523,48
RunningMeanBuffer,calculation,2097152,55031,65536,523,48
RunningMeanSqBuffer,calculation,2097152,26025,65536,523,48
RunningMeanBuffer,extend/append,2097152,44295,65536,523,64
RunningMeanSqBuffer,extend/append,2097152,19149,65536,523,64
RunningMeanBuffer,calculation,2097152,54909,65536,523,64
RunningMeanSqBuffer,calculation,2097152,26049,65536,523,64
RunningMeanBuffer,extend/append,4194304,3350426,65536,523,1
RunningMeanSqBuffer,extend/append,4194304,538011,65536,523,1
RunningMeanBuffer,calculation,4194304,55589,65536,523,1
RunningMeanSqBuffer,calculation,4194304,26955,65536,523,1
RunningMeanBuffer,extend/append,4194304,1662542,65536,523,2
RunningMeanSqBuffer,extend/append,4194304,273471,65536,523,2
RunningMeanBuffer,calculation,4194304,55526,65536,523,2
RunningMeanSqBuffer,calculation,4194304,28564,65536,523,2
RunningMeanBuffer,extend/append,4194304,1112254,65536,523,3
RunningMeanSqBuffer,extend/append,4194304,188597,65536,523,3
RunningMeanBuffer,calculation,4194304,55714,65536,523,3
RunningMeanSqBuffer,calculation,4194304,29189,65536,523,3
RunningMeanBuffer,extend/append,4194304,852592,65536,523,4
RunningMeanSqBuffer,extend/append,4194304,147851,65536,523,4
RunningMeanBuffer,calculation,4194304,57210,65536,523,4
RunningMeanSqBuffer,calculation,4194304,29439,65536,523,4
RunningMeanBuffer,extend/append,4194304,560329,65536,523,6
RunningMeanSqBuffer,extend/append,4194304,101048,65536,523,6
RunningMeanBuffer,calculation,4194304,55701,65536,523,6
RunningMeanSqBuffer,calculation,4194304,26912,65536,523,6
RunningMeanBuffer,extend/append,4194304,419013,65536,523,8
RunningMeanSqBuffer,extend/append,4194304,78626,65536,523,8
RunningMeanBuffer,calculation,4194304,56539,65536,523,8
RunningMeanSqBuffer,calculation,4194304,27439,65536,523,8
RunningMeanBuffer,extend/append,4194304,284218,65536,523,12
RunningMeanSqBuffer,extend/append,4194304,56465,65536,523,12
RunningMeanBuffer,calculation,4194304,56725,65536,523,12
RunningMeanSqBuffer,calculation,4194304,29022,65536,523,12
RunningMeanBuffer,extend/append,4194304,228353,65536,523,16
RunningMeanSqBuffer,extend/append,4194304,48015,65536,523,16
RunningMeanBuffer,calculation,4194304,55434,65536,523,16
RunningMeanSqBuffer,calculation,4194304,27788,65536,523,16
RunningMeanBuffer,extend/append,4194304,136877,65536,523,24
RunningMeanSqBuffer,extend/append,4194304,35500,65536,523,24
RunningMeanBuffer,calculation,4194304,55685,65536,523,24
RunningMeanSqBuffer,calculation,4194304,28374,65536,523,24
RunningMeanBuffer,extend/append,4194304,129565,65536,523,32
RunningMeanSqBuffer,extend/append,4194304,33034,65536,523,32
RunningMeanBuffer,calculation,4194304,55637,65536,523,32
RunningMeanSqBuffer,calculation,4194304,29230,65536,523,32
RunningMeanBuffer,extend/append,4194304,84647,65536,523,48
RunningMeanSqBuffer,extend/append,4194304,26132,65536,523,48
RunningMeanBuffer,calculation,4194304,55881,65536,523,48
RunningMeanSqBuffer,calculation,4194304,27163,65536,523,48
RunningMeanBuffer,extend/append,4194304,72066,65536,523,64
RunningMeanSqBuffer,extend/append,4194304,23823,65536,523,64
RunningMeanBuffer,calculation,4194304,55287,65536,523,64
RunningMeanSqBuffer,calculation,4194304,28214,65536,523,64
RunningMeanBuffer,extend/append,8388608,6637057,65536,523,1
RunningMeanSqBuffer,extend/append,8388608,1042631,65536,523,1
RunningMeanBuffer,calculation,8388608,60660,65536,523,1
RunningMeanSqBuffer,calculation,8388608,30141,65536,523,1
RunningMeanBuffer,extend/append,8388608,3333915,65536,523,2
RunningMeanSqBuffer,extend/append,8388608,528154,65536,523,2
RunningMeanBuffer,calculation,8388608,58156,65536,523,2
RunningMeanSqBuffer,calculation,8388608,29729,65536,523,2
RunningMeanBuffer,extend/append,8388608,2237705,65536,523,3
RunningMeanSqBuffer,extend/append,8388608,360214,65536,523,3
RunningMeanBuffer,calculation,8388608,58022,65536,523,3
RunningMeanSqBuffer,calculation,8388608,29429,65536,523,3
RunningMeanBuffer,extend/append,8388608,1672394,65536,523,4
RunningMeanSqBuffer,extend/append,8388608,273038,65536,523,4
RunningMeanBuffer,calculation,8388608,60911,65536,523,4
RunningMeanSqBuffer,calculation,8388608,29588,65536,523,4
RunningMeanBuffer,extend/append,8388608,1105533,65536,523,6
RunningMeanSqBuffer,extend/append,8388608,186379,65536,523,6
RunningMeanBuffer,calculation,8388608,58103,65536,523,6
RunningMeanSqBuffer,calculation,8388608,29536,65536,523,6
RunningMeanBuffer,extend/append,8388608,830337,65536,523,8
RunningMeanSqBuffer,extend/append,8388608,141533,65536,523,8
RunningMeanBuffer,calculation,8388608,58735,65536,523,8
RunningMeanSqBuffer,calculation,8388608,29577,65536,523,8
RunningMeanBuffer,extend/append,8388608,546197,65536,523,12
RunningMeanSqBuffer,extend/append,8388608,98679,65536,523,12
RunningMeanBuffer,calculation,8388608,58193,65536,523,12
RunningMeanSqBuffer,calculation,8388608,29346,65536,523,12
RunningMeanBuffer,extend/append,8388608,428094,65536,523,16
RunningMeanSqBuffer,extend/append,8388608,80945,65536,523,16
RunningMeanBuffer,calculation,8388608,59153,65536,523,16
RunningMeanSqBuffer,calculation,8388608,29439,65536,523,16
RunningMeanBuffer,extend/append,8388608,261348,65536,523,24
RunningMeanSqBuffer,extend/append,8388608,54779,65536,523,24
RunningMeanBuffer,calculation,8388608,58672,65536,523,24
RunningMeanSqBuffer,calculation,8388608,29328,65536,523,24
RunningMeanBuffer,extend/append,8388608,235527,65536,523,32
RunningMeanSqBuffer,extend/append,8388608,50768,65536,523,32
RunningMeanBuffer,calculation,8388608,57887,65536,523,32
RunningMeanSqBuffer,calculation,8388608,29583,65536,523,32
RunningMeanBuffer,extend/append,8388608,152203,65536,523,48
RunningMeanSqBuffer,extend/append,8388608,36899,65536,523,48
RunningMeanBuffer,calculation,8388608,58743,65536,523,48
RunningMeanSqBuffer,calculation,8388608,29298,65536,523,48
RunningMeanBuffer,extend/append,8388608,126664,65536,523,64
RunningMeanSqBuffer,extend/append,8388608,32532,65536,523,64
RunningMeanBuffer,calculation,8388608,59995,65536,523,64
RunningMeanSqBuffer,calculation,8388608,29456,65536,523,64
RunningMeanBuffer,extend/append,131072,58703,131072,523,1
RunningMeanSqBuffer,extend/append,131072,24795,131072,523,1
RunningMeanBuffer,calculation,131072,62779,131072,523,1
RunningMeanSqBuffer,calculation,131072,36389,131072,523,1
RunningMeanBuffer,extend/append,131072,33888,131072,523,2
RunningMeanSqBuffer,extend/append,131072,20528,131072,523,2
RunningMeanBuffer,calculation,131072,63181,131072,523,2
RunningMeanSqBuffer,calculation,131072,36585,131072,523,2
RunningMeanBuffer,extend/append,131072,28165,131072,523,3
RunningMeanSqBuffer,extend/append,131072,19251,131072,523,3
RunningMeanBuffer,calculation,131072,63013,131072,523,3
RunningMeanSqBuffer,calculation,131072,36182,131072,523,3
RunningMeanBuffer,extend/append,131072,25586,131072,523,4
RunningMeanSqBuffer,extend/append,131072,18460,131072,523,4
RunningMeanBuffer,calculation,131072,62746,131072,523,4
RunningMeanSqBuffer,calculation,131072,36329,131072,523,4
RunningMeanBuffer,extend/append,131072,22458,131072,523,6
RunningMeanSqBuffer,extend/append,131072,17739,131072,523,6
RunningMeanBuffer,calculation,131072,62746,131072,523,6
RunningMeanSqBuffer,calculation,131072,36274,131072,523,6
RunningMeanBuffer,extend/append,131072,20746,131072,523,8
RunningMeanSqBuffer,extend/append,131072,17278,131072,523,8
RunningMeanBuffer,calculation,131072,62672,131072,523,8
RunningMeanSqBuffer,calculation,131072,36320,131072,523,8
RunningMeanBuffer,extend/append,131072,19351,131072,523,12
RunningMeanSqBuffer,extend/append,131072,16890,131072,523,12
RunningMeanBuffer,calculation,131072,75011,131072,523,12
RunningMeanSqBuffer,calculation,131072,37254,131072,523,12
RunningMeanBuffer,extend/append,131072,18785,131072,523,16
RunningMeanSqBuffer,extend/append,131072,16880,131072,523,16
RunningMeanBuffer,calculation,131072,62868,131072,523,16
RunningMeanSqBuffer,calculation,131072,36262,131072,523,16
RunningMeanBuffer,extend/append,131072,17920,131072,523,24
RunningMeanSqBuffer,extend/append,131072,16495,131072,523,24
RunningMeanBuffer,calculation,131072,62699,131072,523,24
RunningMeanSqBuffer,calculation,131072,36734,131072,523,24
RunningMeanBuffer,extend/append,131072,17748,131072,523,32
RunningMeanSqBuffer,extend/append,131072,16497,131072,523,32
RunningMeanBuffer,calculation,131072,63032,131072,523,32
RunningMeanSqBuffer,calculation,131072,36340,131072,523,32
RunningMeanBuffer,extend/append,131072,17382,131072,523,48
RunningMeanSqBuffer,extend/append,131072,16550,131072,523,48
RunningMeanBuffer,calculation,131072,63079,131072,523,48
RunningMeanSqBuffer,calculation,131072,36959,131072,523,48
RunningMeanBuffer,extend/append,131072,17277,131072,523,64
RunningMeanSqBuffer,extend/append,131072,16457,131072,523,64
RunningMeanBuffer,calculation,131072,63030,131072,523,64
RunningMeanSqBuffer,calculation,131072,36224,131072,523,64
RunningMeanBuffer,extend/append,262144,85343,131072,523,1
RunningMeanSqBuffer,extend/append,262144,33081,131072,523,1
RunningMeanBuffer,calculation,262144,110102,131072,523,1
RunningMeanSqBuffer,calculation,262144,47710,131072,523,1
RunningMeanBuffer,extend/append,262144,51132,131072,523,2
RunningMeanSqBuffer,extend/append,262144,24833,131072,523,2
RunningMeanBuffer,calculation,262144,111966,131072,523,2
RunningMeanSqBuffer,calculation,262144,47593,131072,523,2
RunningMeanBuffer,extend/append,262144,39533,131072,523,3
RunningMeanSqBuffer,extend/append,262144,21990,131072,523,3
RunningMeanBuffer,calculation,262144,110835,131072,523,3
RunningMeanSqBuffer,calculation,262144,46652,131072,523,3
RunningMeanBuffer,extend/append,262144,33246,131072,523,4
RunningMeanSqBuffer,extend/append,262144,20652,131072,523,4
RunningMeanBuffer,calculation,262144,111785,131072,523,4
RunningMeanSqBuffer,calculation,262144,46815,131072,523,4
RunningMeanBuffer,extend/append,262144,27403,131072,523,6
RunningMeanSqBuffer,extend/append,262144,19247,131072,523,6
RunningMeanBuffer,calculation,262144,110669,131072,523,6
RunningMeanSqBuffer,calculation,262144,46754,131072,523,6
RunningMeanBuffer,extend/append,262144,24842,131072,523,8
RunningMeanSqBuffer,extend/append,262144,18427,131072,523,8
RunningMeanBuffer,calculation,262144,109277,131072,523,8
RunningMeanSqBuffer,calculation,262144,46598,131072,523,8
RunningMeanBuffer,extend/append,262144,21712,131072,523,12
RunningMeanSqBuffer,extend/append,262144,17725,131072,523,12
RunningMeanBuffer,calculation,262144,113227,131072,523,12
RunningMeanSqBuffer,calculation,262144,47352,131072,523,12
RunningMeanBuffer,extend/append,262144,20579,131072,523,16
RunningMeanSqBuffer,extend/append,262144,17187,131072,523,16
RunningMeanBuffer,calculation,262144,110202,131072,523,16
RunningMeanSqBuffer,calculation,262144,47064,131072,523,16
RunningMeanBuffer,extend/append,262144,18962,131072,523,24
RunningMeanSqBuffer,extend/append,262144,16812,131072,523,24
RunningMeanBuffer,calculation,262144,108944,131072,523,24
RunningMeanSqBuffer,calculation,262144,47428,131072,523,24
RunningMeanBuffer,extend/append,262144,18515,131072,523,32
RunningMeanSqBuffer,extend/append,262144,16873,131072,523,32
RunningMeanBuffer,calculation,262144,111156,131072,523,32
RunningMeanSqBuffer,calculation,262144,47406,131072,523,32
RunningMeanBuffer,extend/append,262144,17804,131072,523,48
RunningMeanSqBuffer,extend/append,262144,16634,131072,523,48
RunningMeanBuffer,calculation,262144,111382,131072,523,48
RunningMeanSqBuffer,calculation,262144,47487,131072,523,48
RunningMeanBuffer,extend/append,262144,17537,131072,523,64
RunningMeanSqBuffer,extend/append,262144,16383,131072,523,64
RunningMeanBuffer,calculation,262144,110030,131072,523,64
RunningMeanSqBuffer,calculation,262144,47224,131072,523,64
RunningMeanBuffer,extend/append,524288,258066,131072,523,1
RunningMeanSqBuffer,extend/append,524288,88565,131072,523,1
RunningMeanBuffer,calculation,524288,101101,131072,523,1
RunningMeanSqBuffer,calculation,524288,47909,131072,523,1
RunningMeanBuffer,extend/append,524288,142136,131072,523,2
RunningMeanSqBuffer,extend/append,524288,61537,131072,523,2
RunningMeanBuffer,calculation,524288,103349,131072,523,2
RunningMeanSqBuffer,calculation,524288,47764,131072,523,2
RunningMeanBuffer,extend/append,524288,106501,131072,523,3
RunningMeanSqBuffer,extend/append,524288,55453,131072,523,3
RunningMeanBuffer,calculation,524288,101907,131072,523,3
RunningMeanSqBuffer,calculation,524288,47668,131072,523,3
RunningMeanBuffer,extend/append,524288,91610,131072,523,4
RunningMeanSqBuffer,extend/append,524288,50708,131072,523,4
RunningMeanBuffer,calculation,524288,101453,131072,523,4
RunningMeanSqBuffer,calculation,524288,47566,131072,523,4
RunningMeanBuffer,extend/append,524288,83107,131072,523,6
RunningMeanSqBuffer,extend/append,524288,45006,131072,523,6
RunningMeanBuffer,calculation,524288,102828,131072,523,6
RunningMeanSqBuffer,calculation,524288,47639,131072,523,6
RunningMeanBuffer,extend/append,524288,69381,131072,523,8
RunningMeanSqBuffer,extend/append,524288,42133,131072,523,8
RunningMeanBuffer,calculation,524288,101215,131072,523,8
RunningMeanSqBuffer,calculation,524288,47734,131072,523,8
RunningMeanBuffer,extend/append,524288,57147,131072,523,12
RunningMeanSqBuffer,extend/append,524288,39110,131072,523,12
RunningMeanBuffer,calculation,524288,101863,131072,523,12
RunningMeanSqBuffer,calculation,524288,47591,131072,523,12
RunningMeanBuffer,extend/append,524288,52227,131072,523,16
RunningMeanSqBuffer,extend/append,524288,37880,131072,523,16
RunningMeanBuffer,calculation,524288,100853,131072,523,16
RunningMeanSqBuffer,calculation,524288,48086,131072,523,16
RunningMeanBuffer,extend/append,524288,45160,131072,523,24
RunningMeanSqBuffer,extend/append,524288,36361,131072,523,24
RunningMeanBuffer,calculation,524288,100802,131072,523,24
RunningMeanSqBuffer,calculation,524288,48073,131072,523,24
RunningMeanBuffer,extend/append,524288,43173,131072,523,32
RunningMeanSqBuffer,extend/append,524288,36175,131072,523,32
RunningMeanBuffer,calculation,524288,101222,131072,523,32
RunningMeanSqBuffer,calculation,524288,47924,131072,523,32
RunningMeanBuffer,extend/append,524288,40174,131072,523,48
RunningMeanSqBuffer,extend/append,524288,35625,131072,523,48
RunningMeanBuffer,calculation,524288,101418,131072,523,48
RunningMeanSqBuffer,calculation,524288,47826,131072,523,48
RunningMeanBuffer,extend/append,524288,38827,131072,523,64
RunningMeanSqBuffer,extend/append,524288,35050,131072,523,64
RunningMeanBuffer,calculation,524288,101634,131072,523,64
RunningMeanSqBuffer,calculation,524288,48628,131072,523,64
RunningMeanBuffer,extend/append,1048576,540106,131072,523,1
RunningMeanSqBuffer,extend/append,1048576,153879,131072,523,1
RunningMeanBuffer,calculation,1048576,100950,131072,523,1
RunningMeanSqBuffer,calculation,1048576,48086,131072,523,1
RunningMeanBuffer,extend/append,1048576,286267,131072,523,2
RunningMeanSqBuffer,extend/append,1048576,93649,131072,523,2
RunningMeanBuffer,calculation,1048576,100585,131072,523,2
RunningMeanSqBuffer,calculation,1048576,48028,131072,523,2
RunningMeanBuffer,extend/append,1048576,203064,131072,523,3
RunningMeanSqBuffer,extend/append,1048576,73845,131072,523,3
RunningMeanBuffer,calculation,1048576,103779,131072,523,3
RunningMeanSqBuffer,calculation,1048576,47872,131072,523,3
RunningMeanBuffer,extend/append,1048576,167901,131072,523,4
RunningMeanSqBuffer,extend/append,1048576,65611,131072,523,4
RunningMeanBuffer,calculation,1048576,101155,131072,523,4
RunningMeanSqBuffer,calculation,1048576,47872,131072,523,4
RunningMeanBuffer,extend/append,1048576,127510,131072,523,6
RunningMeanSqBuffer,extend/append,1048576,53890,131072,523,6
RunningMeanBuffer,calculation,1048576,100663,131072,523,6
RunningMeanSqBuffer,calculation,1048576,47795,131072,523,6
RunningMeanBuffer,extend/append,1048576,96739,131072,523,8
RunningMeanSqBuffer,extend/append,1048576,51024,131072,523,8
RunningMeanBuffer,calculation,1048576,100038,131072,523,8
RunningMeanSqBuffer,calculation,1048576,47985,131072,523,8
RunningMeanBuffer,extend/append,1048576,81358,131072,523,12
RunningMeanSqBuffer,extend/append,1048576,45358,131072,523,12
RunningMeanBuffer,calculation,1048576,100757,131072,523,12
RunningMeanSqBuffer,calculation,1048576,47847,131072,523,12
RunningMeanBuffer,extend/append,1048576,72796,131072,523,16
RunningMeanSqBuffer,extend/append,1048576,42645,131072,523,16
RunningMeanBuffer,calculation,1048576,101006,131072,523,16
RunningMeanSqBuffer,calculation,1048576,48073,131072,523,16
RunningMeanBuffer,extend/append,1048576,57581,131072,523,24
RunningMeanSqBuffer,extend/append,1048576,38997,131072,523,24
RunningMeanBuffer,calculation,1048576,100319,131072,523,24
RunningMeanSqBuffer,calculation,1048576,48623,131072,523,24
RunningMeanBuffer,extend/append,1048576,54758,131072,523,32
RunningMeanSqBuffer,extend/append,1048576,38471,131072,523,32
RunningMeanBuffer,calculation,1048576,101658,131072,523,32
RunningMeanSqBuffer,calculation,1048576,47936,131072,523,32
RunningMeanBuffer,extend/append,1048576,45479,131072,523,48
RunningMeanSqBuffer,extend/append,1048576,37341,131072,523,48
RunningMeanBuffer,calculation,1048576,100581,131072,523,48
RunningMeanSqBuffer,calculation,1048576,47994,131072,523,48
RunningMeanBuffer,extend/append,1048576,45274,131072,523,64
RunningMeanSqBuffer,extend/append,1048576,36084,131072,523,64
RunningMeanBuffer,calculation,1048576,100474,131072,523,64
RunningMeanSqBuffer,calculation,1048576,48170,131072,523,64
RunningMeanBuffer,extend/append,2097152,1520078,131072,523,1
RunningMeanSqBuffer,extend/append,2097152,288365,131072,523,1
RunningMeanBuffer,calculation,2097152,100533,131072,523,1
RunningMeanSqBuffer,calculation,2097152,48415,131072,523,1
RunningMeanBuffer,extend/append,2097152,775713,131072,523,2
RunningMeanSqBuffer,extend/append,2097152,158011,131072,523,2
RunningMeanBuffer,calculation,2097152,101052,131072,523,2
RunningMeanSqBuffer,calculation,2097152,48308,131072,523,2
RunningMeanBuffer,extend/append,2097152,532690,131072,523,3
RunningMeanSqBuffer,extend/append,2097152,116299,131072,523,3
RunningMeanBuffer,calculation,2097152,101093,131072,523,3
RunningMeanSqBuffer,calculation,2097152,48429,131072,523,3
RunningMeanBuffer,extend/append,2097152,412450,131072,523,4
RunningMeanSqBuffer,extend/append,2097152,96230,131072,523,4
RunningMeanBuffer,calculation,2097152,101617,131072,523,4
RunningMeanSqBuffer,calculation,2097152,48752,131072,523,4
RunningMeanBuffer,extend/append,2097152,292472,131072,523,6
RunningMeanSqBuffer,extend/append,2097152,75181,131072,523,6
RunningMeanBuffer,calculation,2097152,101291,131072,523,6
RunningMeanSqBuffer,calculation,2097152,48620,131072,523,6
RunningMeanBuffer,extend/append,2097152,229945,131072,523,8
RunningMeanSqBuffer,extend/append,2097152,65538,131072,523,8
RunningMeanBuffer,calculation,2097152,100610,131072,523,8
RunningMeanSqBuffer,calculation,2097152,48492,131072,523,8
RunningMeanBuffer,extend/append,2097152,164015,131072,523,12
RunningMeanSqBuffer,extend/append,2097152,55123,131072,523,12
RunningMeanBuffer,calculation,2097152,101191,131072,523,12
RunningMeanSqBuffer,calculation,2097152,48506,131072,523,12
RunningMeanBuffer,extend/append,2097152,137958,131072,523,16
RunningMeanSqBuffer,extend/append,2097152,50444,131072,523,16
RunningMeanBuffer,calculation,2097152,101997,131072,523,16
RunningMeanSqBuffer,calculation,2097152,48548,131072,523,16
RunningMeanBuffer,extend/append,2097152,95474,131072,523,24
RunningMeanSqBuffer,extend/append,2097152,43073,131072,523,24
RunningMeanBuffer,calculation,2097152,101238,131072,523,24
RunningMeanSqBuffer,calculation,2097152,48757,131072,523,24
RunningMeanBuffer,extend/append,2097152,90113,131072,523,32
RunningMeanSqBuffer,extend/append,2097152,41972,131072,523,32
RunningMeanBuffer,calculation,2097152,101610,131072,523,32
RunningMeanSqBuffer,calculation,2097152,48347,131072,523,32
RunningMeanBuffer,extend/append,2097152,67440,131072,523,48
RunningMeanSqBuffer,extend/append,2097152,38296,131072,523,48
RunningMeanBuffer,calculation,2097152,101331,131072,523,48
RunningMeanSqBuffer,calculation,2097152,48377,131072,523,48
RunningMeanBuffer,extend/append,2097152,60662,131072,523,64
RunningMeanSqBuffer,extend/append,2097152,37770,131072,523,64
RunningMeanBuffer,calculation,2097152,100940,131072,523,64
RunningMeanSqBuffer,calculation,2097152,48334,131072,523,64
RunningMeanBuffer,extend/append,4194304,3323114,131072,523,1
RunningMeanSqBuffer,extend/append,4194304,554261,131072,523,1
RunningMeanBuffer,calculation,4194304,101458,131072,523,1
RunningMeanSqBuffer,calculation,4194304,49775,131072,523,1
RunningMeanBuffer,extend/append,4194304,1649723,131072,523,2
RunningMeanSqBuffer,extend/append,4194304,290856,131072,523,2
RunningMeanBuffer,calculation,4194304,102680,131072,523,2
RunningMeanSqBuffer,calculation,4194304,51713,131072,523,2
RunningMeanBuffer,extend/append,4194304,1135181,131072,523,3
RunningMeanSqBuffer,extend/append,4194304,202777,131072,523,3
RunningMeanBuffer,calculation,4194304,101245,131072,523,3
RunningMeanSqBuffer,calculation,4194304,51309,131072,523,3
RunningMeanBuffer,extend/append,4194304,859250,131072,523,4
RunningMeanSqBuffer,extend/append,4194304,161824,131072,523,4
RunningMeanBuffer,calculation,4194304,100982,131072,523,4
RunningMeanSqBuffer,calculation,4194304,50814,131072,523,4
RunningMeanBuffer,extend/append,4194304,581599,131072,523,6
RunningMeanSqBuffer,extend/append,4194304,117426,131072,523,6
RunningMeanBuffer,calculation,4194304,101349,131072,523,6
RunningMeanSqBuffer,calculation,4194304,49716,131072,523,6
RunningMeanBuffer,extend/append,4194304,444409,131072,523,8
RunningMeanSqBuffer,extend/append,4194304,95466,131072,523,8
RunningMeanBuffer,calculation,4194304,101939,131072,523,8
RunningMeanSqBuffer,calculation,4194304,50817,131072,523,8
RunningMeanBuffer,extend/append,4194304,300534,131072,523,12
RunningMeanSqBuffer,extend/append,4194304,72743,131072,523,12
RunningMeanBuffer,calculation,4194304,101619,131072,523,12
RunningMeanSqBuffer,calculation,4194304,50621,131072,523,12
RunningMeanBuffer,extend/append,4194304,239868,131072,523,16
RunningMeanSqBuffer,extend/append,4194304,63722,131072,523,16
RunningMeanBuffer,calculation,4194304,101945,131072,523,16
RunningMeanSqBuffer,calculation,4194304,49616,131072,523,16
RunningMeanBuffer,extend/append,4194304,159980,131072,523,24
RunningMeanSqBuffer,extend/append,4194304,50420,131072,523,24
RunningMeanBuffer,calculation,4194304,102138,131072,523,24
RunningMeanSqBuffer,calculation,4194304,50910,131072,523,24
RunningMeanBuffer,extend/append,4194304,146440,131072,523,32
RunningMeanSqBuffer,extend/append,4194304,48177,131072,523,32
RunningMeanBuffer,calculation,4194304,102463,131072,523,32
RunningMeanSqBuffer,calculation,4194304,49975,131072,523,32
RunningMeanBuffer,extend/append,4194304,102379,131072,523,48
RunningMeanSqBuffer,extend/append,4194304,41725,131072,523,48
RunningMeanBuffer,calculation,4194304,101376,131072,523,48
RunningMeanSqBuffer,calculation,4194304,49224,131072,523,48
RunningMeanBuffer,extend/append,4194304,88237,131072,523,64
RunningMeanSqBuffer,extend/append,4194304,39263,131072,523,64
RunningMeanBuffer,calculation,4194304,102344,131072,523,64
RunningMeanSqBuffer,calculation,4194304,50045,131072,523,64
RunningMeanBuffer,extend/append,8388608,6659256,131072,523,1
RunningMeanSqBuffer,extend/append,8388608,1082646,131072,523,1
RunningMeanBuffer,calculation,8388608,106852,131072,523,1
RunningMeanSqBuffer,calculation,8388608,54861,131072,523,1
RunningMeanBuffer,extend/append,8388608,3337988,131072,523,2
RunningMeanSqBuffer,extend/append,8388608,553651,131072,523,2
RunningMeanBuffer,calculation,8388608,105125,131072,523,2
RunningMeanSqBuffer,calculation,8388608,55496,131072,523,2
RunningMeanBuffer,extend/append,8388608,2273647,131072,523,3
RunningMeanSqBuffer,extend/append,8388608,379869,131072,523,3
RunningMeanBuffer,calculation,8388608,105254,131072,523,3
RunningMeanSqBuffer,calculation,8388608,54668,131072,523,3
RunningMeanBuffer,extend/append,8388608,1688743,131072,523,4
RunningMeanSqBuffer,extend/append,8388608,291343,131072,523,4
RunningMeanBuffer,calculation,8388608,104086,131072,523,4
RunningMeanSqBuffer,calculation,8388608,57305,131072,523,4
RunningMeanBuffer,extend/append,8388608,1130101,131072,523,6
RunningMeanSqBuffer,extend/append,8388608,204843,131072,523,6
RunningMeanBuffer,calculation,8388608,105714,131072,523,6
RunningMeanSqBuffer,calculation,8388608,55939,131072,523,6
RunningMeanBuffer,extend/append,8388608,842170,131072,523,8
RunningMeanSqBuffer,extend/append,8388608,158673,131072,523,8
RunningMeanBuffer,calculation,8388608,103984,131072,523,8
RunningMeanSqBuffer,calculation,8388608,56995,131072,523,8
RunningMeanBuffer,extend/append,8388608,564675,131072,523,12
RunningMeanSqBuffer,extend/append,8388608,113909,131072,523,12
RunningMeanBuffer,calculation,8388608,105008,131072,523,12
RunningMeanSqBuffer,calculation,8388608,56767,131072,523,12
RunningMeanBuffer,extend/append,8388608,454851,131072,523,16
RunningMeanSqBuffer,extend/append,8388608,97799,131072,523,16
RunningMeanBuffer,calculation,8388608,107811,131072,523,16
RunningMeanSqBuffer,calculation,8388608,55835,131072,523,16
RunningMeanBuffer,extend/append,8388608,287098,131072,523,24
RunningMeanSqBuffer,extend/append,8388608,70567,131072,523,24
RunningMeanBuffer,calculation,8388608,105778,131072,523,24
RunningMeanSqBuffer,calculation,8388608,57329,131072,523,24
RunningMeanBuffer,extend/append,8388608,256593,131072,523,32
RunningMeanSqBuffer,extend/append,8388608,66105,131072,523,32
RunningMeanBuffer,calculation,8388608,109102,131072,523,32
RunningMeanSqBuffer,calculation,8388608,56351,131072,523,32
RunningMeanBuffer,extend/append,8388608,168945,131072,523,48
RunningMeanSqBuffer,extend/append,8388608,52348,131072,523,48
RunningMeanBuffer,calculation,8388608,103977,131072,523,48
RunningMeanSqBuffer,calculation,8388608,56751,131072,523,48
RunningMeanBuffer,extend/append,8388608,142847,131072,523,64
RunningMeanSqBuffer,extend/append,8388608,48167,131072,523,64
RunningMeanBuffer,calculation,8388608,105315,131072,523,64
RunningMeanSqBuffer,calculation,8388608,57347,131072,523,64
RunningMeanBuffer,extend/append,262144,252946,262144,523,1
RunningMeanSqBuffer,extend/append,262144,72819,262144,523,1
RunningMeanBuffer,calculation,262144,451754,262144,523,1
RunningMeanSqBuffer,calculation,262144,304098,262144,523,1
RunningMeanBuffer,extend/append,262144,143643,262144,523,2
RunningMeanSqBuffer,extend/append,262144,60964,262144,523,2
RunningMeanBuffer,calculation,262144,468987,262144,523,2
RunningMeanSqBuffer,calculation,262144,297735,262144,523,2
RunningMeanBuffer,extend/append,262144,112880,262144,523,3
RunningMeanSqBuffer,extend/append,262144,56230,262144,523,3
RunningMeanBuffer,calculation,262144,451133,262144,523,3
RunningMeanSqBuffer,calculation,262144,298458,262144,523,3
RunningMeanBuffer,extend/append,262144,96667,262144,523,4
RunningMeanSqBuffer,extend/append,262144,54208,262144,523,4
RunningMeanBuffer,calculation,262144,458034,262144,523,4
RunningMeanSqBuffer,calculation,262144,286819,262144,523,4
RunningMeanBuffer,extend/append,262144,79481,262144,523,6
RunningMeanSqBuffer,extend/append,262144,51641,262144,523,6
RunningMeanBuffer,calculation,262144,463432,262144,523,6
RunningMeanSqBuffer,calculation,262144,292178,262144,523,6
RunningMeanBuffer,extend/append,262144,69502,262144,523,8
RunningMeanSqBuffer,extend/append,262144,48878,262144,523,8
RunningMeanBuffer,calculation,262144,454597,262144,523,8
RunningMeanSqBuffer,calculation,262144,288892,262144,523,8
RunningMeanBuffer,extend/append,262144,62527,262144,523,12
RunningMeanSqBuffer,extend/append,262144,50593,262144,523,12
RunningMeanBuffer,calculation,262144,463264,262144,523,12
RunningMeanSqBuffer,calculation,262144,291349,262144,523,12
RunningMeanBuffer,extend/append,262144,59003,262144,523,16
RunningMeanSqBuffer,extend/append,262144,48076,262144,523,16
RunningMeanBuffer,calculation,262144,459652,262144,523,16
RunningMeanSqBuffer,calculation,262144,288341,262144,523,16
RunningMeanBuffer,extend/append,262144,53861,262144,523,24
RunningMeanSqBuffer,extend/append,262144,47644,262144,523,24
RunningMeanBuffer,calculation,262144,464436,262144,523,24
RunningMeanSqBuffer,calculation,262144,289384,262144,523,24
RunningMeanBuffer,extend/append,262144,53936,262144,523,32
RunningMeanSqBuffer,extend/append,262144,47301,262144,523,32
RunningMeanBuffer,calculation,262144,467358,262144,523,32
RunningMeanSqBuffer,calculation,262144,308739,262144,523,32
RunningMeanBuffer,extend/append,262144,50177,262144,523,48
RunningMeanSqBuffer,extend/append,262144,49033,262144,523,48
RunningMeanBuffer,calculation,262144,474127,262144,523,48
RunningMeanSqBuffer,calculation,262144,307268,262144,523,48
RunningMeanBuffer,extend/append,262144,49849,262144,523,64
RunningMeanSqBuffer,extend/append,262144,46112,262144,523,64
RunningMeanBuffer,calculation,262144,464119,262144,523,64
RunningMeanSqBuffer,calculation,262144,295685,262144,523,64
RunningMeanBuffer,extend/append,524288,377009,262144,523,1
RunningMeanSqBuffer,extend/append,524288,108287,262144,523,1
RunningMeanBuffer,calculation,524288,450139,262144,523,1
RunningMeanSqBuffer,calculation,524288,308514,262144,523,1
RunningMeanBuffer,extend/append,524288,212955,262144,523,2
RunningMeanSqBuffer,extend/append,524288,76905,262144,523,2
RunningMeanBuffer,calculation,524288,419296,262144,523,2
RunningMeanSqBuffer,calculation,524288,342905,262144,523,2
RunningMeanBuffer,extend/append,524288,158186,262144,523,3
RunningMeanSqBuffer,extend/append,524288,68078,262144,523,3
RunningMeanBuffer,calculation,524288,458115,262144,523,3
RunningMeanSqBuffer,calculation,524288,295095,262144,523,3
RunningMeanBuffer,extend/append,524288,131129,262144,523,4
RunningMeanSqBuffer,extend/append,524288,62787,262144,523,4
RunningMeanBuffer,calculation,524288,436184,262144,523,4
RunningMeanSqBuffer,calculation,524288,327684,262144,523,4
RunningMeanBuffer,extend/append,524288,102647,262144,523,6
RunningMeanSqBuffer,extend/append,524288,60334,262144,523,6
RunningMeanBuffer,calculation,524288,399802,262144,523,6
RunningMeanSqBuffer,calculation,524288,314403,262144,523,6
RunningMeanBuffer,extend/append,524288,98500,262144,523,8
RunningMeanSqBuffer,extend/append,524288,57684,262144,523,8
RunningMeanBuffer,calculation,524288,408356,262144,523,8
RunningMeanSqBuffer,calculation,524288,350462,262144,523,8
RunningMeanBuffer,extend/append,524288,80653,262144,523,12
RunningMeanSqBuffer,extend/append,524288,56183,262144,523,12
RunningMeanBuffer,calculation,524288,418413,262144,523,12
RunningMeanSqBuffer,calculation,524288,308835,262144,523,12
RunningMeanBuffer,extend/append,524288,75915,262144,523,16
RunningMeanSqBuffer,extend/append,524288,53753,262144,523,16
RunningMeanBuffer,calculation,524288,395627,262144,523,16
RunningMeanSqBuffer,calculation,524288,293734,262144,523,16
RunningMeanBuffer,extend/append,524288,65282,262144,523,24
RunningMeanSqBuffer,extend/append,524288,53097,262144,523,24
RunningMeanBuffer,calculation,524288,399746,262144,523,24
RunningMeanSqBuffer,calculation,524288,295655,262144,523,24
RunningMeanBuffer,extend/append,524288,64650,262144,523,32
RunningMeanSqBuffer,extend/append,524288,53300,262144,523,32
RunningMeanBuffer,calculation,524288,399682,262144,523,32
RunningMeanSqBuffer,calculation,524288,295213,262144,523,32
RunningMeanBuffer,extend/append,524288,57872,262144,523,48
RunningMeanSqBuffer,extend/append,524288,51762,262144,523,48
RunningMeanBuffer,calculation,524288,426001,262144,523,48
RunningMeanSqBuffer,calculation,524288,294097,262144,523,48
RunningMeanBuffer,extend/append,524288,57742,262144,523,64
RunningMeanSqBuffer,extend/append,524288,58565,262144,523,64
RunningMeanBuffer,calculation,524288,399476,262144,523,64
RunningMeanSqBuffer,calculation,524288,295265,262144,523,64
RunningMeanBuffer,extend/append,1048576,602174,262144,523,1
RunningMeanSqBuffer,extend/append,1048576,172706,262144,523,1
RunningMeanBuffer,calculation,1048576,399070,262144,523,1
RunningMeanSqBuffer,calculation,1048576,315588,262144,523,1
RunningMeanBuffer,extend/append,1048576,325581,262144,523,2
RunningMeanSqBuffer,extend/append,1048576,110723,262144,523,2
RunningMeanBuffer,calculation,1048576,476129,262144,523,2
RunningMeanSqBuffer,calculation,1048576,311588,262144,523,2
RunningMeanBuffer,extend/append,1048576,235830,262144,523,3
RunningMeanSqBuffer,extend/append,1048576,96862,262144,523,3
RunningMeanBuffer,calculation,1048576,404052,262144,523,3
RunningMeanSqBuffer,calculation,1048576,346987,262144,523,3
RunningMeanBuffer,extend/append,1048576,190526,262144,523,4
RunningMeanSqBuffer,extend/append,1048576,80918,262144,523,4
RunningMeanBuffer,calculation,1048576,431765,262144,523,4
RunningMeanSqBuffer,calculation,1048576,301311,262144,523,4
RunningMeanBuffer,extend/append,1048576,144252,262144,523,6
RunningMeanSqBuffer,extend/append,1048576,69835,262144,523,6
RunningMeanBuffer,calculation,1048576,393928,262144,523,6
RunningMeanSqBuffer,calculation,1048576,297312,262144,523,6
RunningMeanBuffer,extend/append,1048576,117793,262144,523,8
RunningMeanSqBuffer,extend/append,1048576,67058,262144,523,8
RunningMeanBuffer,calculation,1048576,402285,262144,523,8
RunningMeanSqBuffer,calculation,1048576,297418,262144,523,8
RunningMeanBuffer,extend/append,1048576,99224,262144,523,12
RunningMeanSqBuffer,extend/append,1048576,62129,262144,523,12
RunningMeanBuffer,calculation,1048576,421504,262144,523,12
RunningMeanSqBuffer,calculation,1048576,356591,262144,523,12
RunningMeanBuffer,extend/append,1048576,89907,262144,523,16
RunningMeanSqBuffer,extend/append,1048576,59219,262144,523,16
RunningMeanBuffer,calculation,1048576,446869,262144,523,16
RunningMeanSqBuffer,calculation,1048576,317162,262144,523,16
RunningMeanBuffer,extend/append,1048576,74542,262144,523,24
RunningMeanSqBuffer,extend/append,1048576,56129,262144,523,24
RunningMeanBuffer,calculation,1048576,433062,262144,523,24
RunningMeanSqBuffer,calculation,1048576,316872,262144,523,24
RunningMeanBuffer,extend/append,1048576,72244,262144,523,32
RunningMeanSqBuffer,extend/append,1048576,55442,262144,523,32
RunningMeanBuffer,calculation,1048576,449142,262144,523,32
RunningMeanSqBuffer,calculation,1048576,327832,262144,523,32
RunningMeanBuffer,extend/append,1048576,64509,262144,523,48
RunningMeanSqBuffer,extend/append,1048576,54703,262144,523,48
RunningMeanBuffer,calculation,1048576,412209,262144,523,48
RunningMeanSqBuffer,calculation,1048576,319380,262144,523,48
RunningMeanBuffer,extend/append,1048576,62918,262144,523,64
RunningMeanSqBuffer,extend/append,1048576,53496,262144,523,64
RunningMeanBuffer,calculation,1048576,421454,262144,523,64
RunningMeanSqBuffer,calculation,1048576,298324,262144,523,64
RunningMeanBuffer,extend/append,2097152,1205645,262144,523,1
RunningMeanSqBuffer,extend/append,2097152,303515,262144,523,1
RunningMeanBuffer,calculation,2097152,442433,262144,523,1
RunningMeanSqBuffer,calculation,2097152,306053,262144,523,1
RunningMeanBuffer,extend/append,2097152,626301,262144,523,2
RunningMeanSqBuffer,extend/append,2097152,175932,262144,523,2
RunningMeanBuffer,calculation,2097152,460107,262144,523,2
RunningMeanSqBuffer,calculation,2097152,353092,262144,523,2
RunningMeanBuffer,extend/append,2097152,436923,262144,523,3
RunningMeanSqBuffer,extend/append,2097152,134243,262144,523,3
RunningMeanBuffer,calculation,2097152,456457,262144,523,3
RunningMeanSqBuffer,calculation,2097152,323585,262144,523,3
RunningMeanBuffer,extend/append,2097152,338006,262144,523,4
RunningMeanSqBuffer,extend/append,2097152,118589,262144,523,4
RunningMeanBuffer,calculation,2097152,405574,262144,523,4
RunningMeanSqBuffer,calculation,2097152,299689,262144,523,4
RunningMeanBuffer,extend/append,2097152,241015,262144,523,6
RunningMeanSqBuffer,extend/append,2097152,90864,262144,523,6
RunningMeanBuffer,calculation,2097152,435725,262144,523,6
RunningMeanSqBuffer,calculation,2097152,333813,262144,523,6
RunningMeanBuffer,extend/append,2097152,195326,262144,523,8
RunningMeanSqBuffer,extend/append,2097152,82562,262144,523,8
RunningMeanBuffer,calculation,2097152,403052,262144,523,8
RunningMeanSqBuffer,calculation,2097152,306422,262144,523,8
RunningMeanBuffer,extend/append,2097152,146293,262144,523,12
RunningMeanSqBuffer,extend/append,2097152,71817,262144,523,12
RunningMeanBuffer,calculation,2097152,409152,262144,523,12
RunningMeanSqBuffer,calculation,2097152,312741,262144,523,12
RunningMeanBuffer,extend/append,2097152,128364,262144,523,16
RunningMeanSqBuffer,extend/append,2097152,68172,262144,523,16
RunningMeanBuffer,calculation,2097152,441551,262144,523,16
RunningMeanSqBuffer,calculation,2097152,320513,262144,523,16
RunningMeanBuffer,extend/append,2097152,96051,262144,523,24
RunningMeanSqBuffer,extend/append,2097152,61061,262144,523,24
RunningMeanBuffer,calculation,2097152,494850,262144,523,24
RunningMeanSqBuffer,calculation,2097152,346056,262144,523,24
RunningMeanBuffer,extend/append,2097152,95899,262144,523,32
RunningMeanSqBuffer,extend/append,2097152,59268,262144,523,32
RunningMeanBuffer,calculation,2097152,421570,262144,523,32
RunningMeanSqBuffer,calculation,2097152,299625,262144,523,32
RunningMeanBuffer,extend/append,2097152,81958,262144,523,48
RunningMeanSqBuffer,extend/append,2097152,56377,262144,523,48
RunningMeanBuffer,calculation,2097152,412083,262144,523,48
RunningMeanSqBuffer,calculation,2097152,299381,262144,523,48
RunningMeanBuffer,extend/append,2097152,72063,262144,523,64
RunningMeanSqBuffer,extend/append,2097152,54870,262144,523,64
RunningMeanBuffer,calculation,2097152,407141,262144,523,64
RunningMeanSqBuffer,calculation,2097152,306711,262144,523,64
RunningMeanBuffer,extend/append,4194304,3226467,262144,523,1
RunningMeanSqBuffer,extend/append,4194304,579187,262144,523,1
RunningMeanBuffer,calculation,4194304,409494,262144,523,1
RunningMeanSqBuffer,calculation,4194304,321241,262144,523,1
RunningMeanBuffer,extend/append,4194304,1615945,262144,523,2
RunningMeanSqBuffer,extend/append,4194304,310487,262144,523,2
RunningMeanBuffer,calculation,4194304,427615,262144,523,2
RunningMeanSqBuffer,calculation,4194304,347653,262144,523,2
RunningMeanBuffer,extend/append,4194304,1097352,262144,523,3
RunningMeanSqBuffer,extend/append,4194304,221090,262144,523,3
RunningMeanBuffer,calculation,4194304,401081,262144,523,3
RunningMeanSqBuffer,calculation,4194304,306937,262144,523,3
RunningMeanBuffer,extend/append,4194304,847016,262144,523,4
RunningMeanSqBuffer,extend/append,4194304,176525,262144,523,4
RunningMeanBuffer,calculation,4194304,487108,262144,523,4
RunningMeanSqBuffer,calculation,4194304,336779,262144,523,4
RunningMeanBuffer,extend/append,4194304,577480,262144,523,6
RunningMeanSqBuffer,extend/append,4194304,134189,262144,523,6
RunningMeanBuffer,calculation,4194304,503174,262144,523,6
RunningMeanSqBuffer,calculation,4194304,366606,262144,523,6
RunningMeanBuffer,extend/append,4194304,451052,262144,523,8
RunningMeanSqBuffer,extend/append,4194304,113111,262144,523,8
RunningMeanBuffer,calculation,4194304,405204,262144,523,8
RunningMeanSqBuffer,calculation,4194304,310108,262144,523,8
RunningMeanBuffer,extend/append,4194304,312445,262144,523,12
RunningMeanSqBuffer,extend/append,4194304,97872,262144,523,12
RunningMeanBuffer,calculation,4194304,431965,262144,523,12
RunningMeanSqBuffer,calculation,4194304,310015,262144,523,12
RunningMeanBuffer,extend/append,4194304,251877,262144,523,16
RunningMeanSqBuffer,extend/append,4194304,83713,262144,523,16
RunningMeanBuffer,calculation,4194304,423823,262144,523,16
RunningMeanSqBuffer,calculation,4194304,317640,262144,523,16
RunningMeanBuffer,extend/append,4194304,176154,262144,523,24
RunningMeanSqBuffer,extend/append,4194304,69847,262144,523,24
RunningMeanBuffer,calculation,4194304,482294,262144,523,24
RunningMeanSqBuffer,calculation,4194304,408934,262144,523,24
RunningMeanBuffer,extend/append,4194304,161405,262144,523,32
RunningMeanSqBuffer,extend/append,4194304,68224,262144,523,32
RunningMeanBuffer,calculation,4194304,433579,262144,523,32
RunningMeanSqBuffer,calculation,4194304,365780,262144,523,32
RunningMeanBuffer,extend/append,4194304,119265,262144,523,48
RunningMeanSqBuffer,extend/append,4194304,61119,262144,523,48
RunningMeanBuffer,calculation,4194304,467750,262144,523,48
RunningMeanSqBuffer,calculation,4194304,302621,262144,523,48
RunningMeanBuffer,extend/append,4194304,104759,262144,523,64
RunningMeanSqBuffer,extend/append,4194304,59157,262144,523,64
RunningMeanBuffer,calculation,4194304,478540,262144,523,64
RunningMeanSqBuffer,calculation,4194304,361347,262144,523,64
RunningMeanBuffer,extend/append,8388608,6759531,262144,523,1
RunningMeanSqBuffer,extend/append,8388608,1076305,262144,523,1
RunningMeanBuffer,calculation,8388608,461106,262144,523,1
RunningMeanSqBuffer,calculation,8388608,334988,262144,523,1
RunningMeanBuffer,extend/append,8388608,3432421,262144,523,2
RunningMeanSqBuffer,extend/append,8388608,563456,262144,523,2
RunningMeanBuffer,calculation,8388608,481553,262144,523,2
RunningMeanSqBuffer,calculation,8388608,426666,262144,523,2
RunningMeanBuffer,extend/append,8388608,2309812,262144,523,3
RunningMeanSqBuffer,extend/append,8388608,394961,262144,523,3
RunningMeanBuffer,calculation,8388608,406775,262144,523,3
RunningMeanSqBuffer,calculation,8388608,323779,262144,523,3
RunningMeanBuffer,extend/append,8388608,1754709,262144,523,4
RunningMeanSqBuffer,extend/append,8388608,310188,262144,523,4
RunningMeanBuffer,calculation,8388608,408057,262144,523,4
RunningMeanSqBuffer,calculation,8388608,337191,262144,523,4
RunningMeanBuffer,extend/append,8388608,1164978,262144,523,6
RunningMeanSqBuffer,extend/append,8388608,220257,262144,523,6
RunningMeanBuffer,calculation,8388608,458877,262144,523,6
RunningMeanSqBuffer,calculation,8388608,339653,262144,523,6
RunningMeanBuffer,extend/append,8388608,871740,262144,523,8
RunningMeanSqBuffer,extend/append,8388608,176419,262144,523,8
RunningMeanBuffer,calculation,8388608,487399,262144,523,8
RunningMeanSqBuffer,calculation,8388608,411326,262144,523,8
RunningMeanBuffer,extend/append,8388608,587209,262144,523,12
RunningMeanSqBuffer,extend/append,8388608,133040,262144,523,12
RunningMeanBuffer,calculation,8388608,415762,262144,523,12
RunningMeanSqBuffer,calculation,8388608,319736,262144,523,12
RunningMeanBuffer,extend/append,8388608,476363,262144,523,16
RunningMeanSqBuffer,extend/append,8388608,115420,262144,523,16
RunningMeanBuffer,calculation,8388608,426368,262144,523,16
RunningMeanSqBuffer,calculation,8388608,329539,262144,523,16
RunningMeanBuffer,extend/append,8388608,306042,262144,523,24
RunningMeanSqBuffer,extend/append,8388608,89276,262144,523,24
RunningMeanBuffer,calculation,8388608,414032,262144,523,24
RunningMeanSqBuffer,calculation,8388608,331672,262144,523,24
RunningMeanBuffer,extend/append,8388608,282793,262144,523,32
RunningMeanSqBuffer,extend/append,8388608,85106,262144,523,32
RunningMeanBuffer,calculation,8388608,414323,262144,523,32
RunningMeanSqBuffer,calculation,8388608,400801,262144,523,32
RunningMeanBuffer,extend/append,8388608,194023,262144,523,48
RunningMeanSqBuffer,extend/append,8388608,78268,262144,523,48
RunningMeanBuffer,calculation,8388608,419360,262144,523,48
RunningMeanSqBuffer,calculation,8388608,370909,262144,523,48
RunningMeanBuffer,extend/append,8388608,164126,262144,523,64
RunningMeanSqBuffer,extend/append,8388608,67473,262144,523,64
RunningMeanBuffer,calculation,8388608,415884,262144,523,64
RunningMeanSqBuffer,calculation,8388608,366101,262144,523,64
RunningMeanBuffer,extend/append,524288,514004,524288,523,1
RunningMeanSqBuffer,extend/append,524288,156716,524288,523,1
RunningMeanBuffer,calculation,524288,889124,524288,523,1
RunningMeanSqBuffer,calculation,524288,527313,524288,523,1
RunningMeanBuffer,extend/append,524288,298353,524288,523,2
RunningMeanSqBuffer,extend/append,524288,125472,524288,523,2
RunningMeanBuffer,calculation,524288,875166,524288,523,2
RunningMeanSqBuffer,calculation,524288,524237,524288,523,2
RunningMeanBuffer,extend/append,524288,229904,524288,523,3
RunningMeanSqBuffer,extend/append,524288,114434,524288,523,3
RunningMeanBuffer,calculation,524288,879404,524288,523,3
RunningMeanSqBuffer,calculation,524288,518485,524288,523,3
RunningMeanBuffer,extend/append,524288,193845,524288,523,4
RunningMeanSqBuffer,extend/append,524288,109390,524288,523,4
RunningMeanBuffer,calculation,524288,892789,524288,523,4
RunningMeanSqBuffer,calculation,524288,521951,524288,523,4
RunningMeanBuffer,extend/append,524288,161758,524288,523,6
RunningMeanSqBuffer,extend/append,524288,131454,524288,523,6
RunningMeanBuffer,calculation,524288,868065,524288,523,6
RunningMeanSqBuffer,calculation,524288,543563,524288,523,6
RunningMeanBuffer,extend/append,524288,144387,524288,523,8
RunningMeanSqBuffer,extend/append,524288,101190,524288,523,8
RunningMeanBuffer,calculation,524288,866556,524288,523,8
RunningMeanSqBuffer,calculation,524288,518448,524288,523,8
RunningMeanBuffer,extend/append,524288,125116,524288,523,12
RunningMeanSqBuffer,extend/append,524288,97881,524288,523,12
RunningMeanBuffer,calculation,524288,863175,524288,523,12
RunningMeanSqBuffer,calculation,524288,519314,524288,523,12
RunningMeanBuffer,extend/append,524288,120020,524288,523,16
RunningMeanSqBuffer,extend/append,524288,97747,524288,523,16
RunningMeanBuffer,calculation,524288,874076,524288,523,16
RunningMeanSqBuffer,calculation,524288,581773,524288,523,16
RunningMeanBuffer,extend/append,524288,110220,524288,523,24
RunningMeanSqBuffer,extend/append,524288,120247,524288,523,24
RunningMeanBuffer,calculation,524288,893320,524288,523,24
RunningMeanSqBuffer,calculation,524288,521166,524288,523,24
RunningMeanBuffer,extend/append,524288,107990,524288,523,32
RunningMeanSqBuffer,extend/append,524288,95390,524288,523,32
RunningMeanBuffer,calculation,524288,867328,524288,523,32
RunningMeanSqBuffer,calculation,524288,517469,524288,523,32
RunningMeanBuffer,extend/append,524288,101274,524288,523,48
RunningMeanSqBuffer,extend/append,524288,94034,524288,523,48
RunningMeanBuffer,calculation,524288,865069,524288,523,48
RunningMeanSqBuffer,calculation,524288,530100,524288,523,48
RunningMeanBuffer,extend/append,524288,121346,524288,523,64
RunningMeanSqBuffer,extend/append,524288,94313,524288,523,64
RunningMeanBuffer,calculation,524288,862364,524288,523,64
RunningMeanSqBuffer,calculation,524288,548938,524288,523,64
RunningMeanBuffer,extend/append,1048576,899827,524288,523,1
RunningMeanSqBuffer,extend/append,1048576,229559,524288,523,1
RunningMeanBuffer,calculation,1048576,1045969,524288,523,1
RunningMeanSqBuffer,calculation,1048576,581362,524288,523,1
RunningMeanBuffer,extend/append,1048576,505308,524288,523,2
RunningMeanSqBuffer,extend/append,1048576,167852,524288,523,2
RunningMeanBuffer,calculation,1048576,1035951,524288,523,2
RunningMeanSqBuffer,calculation,1048576,571006,524288,523,2
RunningMeanBuffer,extend/append,1048576,370913,524288,523,3
RunningMeanSqBuffer,extend/append,1048576,146174,524288,523,3
RunningMeanBuffer,calculation,1048576,1028973,524288,523,3
RunningMeanSqBuffer,calculation,1048576,568274,524288,523,3
RunningMeanBuffer,extend/append,1048576,299528,524288,523,4
RunningMeanSqBuffer,extend/append,1048576,130531,524288,523,4
RunningMeanBuffer,calculation,1048576,1010488,524288,523,4
RunningMeanSqBuffer,calculation,1048576,566052,524288,523,4
RunningMeanBuffer,extend/append,1048576,232308,524288,523,6
RunningMeanSqBuffer,extend/append,1048576,119523,524288,523,6
RunningMeanBuffer,calculation,1048576,1114778,524288,523,6
RunningMeanSqBuffer,calculation,1048576,626438,524288,523,6
RunningMeanBuffer,extend/append,1048576,200016,524288,523,8
RunningMeanSqBuffer,extend/append,1048576,114286,524288,523,8
RunningMeanBuffer,calculation,1048576,1032394,524288,523,8
RunningMeanSqBuffer,calculation,1048576,605871,524288,523,8
RunningMeanBuffer,extend/append,1048576,164052,524288,523,12
RunningMeanSqBuffer,extend/append,1048576,110193,524288,523,12
RunningMeanBuffer,calculation,1048576,1081703,524288,523,12
RunningMeanSqBuffer,calculation,1048576,596395,524288,523,12
RunningMeanBuffer,extend/append,1048576,149417,524288,523,16
RunningMeanSqBuffer,extend/append,1048576,108129,524288,523,16
RunningMeanBuffer,calculation,1048576,1002184,524288,523,16
RunningMeanSqBuffer,calculation,1048576,560981,524288,523,16
RunningMeanBuffer,extend/append,1048576,128253,524288,523,24
RunningMeanSqBuffer,extend/append,1048576,101859,524288,523,24
RunningMeanBuffer,calculation,1048576,1009913,524288,523,24
RunningMeanSqBuffer,calculation,1048576,598351,524288,523,24
RunningMeanBuffer,extend/append,1048576,126251,524288,523,32
RunningMeanSqBuffer,extend/append,1048576,102161,524288,523,32
RunningMeanBuffer,calculation,1048576,1071515,524288,523,32
RunningMeanSqBuffer,calculation,1048576,635308,524288,523,32
RunningMeanBuffer,extend/append,1048576,115225,524288,523,48
RunningMeanSqBuffer,extend/append,1048576,99938,524288,523,48
RunningMeanBuffer,calculation,1048576,1062808,524288,523,48
RunningMeanSqBuffer,calculation,1048576,610631,524288,523,48
RunningMeanBuffer,extend/append,1048576,110982,524288,523,64
RunningMeanSqBuffer,extend/append,1048576,99425,524288,523,64
RunningMeanBuffer,calculation,1048576,1034883,524288,523,64
RunningMeanSqBuffer,calculation,1048576,594306,524288,523,64
RunningMeanBuffer,extend/append,2097152,1382880,524288,523,1
RunningMeanSqBuffer,extend/append,2097152,361416,524288,523,1
RunningMeanBuffer,calculation,2097152,1031203,524288,523,1
RunningMeanSqBuffer,calculation,2097152,561988,524288,523,1
RunningMeanBuffer,extend/append,2097152,727860,524288,523,2
RunningMeanSqBuffer,extend/append,2097152,228482,524288,523,2
RunningMeanBuffer,calculation,2097152,1056297,524288,523,2
RunningMeanSqBuffer,calculation,2097152,597930,524288,523,2
RunningMeanBuffer,extend/append,2097152,525625,524288,523,3
RunningMeanSqBuffer,extend/append,2097152,186979,524288,523,3
RunningMeanBuffer,calculation,2097152,1063025,524288,523,3
RunningMeanSqBuffer,calculation,2097152,665663,524288,523,3
RunningMeanBuffer,extend/append,2097152,418251,524288,523,4
RunningMeanSqBuffer,extend/append,2097152,162919,524288,523,4
RunningMeanBuffer,calculation,2097152,1037927,524288,523,4
RunningMeanSqBuffer,calculation,2097152,579680,524288,523,4
RunningMeanBuffer,extend/append,2097152,313265,524288,523,6
RunningMeanSqBuffer,extend/append,2097152,141002,524288,523,6
RunningMeanBuffer,calculation,2097152,1071091,524288,523,6
RunningMeanSqBuffer,calculation,2097152,566203,524288,523,6
RunningMeanBuffer,extend/append,2097152,256022,524288,523,8
RunningMeanSqBuffer,extend/append,2097152,129498,524288,523,8
RunningMeanBuffer,calculation,2097152,1013779,524288,523,8
RunningMeanSqBuffer,calculation,2097152,565716,524288,523,8
RunningMeanBuffer,extend/append,2097152,199870,524288,523,12
RunningMeanSqBuffer,extend/append,2097152,119183,524288,523,12
RunningMeanBuffer,calculation,2097152,1071152,524288,523,12
RunningMeanSqBuffer,calculation,2097152,582252,524288,523,12
RunningMeanBuffer,extend/append,2097152,179210,524288,523,16
RunningMeanSqBuffer,extend/append,2097152,113853,524288,523,16
RunningMeanBuffer,calculation,2097152,1040185,524288,523,16
RunningMeanSqBuffer,calculation,2097152,562176,524288,523,16
RunningMeanBuffer,extend/append,2097152,145878,524288,523,24
RunningMeanSqBuffer,extend/append,2097152,108250,524288,523,24
RunningMeanBuffer,calculation,2097152,1016139,524288,523,24
RunningMeanSqBuffer,calculation,2097152,565718,524288,523,24
RunningMeanBuffer,extend/append,2097152,143110,524288,523,32
RunningMeanSqBuffer,extend/append,2097152,106328,524288,523,32
RunningMeanBuffer,calculation,2097152,1022143,524288,523,32
RunningMeanSqBuffer,calculation,2097152,561402,524288,523,32
RunningMeanBuffer,extend/append,2097152,124292,524288,523,48
RunningMeanSqBuffer,extend/append,2097152,102064,524288,523,48
RunningMeanBuffer,calculation,2097152,1032974,524288,523,48
RunningMeanSqBuffer,calculation,2097152,576170,524288,523,48
RunningMeanBuffer,extend/append,2097152,118638,524288,523,64
RunningMeanSqBuffer,extend/append,2097152,101472,524288,523,64
RunningMeanBuffer,calculation,2097152,1021604,524288,523,64
RunningMeanSqBuffer,calculation,2097152,562753,524288,523,64
RunningMeanBuffer,extend/append,4194304,2557863,524288,523,1
RunningMeanSqBuffer,extend/append,4194304,609856,524288,523,1
RunningMeanBuffer,calculation,4194304,1034206,524288,523,1
RunningMeanSqBuffer,calculation,4194304,588474,524288,523,1
RunningMeanBuffer,extend/append,4194304,1329557,524288,523,2
RunningMeanSqBuffer,extend/append,4194304,353369,524288,523,2
RunningMeanBuffer,calculation,4194304,1048781,524288,523,2
RunningMeanSqBuffer,calculation,4194304,574551,524288,523,2
RunningMeanBuffer,extend/append,4194304,922536,524288,523,3
RunningMeanSqBuffer,extend/append,4194304,270876,524288,523,3
RunningMeanBuffer,calculation,4194304,1083807,524288,523,3
RunningMeanSqBuffer,calculation,4194304,599177,524288,523,3
RunningMeanBuffer,extend/append,4194304,720054,524288,523,4
RunningMeanSqBuffer,extend/append,4194304,226092,524288,523,4
RunningMeanBuffer,calculation,4194304,1052559,524288,523,4
RunningMeanSqBuffer,calculation,4194304,576210,524288,523,4
RunningMeanBuffer,extend/append,4194304,503064,524288,523,6
RunningMeanSqBuffer,extend/append,4194304,182149,524288,523,6
RunningMeanBuffer,calculation,4194304,1075875,524288,523,6
RunningMeanSqBuffer,calculation,4194304,619120,524288,523,6
RunningMeanBuffer,extend/append,4194304,397177,524288,523,8
RunningMeanSqBuffer,extend/append,4194304,160540,524288,523,8
RunningMeanBuffer,calculation,4194304,1058874,524288,523,8
RunningMeanSqBuffer,calculation,4194304,664017,524288,523,8
RunningMeanBuffer,extend/append,4194304,301448,524288,523,12
RunningMeanSqBuffer,extend/append,4194304,138218,524288,523,12
RunningMeanBuffer,calculation,4194304,1108996,524288,523,12
RunningMeanSqBuffer,calculation,4194304,610145,524288,523,12
RunningMeanBuffer,extend/append,4194304,257961,524288,523,16
RunningMeanSqBuffer,extend/append,4194304,130205,524288,523,16
RunningMeanBuffer,calculation,4194304,1024504,524288,523,16
RunningMeanSqBuffer,calculation,4194304,569676,524288,523,16
RunningMeanBuffer,extend/append,4194304,193876,524288,523,24
RunningMeanSqBuffer,extend/append,4194304,117729,524288,523,24
RunningMeanBuffer,calculation,4194304,1005257,524288,523,24
RunningMeanSqBuffer,calculation,4194304,573655,524288,523,24
RunningMeanBuffer,extend/append,4194304,183051,524288,523,32
RunningMeanSqBuffer,extend/append,4194304,115472,524288,523,32
RunningMeanBuffer,calculation,4194304,1096350,524288,523,32
RunningMeanSqBuffer,calculation,4194304,623268,524288,523,32
RunningMeanBuffer,extend/append,4194304,150705,524288,523,48
RunningMeanSqBuffer,extend/append,4194304,109606,524288,523,48
RunningMeanBuffer,calculation,4194304,1041735,524288,523,48
RunningMeanSqBuffer,calculation,4194304,570020,524288,523,48
RunningMeanBuffer,extend/append,4194304,141859,524288,523,64
RunningMeanSqBuffer,extend/append,4194304,105326,524288,523,64
RunningMeanBuffer,calculation,4194304,1018385,524288,523,64
RunningMeanSqBuffer,calculation,4194304,569862,524288,523,64
RunningMeanBuffer,extend/append,8388608,6650454,524288,523,1
RunningMeanSqBuffer,extend/append,8388608,1116307,524288,523,1
RunningMeanBuffer,calculation,8388608,1043004,524288,523,1
RunningMeanSqBuffer,calculation,8388608,602296,524288,523,1
RunningMeanBuffer,extend/append,8388608,3339147,524288,523,2
RunningMeanSqBuffer,extend/append,8388608,609228,524288,523,2
RunningMeanBuffer,calculation,8388608,1080330,524288,523,2
RunningMeanSqBuffer,calculation,8388608,648864,524288,523,2
RunningMeanBuffer,extend/append,8388608,2264531,524288,523,3
RunningMeanSqBuffer,extend/append,8388608,461369,524288,523,3
RunningMeanBuffer,calculation,8388608,1044893,524288,523,3
RunningMeanSqBuffer,calculation,8388608,676719,524288,523,3
RunningMeanBuffer,extend/append,8388608,1729979,524288,523,4
RunningMeanSqBuffer,extend/append,8388608,351439,524288,523,4
RunningMeanBuffer,calculation,8388608,1035434,524288,523,4
RunningMeanSqBuffer,calculation,8388608,660262,524288,523,4
RunningMeanBuffer,extend/append,8388608,1171039,524288,523,6
RunningMeanSqBuffer,extend/append,8388608,264359,524288,523,6
RunningMeanBuffer,calculation,8388608,1059469,524288,523,6
RunningMeanSqBuffer,calculation,8388608,639129,524288,523,6
RunningMeanBuffer,extend/append,8388608,886249,524288,523,8
RunningMeanSqBuffer,extend/append,8388608,220755,524288,523,8
RunningMeanBuffer,calculation,8388608,1032812,524288,523,8
RunningMeanSqBuffer,calculation,8388608,711964,524288,523,8
RunningMeanBuffer,extend/append,8388608,612144,524288,523,12
RunningMeanSqBuffer,extend/append,8388608,177493,524288,523,12
RunningMeanBuffer,calculation,8388608,1137689,524288,523,12
RunningMeanSqBuffer,calculation,8388608,657786,524288,523,12
RunningMeanBuffer,extend/append,8388608,512193,524288,523,16
RunningMeanSqBuffer,extend/append,8388608,160420,524288,523,16
RunningMeanBuffer,calculation,8388608,1027664,524288,523,16
RunningMeanSqBuffer,calculation,8388608,621144,524288,523,16
RunningMeanBuffer,extend/append,8388608,341202,524288,523,24
RunningMeanSqBuffer,extend/append,8388608,133762,524288,523,24
RunningMeanBuffer,calculation,8388608,1082337,524288,523,24
RunningMeanSqBuffer,calculation,8388608,640770,524288,523,24
RunningMeanBuffer,extend/append,8388608,315467,524288,523,32
RunningMeanSqBuffer,extend/append,8388608,129537,524288,523,32
RunningMeanBuffer,calculation,8388608,1089305,524288,523,32
RunningMeanSqBuffer,calculation,8388608,608758,524288,523,32
RunningMeanBuffer,extend/append,8388608,231552,524288,523,48
RunningMeanSqBuffer,extend/append,8388608,116003,524288,523,48
RunningMeanBuffer,calculation,8388608,1127051,524288,523,48
RunningMeanSqBuffer,calculation,8388608,666256,524288,523,48
RunningMeanBuffer,extend/append,8388608,202317,524288,523,64
RunningMeanSqBuffer,extend/append,8388608,134913,524288,523,64
RunningMeanBuffer,calculation,8388608,1062138,524288,523,64
RunningMeanSqBuffer,calculation,8388608,591859,524288,523,64
