VARIANT,MODE,MAXLEN,TIME,BLOCK_SIZE,NUM_RUNS,CALC_EVERY
RunningMeanBuffer,extend/append,512,6818,8,260,1
RunningMeanSqBuffer,extend/append,512,3276,8,260,1
RunningMeanBuffer,calculation,512,8840,8,260,1
RunningMeanSqBuffer,calculation,512,3464,8,260,1
RunningMeanBuffer,extend/append,512,3776,8,260,2
RunningMeanSqBuffer,extend/append,512,1823,8,260,2
RunningMeanBuffer,calculation,512,8804,8,260,2
RunningMeanSqBuffer,calculation,512,3443,8,260,2
RunningMeanBuffer,extend/append,512,2546,8,260,3
RunningMeanSqBuffer,extend/append,512,1305,8,260,3
RunningMeanBuffer,calculation,512,8872,8,260,3
RunningMeanSqBuffer,calculation,512,3347,8,260,3
RunningMeanBuffer,extend/append,512,1996,8,260,4
RunningMeanSqBuffer,extend/append,512,1098,8,260,4
RunningMeanBuffer,calculation,512,8685,8,260,4
RunningMeanSqBuffer,calculation,512,3423,8,260,4
RunningMeanBuffer,extend/append,512,1455,8,260,6
RunningMeanSqBuffer,extend/append,512,871,8,260,6
RunningMeanBuffer,calculation,512,8649,8,260,6
RunningMeanSqBuffer,calculation,512,3401,8,260,6
RunningMeanBuffer,extend/append,512,1267,8,260,8
RunningMeanSqBuffer,extend/append,512,761,8,260,8
RunningMeanBuffer,calculation,512,8815,8,260,8
RunningMeanSqBuffer,calculation,512,3361,8,260,8
RunningMeanBuffer,extend/append,512,916,8,260,12
RunningMeanSqBuffer,extend/append,512,628,8,260,12
RunningMeanBuffer,calculation,512,8666,8,260,12
RunningMeanSqBuffer,calculation,512,3530,8,260,12
RunningMeanBuffer,extend/append,512,853,8,260,16
RunningMeanSqBuffer,extend/append,512,678,8,260,16
RunningMeanBuffer,calculation,512,8928,8,260,16
RunningMeanSqBuffer,calculation,512,3391,8,260,16
RunningMeanBuffer,extend/append,512,707,8,260,24
RunningMeanSqBuffer,extend/append,512,570,8,260,24
RunningMeanBuffer,calculation,512,8827,8,260,24
RunningMeanSqBuffer,calculation,512,3469,8,260,24
RunningMeanBuffer,extend/append,512,631,8,260,32
RunningMeanSqBuffer,extend/append,512,533,8,260,32
RunningMeanBuffer,calculation,512,8873,8,260,32
RunningMeanSqBuffer,calculation,512,3389,8,260,32
RunningMeanBuffer,extend/append,512,519,8,260,48
RunningMeanSqBuffer,extend/append,512,475,8,260,48
RunningMeanBuffer,calculation,512,8816,8,260,48
RunningMeanSqBuffer,calculation,512,3391,8,260,48
RunningMeanBuffer,extend/append,512,720,8,260,64
RunningMeanSqBuffer,extend/append,512,474,8,260,64
RunningMeanBuffer,calculation,512,8718,8,260,64
RunningMeanSqBuffer,calculation,512,3340,8,260,64
RunningMeanBuffer,extend/append,1024,6914,8,260,1
RunningMeanSqBuffer,extend/append,1024,3070,8,260,1
RunningMeanBuffer,calculation,1024,8699,8,260,1
RunningMeanSqBuffer,calculation,1024,3427,8,260,1
RunningMeanBuffer,extend/append,1024,3729,8,260,2
RunningMeanSqBuffer,extend/append,1024,1805,8,260,2
RunningMeanBuffer,calculation,1024,8765,8,260,2
RunningMeanSqBuffer,calculation,1024,3402,8,260,2
RunningMeanBuffer,extend/append,1024,2660,8,260,3
RunningMeanSqBuffer,extend/append,1024,1348,8,260,3
RunningMeanBuffer,calculation,1024,8784,8,260,3
RunningMeanSqBuffer,calculation,1024,3393,8,260,3
RunningMeanBuffer,extend/append,1024,2080,8,260,4
RunningMeanSqBuffer,extend/append,1024,1104,8,260,4
RunningMeanBuffer,calculation,1024,8790,8,260,4
RunningMeanSqBuffer,calculation,1024,3364,8,260,4
RunningMeanBuffer,extend/append,1024,1486,8,260,6
RunningMeanSqBuffer,extend/append,1024,911,8,260,6
RunningMeanBuffer,calculation,1024,8690,8,260,6
RunningMeanSqBuffer,calculation,1024,3362,8,260,6
RunningMeanBuffer,extend/append,1024,1273,8,260,8
RunningMeanSqBuffer,extend/append,1024,777,8,260,8
RunningMeanBuffer,calculation,1024,8789,8,260,8
RunningMeanSqBuffer,calculation,1024,3417,8,260,8
RunningMeanBuffer,extend/append,1024,893,8,260,12
RunningMeanSqBuffer,extend/append,1024,634,8,260,12
RunningMeanBuffer,calculation,1024,8688,8,260,12
RunningMeanSqBuffer,calculation,1024,3388,8,260,12
RunningMeanBuffer,extend/append,1024,878,8,260,16
RunningMeanSqBuffer,extend/append,1024,627,8,260,16
RunningMeanBuffer,calculation,1024,8757,8,260,16
RunningMeanSqBuffer,calculation,1024,3333,8,260,16
RunningMeanBuffer,extend/append,1024,693,8,260,24
RunningMeanSqBuffer,extend/append,1024,546,8,260,24
RunningMeanBuffer,calculation,1024,8702,8,260,24
RunningMeanSqBuffer,calculation,1024,3355,8,260,24
RunningMeanBuffer,extend/append,1024,637,8,260,32
RunningMeanSqBuffer,extend/append,1024,554,8,260,32
RunningMeanBuffer,calculation,1024,8753,8,260,32
RunningMeanSqBuffer,calculation,1024,3318,8,260,32
RunningMeanBuffer,extend/append,1024,529,8,260,48
RunningMeanSqBuffer,extend/append,1024,491,8,260,48
RunningMeanBuffer,calculation,1024,8627,8,260,48
RunningMeanSqBuffer,calculation,1024,3353,8,260,48
RunningMeanBuffer,extend/append,1024,499,8,260,64
RunningMeanSqBuffer,extend/append,1024,470,8,260,64
RunningMeanBuffer,calculation,1024,8606,8,260,64
RunningMeanSqBuffer,calculation,1024,3368,8,260,64
RunningMeanBuffer,extend/append,2048,7040,8,260,1
RunningMeanSqBuffer,extend/append,2048,3213,8,260,1
RunningMeanBuffer,calculation,2048,8849,8,260,1
RunningMeanSqBuffer,calculation,2048,3461,8,260,1
RunningMeanBuffer,extend/append,2048,4006,8,260,2
RunningMeanSqBuffer,extend/append,2048,1855,8,260,2
RunningMeanBuffer,calculation,2048,8768,8,260,2
RunningMeanSqBuffer,calculation,2048,3433,8,260,2
RunningMeanBuffer,extend/append,2048,2676,8,260,3
RunningMeanSqBuffer,extend/append,2048,1390,8,260,3
RunningMeanBuffer,calculation,2048,8915,8,260,3
RunningMeanSqBuffer,calculation,2048,3405,8,260,3
RunningMeanBuffer,extend/append,2048,2109,8,260,4
RunningMeanSqBuffer,extend/append,2048,1147,8,260,4
RunningMeanBuffer,calculation,2048,8709,8,260,4
RunningMeanSqBuffer,calculation,2048,3393,8,260,4
RunningMeanBuffer,extend/append,2048,1514,8,260,6
RunningMeanSqBuffer,extend/append,2048,896,8,260,6
RunningMeanBuffer,calculation,2048,8730,8,260,6
RunningMeanSqBuffer,calculation,2048,3372,8,260,6
RunningMeanBuffer,extend/append,2048,1312,8,260,8
RunningMeanSqBuffer,extend/append,2048,795,8,260,8
RunningMeanBuffer,calculation,2048,9714,8,260,8
RunningMeanSqBuffer,calculation,2048,3443,8,260,8
RunningMeanBuffer,extend/append,2048,941,8,260,12
RunningMeanSqBuffer,extend/append,2048,646,8,260,12
RunningMeanBuffer,calculation,2048,8687,8,260,12
RunningMeanSqBuffer,calculation,2048,3386,8,260,12
RunningMeanBuffer,extend/append,2048,922,8,260,16
RunningMeanSqBuffer,extend/append,2048,647,8,260,16
RunningMeanBuffer,calculation,2048,8735,8,260,16
RunningMeanSqBuffer,calculation,2048,3390,8,260,16
RunningMeanBuffer,extend/append,2048,714,8,260,24
RunningMeanSqBuffer,extend/append,2048,557,8,260,24
RunningMeanBuffer,calculation,2048,8749,8,260,24
RunningMeanSqBuffer,calculation,2048,3356,8,260,24
RunningMeanBuffer,extend/append,2048,640,8,260,32
RunningMeanSqBuffer,extend/append,2048,524,8,260,32
RunningMeanBuffer,calculation,2048,8760,8,260,32
RunningMeanSqBuffer,calculation,2048,3389,8,260,32
RunningMeanBuffer,extend/append,2048,558,8,260,48
RunningMeanSqBuffer,extend/append,2048,484,8,260,48
RunningMeanBuffer,calculation,2048,8741,8,260,48
RunningMeanSqBuffer,calculation,2048,3366,8,260,48
RunningMeanBuffer,extend/append,2048,528,8,260,64
RunningMeanSqBuffer,extend/append,2048,478,8,260,64
RunningMeanBuffer,calculation,2048,8812,8,260,64
RunningMeanSqBuffer,calculation,2048,3345,8,260,64
RunningMeanBuffer,extend/append,4096,7547,8,260,1
RunningMeanSqBuffer,extend/append,4096,3321,8,260,1
RunningMeanBuffer,calculation,4096,8952,8,260,1
RunningMeanSqBuffer,calculation,4096,3460,8,260,1
RunningMeanBuffer,extend/append,4096,4068,8,260,2
RunningMeanSqBuffer,extend/append,4096,1975,8,260,2
RunningMeanBuffer,calculation,4096,8769,8,260,2
RunningMeanSqBuffer,calculation,4096,3472,8,260,2
RunningMeanBuffer,extend/append,4096,2833,8,260,3
RunningMeanSqBuffer,extend/append,4096,1424,8,260,3
RunningMeanBuffer,calculation,4096,8738,8,260,3
RunningMeanSqBuffer,calculation,4096,3421,8,260,3
RunningMeanBuffer,extend/append,4096,2218,8,260,4
RunningMeanSqBuffer,extend/append,4096,1185,8,260,4
RunningMeanBuffer,calculation,4096,8729,8,260,4
RunningMeanSqBuffer,calculation,4096,3409,8,260,4
RunningMeanBuffer,extend/append,4096,1646,8,260,6
RunningMeanSqBuffer,extend/append,4096,919,8,260,6
RunningMeanBuffer,calculation,4096,8796,8,260,6
RunningMeanSqBuffer,calculation,4096,3378,8,260,6
RunningMeanBuffer,extend/append,4096,1361,8,260,8
RunningMeanSqBuffer,extend/append,4096,840,8,260,8
RunningMeanBuffer,calculation,4096,8809,8,260,8
RunningMeanSqBuffer,calculation,4096,3413,8,260,8
RunningMeanBuffer,extend/append,4096,1054,8,260,12
RunningMeanSqBuffer,extend/append,4096,656,8,260,12
RunningMeanBuffer,calculation,4096,8739,8,260,12
RunningMeanSqBuffer,calculation,4096,3361,8,260,12
RunningMeanBuffer,extend/append,4096,926,8,260,16
RunningMeanSqBuffer,extend/append,4096,659,8,260,16
RunningMeanBuffer,calculation,4096,8760,8,260,16
RunningMeanSqBuffer,calculation,4096,3361,8,260,16
RunningMeanBuffer,extend/append,4096,723,8,260,24
RunningMeanSqBuffer,extend/append,4096,562,8,260,24
RunningMeanBuffer,calculation,4096,8684,8,260,24
RunningMeanSqBuffer,calculation,4096,3421,8,260,24
RunningMeanBuffer,extend/append,4096,649,8,260,32
RunningMeanSqBuffer,extend/append,4096,542,8,260,32
RunningMeanBuffer,calculation,4096,8802,8,260,32
RunningMeanSqBuffer,calculation,4096,3359,8,260,32
RunningMeanBuffer,extend/append,4096,525,8,260,48
RunningMeanSqBuffer,extend/append,4096,480,8,260,48
RunningMeanBuffer,calculation,4096,8693,8,260,48
RunningMeanSqBuffer,calculation,4096,3372,8,260,48
RunningMeanBuffer,extend/append,4096,526,8,260,64
RunningMeanSqBuffer,extend/append,4096,477,8,260,64
RunningMeanBuffer,calculation,4096,8693,8,260,64
RunningMeanSqBuffer,calculation,4096,3422,8,260,64
RunningMeanBuffer,extend/append,8192,8455,8,260,1
RunningMeanSqBuffer,extend/append,8192,3985,8,260,1
RunningMeanBuffer,calculation,8192,8825,8,260,1
RunningMeanSqBuffer,calculation,8192,3467,8,260,1
RunningMeanBuffer,extend/append,8192,4653,8,260,2
RunningMeanSqBuffer,extend/append,8192,2249,8,260,2
RunningMeanBuffer,calculation,8192,8816,8,260,2
RunningMeanSqBuffer,calculation,8192,3486,8,260,2
RunningMeanBuffer,extend/append,8192,3260,8,260,3
RunningMeanSqBuffer,extend/append,8192,1664,8,260,3
RunningMeanBuffer,calculation,8192,8790,8,260,3
RunningMeanSqBuffer,calculation,8192,3423,8,260,3
RunningMeanBuffer,extend/append,8192,2492,8,260,4
RunningMeanSqBuffer,extend/append,8192,1370,8,260,4
RunningMeanBuffer,calculation,8192,8784,8,260,4
RunningMeanSqBuffer,calculation,8192,3444,8,260,4
RunningMeanBuffer,extend/append,8192,1767,8,260,6
RunningMeanSqBuffer,extend/append,8192,1051,8,260,6
RunningMeanBuffer,calculation,8192,8740,8,260,6
RunningMeanSqBuffer,calculation,8192,3474,8,260,6
RunningMeanBuffer,extend/append,8192,1488,8,260,8
RunningMeanSqBuffer,extend/append,8192,911,8,260,8
RunningMeanBuffer,calculation,8192,8779,8,260,8
RunningMeanSqBuffer,calculation,8192,3378,8,260,8
RunningMeanBuffer,extend/append,8192,1038,8,260,12
RunningMeanSqBuffer,extend/append,8192,750,8,260,12
RunningMeanBuffer,calculation,8192,8817,8,260,12
RunningMeanSqBuffer,calculation,8192,3391,8,260,12
RunningMeanBuffer,extend/append,8192,1035,8,260,16
RunningMeanSqBuffer,extend/append,8192,733,8,260,16
RunningMeanBuffer,calculation,8192,8813,8,260,16
RunningMeanSqBuffer,calculation,8192,3520,8,260,16
RunningMeanBuffer,extend/append,8192,796,8,260,24
RunningMeanSqBuffer,extend/append,8192,616,8,260,24
RunningMeanBuffer,calculation,8192,8922,8,260,24
RunningMeanSqBuffer,calculation,8192,3398,8,260,24
RunningMeanBuffer,extend/append,8192,721,8,260,32
RunningMeanSqBuffer,extend/append,8192,591,8,260,32
RunningMeanBuffer,calculation,8192,8823,8,260,32
RunningMeanSqBuffer,calculation,8192,3419,8,260,32
RunningMeanBuffer,extend/append,8192,585,8,260,48
RunningMeanSqBuffer,extend/append,8192,499,8,260,48
RunningMeanBuffer,calculation,8192,8823,8,260,48
RunningMeanSqBuffer,calculation,8192,3381,8,260,48
RunningMeanBuffer,extend/append,8192,555,8,260,64
RunningMeanSqBuffer,extend/append,8192,513,8,260,64
RunningMeanBuffer,calculation,8192,8952,8,260,64
RunningMeanSqBuffer,calculation,8192,3469,8,260,64
RunningMeanBuffer,extend/append,16384,10961,8,260,1
RunningMeanSqBuffer,extend/append,16384,75751,8,260,1
RunningMeanBuffer,calculation,16384,9006,8,260,1
RunningMeanSqBuffer,calculation,16384,4401,8,260,1
RunningMeanBuffer,extend/append,16384,5847,8,260,2
RunningMeanSqBuffer,extend/append,16384,35301,8,260,2
RunningMeanBuffer,calculation,16384,9000,8,260,2
RunningMeanSqBuffer,calculation,16384,4243,8,260,2
RunningMeanBuffer,extend/append,16384,3996,8,260,3
RunningMeanSqBuffer,extend/append,16384,25764,8,260,3
RunningMeanBuffer,calculation,16384,9029,8,260,3
RunningMeanSqBuffer,calculation,16384,4590,8,260,3
RunningMeanBuffer,extend/append,16384,3147,8,260,4
RunningMeanSqBuffer,extend/append,16384,18333,8,260,4
RunningMeanBuffer,calculation,16384,9034,8,260,4
RunningMeanSqBuffer,calculation,16384,4387,8,260,4
RunningMeanBuffer,extend/append,16384,2184,8,260,6
RunningMeanSqBuffer,extend/append,16384,12302,8,260,6
RunningMeanBuffer,calculation,16384,8968,8,260,6
RunningMeanSqBuffer,calculation,16384,4461,8,260,6
RunningMeanBuffer,extend/append,16384,1838,8,260,8
RunningMeanSqBuffer,extend/append,16384,9456,8,260,8
RunningMeanBuffer,calculation,16384,8914,8,260,8
RunningMeanSqBuffer,calculation,16384,4372,8,260,8
RunningMeanBuffer,extend/append,16384,1242,8,260,12
RunningMeanSqBuffer,extend/append,16384,6243,8,260,12
RunningMeanBuffer,calculation,16384,8940,8,260,12
RunningMeanSqBuffer,calculation,16384,4358,8,260,12
RunningMeanBuffer,extend/append,16384,1178,8,260,16
RunningMeanSqBuffer,extend/append,16384,5482,8,260,16
RunningMeanBuffer,calculation,16384,9036,8,260,16
RunningMeanSqBuffer,calculation,16384,4614,8,260,16
RunningMeanBuffer,extend/append,16384,944,8,260,24
RunningMeanSqBuffer,extend/append,16384,3569,8,260,24
RunningMeanBuffer,calculation,16384,8962,8,260,24
RunningMeanSqBuffer,calculation,16384,4455,8,260,24
RunningMeanBuffer,extend/append,16384,806,8,260,32
RunningMeanSqBuffer,extend/append,16384,3052,8,260,32
RunningMeanBuffer,calculation,16384,8983,8,260,32
RunningMeanSqBuffer,calculation,16384,4506,8,260,32
RunningMeanBuffer,extend/append,16384,607,8,260,48
RunningMeanSqBuffer,extend/append,16384,2599,8,260,48
RunningMeanBuffer,calculation,16384,8964,8,260,48
RunningMeanSqBuffer,calculation,16384,4285,8,260,48
RunningMeanBuffer,extend/append,16384,614,8,260,64
RunningMeanSqBuffer,extend/append,16384,2521,8,260,64
RunningMeanBuffer,calculation,16384,8848,8,260,64
RunningMeanSqBuffer,calculation,16384,4304,8,260,64
RunningMeanBuffer,extend/append,32768,15059,8,260,1
RunningMeanSqBuffer,extend/append,32768,69200,8,260,1
RunningMeanBuffer,calculation,32768,9274,8,260,1
RunningMeanSqBuffer,calculation,32768,4513,8,260,1
RunningMeanBuffer,extend/append,32768,7861,8,260,2
RunningMeanSqBuffer,extend/append,32768,37818,8,260,2
RunningMeanBuffer,calculation,32768,9182,8,260,2
RunningMeanSqBuffer,calculation,32768,4495,8,260,2
RunningMeanBuffer,extend/append,32768,5232,8,260,3
RunningMeanSqBuffer,extend/append,32768,25483,8,260,3
RunningMeanBuffer,calculation,32768,8949,8,260,3
RunningMeanSqBuffer,calculation,32768,4431,8,260,3
RunningMeanBuffer,extend/append,32768,4163,8,260,4
RunningMeanSqBuffer,extend/append,32768,20094,8,260,4
RunningMeanBuffer,calculation,32768,9112,8,260,4
RunningMeanSqBuffer,calculation,32768,5075,8,260,4
RunningMeanBuffer,extend/append,32768,2823,8,260,6
RunningMeanSqBuffer,extend/append,32768,11923,8,260,6
RunningMeanBuffer,calculation,32768,9024,8,260,6
RunningMeanSqBuffer,calculation,32768,4117,8,260,6
RunningMeanBuffer,extend/append,32768,2393,8,260,8
RunningMeanSqBuffer,extend/append,32768,11228,8,260,8
RunningMeanBuffer,calculation,32768,8805,8,260,8
RunningMeanSqBuffer,calculation,32768,4412,8,260,8
RunningMeanBuffer,extend/append,32768,1564,8,260,12
RunningMeanSqBuffer,extend/append,32768,7166,8,260,12
RunningMeanBuffer,calculation,32768,8967,8,260,12
RunningMeanSqBuffer,calculation,32768,4375,8,260,12
RunningMeanBuffer,extend/append,32768,1518,8,260,16
RunningMeanSqBuffer,extend/append,32768,5675,8,260,16
RunningMeanBuffer,calculation,32768,9116,8,260,16
RunningMeanSqBuffer,calculation,32768,4124,8,260,16
RunningMeanBuffer,extend/append,32768,1147,8,260,24
RunningMeanSqBuffer,extend/append,32768,4043,8,260,24
RunningMeanBuffer,calculation,32768,9107,8,260,24
RunningMeanSqBuffer,calculation,32768,4289,8,260,24
RunningMeanBuffer,extend/append,32768,955,8,260,32
RunningMeanSqBuffer,extend/append,32768,4188,8,260,32
RunningMeanBuffer,calculation,32768,8882,8,260,32
RunningMeanSqBuffer,calculation,32768,4243,8,260,32
RunningMeanBuffer,extend/append,32768,703,8,260,48
RunningMeanSqBuffer,extend/append,32768,1889,8,260,48
RunningMeanBuffer,calculation,32768,8977,8,260,48
RunningMeanSqBuffer,calculation,32768,4261,8,260,48
RunningMeanBuffer,extend/append,32768,677,8,260,64
RunningMeanSqBuffer,extend/append,32768,1850,8,260,64
RunningMeanBuffer,calculation,32768,8950,8,260,64
RunningMeanSqBuffer,calculation,32768,4016,8,260,64
RunningMeanBuffer,extend/append,65536,23490,8,260,1
RunningMeanSqBuffer,extend/append,65536,73467,8,260,1
RunningMeanBuffer,calculation,65536,9258,8,260,1
RunningMeanSqBuffer,calculation,65536,4393,8,260,1
RunningMeanBuffer,extend/append,65536,12261,8,260,2
RunningMeanSqBuffer,extend/append,65536,37222,8,260,2
RunningMeanBuffer,calculation,65536,9287,8,260,2
RunningMeanSqBuffer,calculation,65536,5190,8,260,2
RunningMeanBuffer,extend/append,65536,8293,8,260,3
RunningMeanSqBuffer,extend/append,65536,23011,8,260,3
RunningMeanBuffer,calculation,65536,9239,8,260,3
RunningMeanSqBuffer,calculation,65536,4288,8,260,3
RunningMeanBuffer,extend/append,65536,6325,8,260,4
RunningMeanSqBuffer,extend/append,65536,20072,8,260,4
RunningMeanBuffer,calculation,65536,9104,8,260,4
RunningMeanSqBuffer,calculation,65536,4348,8,260,4
RunningMeanBuffer,extend/append,65536,4318,8,260,6
RunningMeanSqBuffer,extend/append,65536,13080,8,260,6
RunningMeanBuffer,calculation,65536,9109,8,260,6
RunningMeanSqBuffer,calculation,65536,4410,8,260,6
RunningMeanBuffer,extend/append,65536,3546,8,260,8
RunningMeanSqBuffer,extend/append,65536,11402,8,260,8
RunningMeanBuffer,calculation,65536,9279,8,260,8
RunningMeanSqBuffer,calculation,65536,5183,8,260,8
RunningMeanBuffer,extend/append,65536,2249,8,260,12
RunningMeanSqBuffer,extend/append,65536,5903,8,260,12
RunningMeanBuffer,calculation,65536,9157,8,260,12
RunningMeanSqBuffer,calculation,65536,4202,8,260,12
RunningMeanBuffer,extend/append,65536,2131,8,260,16
RunningMeanSqBuffer,extend/append,65536,13485,8,260,16
RunningMeanBuffer,calculation,65536,9099,8,260,16
RunningMeanSqBuffer,calculation,65536,4698,8,260,16
RunningMeanBuffer,extend/append,65536,1513,8,260,24
RunningMeanSqBuffer,extend/append,65536,3815,8,260,24
RunningMeanBuffer,calculation,65536,9003,8,260,24
RunningMeanSqBuffer,calculation,65536,4253,8,260,24
RunningMeanBuffer,extend/append,65536,1288,8,260,32
RunningMeanSqBuffer,extend/append,65536,4310,8,260,32
RunningMeanBuffer,calculation,65536,9039,8,260,32
RunningMeanSqBuffer,calculation,65536,4489,8,260,32
RunningMeanBuffer,extend/append,65536,857,8,260,48
RunningMeanSqBuffer,extend/append,65536,1977,8,260,48
RunningMeanBuffer,calculation,65536,9030,8,260,48
RunningMeanSqBuffer,calculation,65536,4294,8,260,48
RunningMeanBuffer,extend/append,65536,912,8,260,64
RunningMeanSqBuffer,extend/append,65536,2091,8,260,64
RunningMeanBuffer,calculation,65536,9040,8,260,64
RunningMeanSqBuffer,calculation,65536,4386,8,260,64
RunningMeanBuffer,extend/append,131072,40880,8,260,1
RunningMeanSqBuffer,extend/append,131072,72090,8,260,1
RunningMeanBuffer,calculation,131072,9124,8,260,1
RunningMeanSqBuffer,calculation,131072,4988,8,260,1
RunningMeanBuffer,extend/append,131072,21262,8,260,2
RunningMeanSqBuffer,extend/append,131072,35383,8,260,2
RunningMeanBuffer,calculation,131072,8951,8,260,2
RunningMeanSqBuffer,calculation,131072,4380,8,260,2
RunningMeanBuffer,extend/append,131072,13824,8,260,3
RunningMeanSqBuffer,extend/append,131072,24614,8,260,3
RunningMeanBuffer,calculation,131072,9099,8,260,3
RunningMeanSqBuffer,calculation,131072,4447,8,260,3
RunningMeanBuffer,extend/append,131072,10510,8,260,4
RunningMeanSqBuffer,extend/append,131072,17680,8,260,4
RunningMeanBuffer,calculation,131072,9041,8,260,4
RunningMeanSqBuffer,calculation,131072,4191,8,260,4
RunningMeanBuffer,extend/append,131072,7096,8,260,6
RunningMeanSqBuffer,extend/append,131072,16395,8,260,6
RunningMeanBuffer,calculation,131072,8932,8,260,6
RunningMeanSqBuffer,calculation,131072,4055,8,260,6
RunningMeanBuffer,extend/append,131072,5653,8,260,8
RunningMeanSqBuffer,extend/append,131072,12384,8,260,8
RunningMeanBuffer,calculation,131072,8970,8,260,8
RunningMeanSqBuffer,calculation,131072,4074,8,260,8
RunningMeanBuffer,extend/append,131072,3544,8,260,12
RunningMeanSqBuffer,extend/append,131072,9480,8,260,12
RunningMeanBuffer,calculation,131072,8940,8,260,12
RunningMeanSqBuffer,calculation,131072,4147,8,260,12
RunningMeanBuffer,extend/append,131072,3244,8,260,16
RunningMeanSqBuffer,extend/append,131072,10130,8,260,16
RunningMeanBuffer,calculation,131072,8910,8,260,16
RunningMeanSqBuffer,calculation,131072,4768,8,260,16
RunningMeanBuffer,extend/append,131072,2218,8,260,24
RunningMeanSqBuffer,extend/append,131072,9844,8,260,24
RunningMeanBuffer,calculation,131072,8917,8,260,24
RunningMeanSqBuffer,calculation,131072,4103,8,260,24
RunningMeanBuffer,extend/append,131072,1858,8,260,32
RunningMeanSqBuffer,extend/append,131072,10765,8,260,32
RunningMeanBuffer,calculation,131072,8936,8,260,32
RunningMeanSqBuffer,calculation,131072,4037,8,260,32
RunningMeanBuffer,extend/append,131072,1176,8,260,48
RunningMeanSqBuffer,extend/append,131072,2180,8,260,48
RunningMeanBuffer,calculation,131072,9020,8,260,48
RunningMeanSqBuffer,calculation,131072,4289,8,260,48
RunningMeanBuffer,extend/append,131072,1199,8,260,64
RunningMeanSqBuffer,extend/append,131072,3803,8,260,64
RunningMeanBuffer,calculation,131072,8951,8,260,64
RunningMeanSqBuffer,calculation,131072,4130,8,260,64
RunningMeanBuffer,extend/append,262144,233042,8,260,1
RunningMeanSqBuffer,extend/append,262144,81653,8,260,1
RunningMeanBuffer,calculation,262144,9109,8,260,1
RunningMeanSqBuffer,calculation,262144,4849,8,260,1
RunningMeanBuffer,extend/append,262144,120787,8,260,2
RunningMeanSqBuffer,extend/append,262144,40528,8,260,2
RunningMeanBuffer,calculation,262144,9133,8,260,2
RunningMeanSqBuffer,calculation,262144,4645,8,260,2
RunningMeanBuffer,extend/append,262144,78232,8,260,3
RunningMeanSqBuffer,extend/append,262144,26824,8,260,3
RunningMeanBuffer,calculation,262144,8950,8,260,3
RunningMeanSqBuffer,calculation,262144,4962,8,260,3
RunningMeanBuffer,extend/append,262144,58226,8,260,4
RunningMeanSqBuffer,extend/append,262144,20456,8,260,4
RunningMeanBuffer,calculation,262144,9179,8,260,4
RunningMeanSqBuffer,calculation,262144,4762,8,260,4
RunningMeanBuffer,extend/append,262144,39216,8,260,6
RunningMeanSqBuffer,extend/append,262144,15581,8,260,6
RunningMeanBuffer,calculation,262144,9053,8,260,6
RunningMeanSqBuffer,calculation,262144,4573,8,260,6
RunningMeanBuffer,extend/append,262144,30989,8,260,8
RunningMeanSqBuffer,extend/append,262144,12373,8,260,8
RunningMeanBuffer,calculation,262144,9032,8,260,8
RunningMeanSqBuffer,calculation,262144,4629,8,260,8
RunningMeanBuffer,extend/append,262144,18373,8,260,12
RunningMeanSqBuffer,extend/append,262144,14135,8,260,12
RunningMeanBuffer,calculation,262144,8965,8,260,12
RunningMeanSqBuffer,calculation,262144,4872,8,260,12
RunningMeanBuffer,extend/append,262144,16374,8,260,16
RunningMeanSqBuffer,extend/append,262144,14844,8,260,16
RunningMeanBuffer,calculation,262144,8975,8,260,16
RunningMeanSqBuffer,calculation,262144,4987,8,260,16
RunningMeanBuffer,extend/append,262144,10449,8,260,24
RunningMeanSqBuffer,extend/append,262144,8264,8,260,24
RunningMeanBuffer,calculation,262144,8993,8,260,24
RunningMeanSqBuffer,calculation,262144,4590,8,260,24
RunningMeanBuffer,extend/append,262144,8797,8,260,32
RunningMeanSqBuffer,extend/append,262144,3811,8,260,32
RunningMeanBuffer,calculation,262144,9045,8,260,32
RunningMeanSqBuffer,calculation,262144,4461,8,260,32
RunningMeanBuffer,extend/append,262144,4526,8,260,48
RunningMeanSqBuffer,extend/append,262144,3891,8,260,48
RunningMeanBuffer,calculation,262144,8966,8,260,48
RunningMeanSqBuffer,calculation,262144,4653,8,260,48
RunningMeanBuffer,extend/append,262144,4579,8,260,64
RunningMeanSqBuffer,extend/append,262144,4607,8,260,64
RunningMeanBuffer,calculation,262144,8990,8,260,64
RunningMeanSqBuffer,calculation,262144,4702,8,260,64
RunningMeanBuffer,extend/append,524288,457101,8,260,1
RunningMeanSqBuffer,extend/append,524288,113218,8,260,1
RunningMeanBuffer,calculation,524288,9333,8,260,1
RunningMeanSqBuffer,calculation,524288,5101,8,260,1
RunningMeanBuffer,extend/append,524288,232134,8,260,2
RunningMeanSqBuffer,extend/append,524288,61130,8,260,2
RunningMeanBuffer,calculation,524288,9151,8,260,2
RunningMeanSqBuffer,calculation,524288,5017,8,260,2
RunningMeanBuffer,extend/append,524288,153333,8,260,3
RunningMeanSqBuffer,extend/append,524288,39361,8,260,3
RunningMeanBuffer,calculation,524288,9242,8,260,3
RunningMeanSqBuffer,calculation,524288,4852,8,260,3
RunningMeanBuffer,extend/append,524288,116617,8,260,4
RunningMeanSqBuffer,extend/append,524288,30892,8,260,4
RunningMeanBuffer,calculation,524288,9139,8,260,4
RunningMeanSqBuffer,calculation,524288,5141,8,260,4
RunningMeanBuffer,extend/append,524288,75266,8,260,6
RunningMeanSqBuffer,extend/append,524288,19924,8,260,6
RunningMeanBuffer,calculation,524288,9410,8,260,6
RunningMeanSqBuffer,calculation,524288,4736,8,260,6
RunningMeanBuffer,extend/append,524288,59076,8,260,8
RunningMeanSqBuffer,extend/append,524288,16400,8,260,8
RunningMeanBuffer,calculation,524288,9178,8,260,8
RunningMeanSqBuffer,calculation,524288,4914,8,260,8
RunningMeanBuffer,extend/append,524288,36453,8,260,12
RunningMeanSqBuffer,extend/append,524288,19421,8,260,12
RunningMeanBuffer,calculation,524288,9106,8,260,12
RunningMeanSqBuffer,calculation,524288,4958,8,260,12
RunningMeanBuffer,extend/append,524288,32184,8,260,16
RunningMeanSqBuffer,extend/append,524288,10344,8,260,16
RunningMeanBuffer,calculation,524288,9165,8,260,16
RunningMeanSqBuffer,calculation,524288,4799,8,260,16
RunningMeanBuffer,extend/append,524288,20494,8,260,24
RunningMeanSqBuffer,extend/append,524288,8617,8,260,24
RunningMeanBuffer,calculation,524288,9268,8,260,24
RunningMeanSqBuffer,calculation,524288,4936,8,260,24
RunningMeanBuffer,extend/append,524288,16415,8,260,32
RunningMeanSqBuffer,extend/append,524288,8796,8,260,32
RunningMeanBuffer,calculation,524288,9203,8,260,32
RunningMeanSqBuffer,calculation,524288,5034,8,260,32
RunningMeanBuffer,extend/append,524288,8562,8,260,48
RunningMeanSqBuffer,extend/append,524288,2905,8,260,48
RunningMeanBuffer,calculation,524288,9042,8,260,48
RunningMeanSqBuffer,calculation,524288,4895,8,260,48
RunningMeanBuffer,extend/append,524288,8444,8,260,64
RunningMeanSqBuffer,extend/append,524288,4738,8,260,64
RunningMeanBuffer,calculation,524288,9238,8,260,64
RunningMeanSqBuffer,calculation,524288,4768,8,260,64
RunningMeanBuffer,extend/append,1048576,907554,8,260,1
RunningMeanSqBuffer,extend/append,1048576,210356,8,260,1
RunningMeanBuffer,calculation,1048576,9421,8,260,1
RunningMeanSqBuffer,calculation,1048576,4736,8,260,1
RunningMeanBuffer,extend/append,1048576,459265,8,260,2
RunningMeanSqBuffer,extend/append,1048576,106076,8,260,2
RunningMeanBuffer,calculation,1048576,9573,8,260,2
RunningMeanSqBuffer,calculation,1048576,4805,8,260,2
RunningMeanBuffer,extend/append,1048576,303969,8,260,3
RunningMeanSqBuffer,extend/append,1048576,74055,8,260,3
RunningMeanBuffer,calculation,1048576,9376,8,260,3
RunningMeanSqBuffer,calculation,1048576,4660,8,260,3
RunningMeanBuffer,extend/append,1048576,225375,8,260,4
RunningMeanSqBuffer,extend/append,1048576,65816,8,260,4
RunningMeanBuffer,calculation,1048576,9371,8,260,4
RunningMeanSqBuffer,calculation,1048576,5045,8,260,4
RunningMeanBuffer,extend/append,1048576,148519,8,260,6
RunningMeanSqBuffer,extend/append,1048576,36744,8,260,6
RunningMeanBuffer,calculation,1048576,9275,8,260,6
RunningMeanSqBuffer,calculation,1048576,4595,8,260,6
RunningMeanBuffer,extend/append,1048576,117768,8,260,8
RunningMeanSqBuffer,extend/append,1048576,29485,8,260,8
RunningMeanBuffer,calculation,1048576,9364,8,260,8
RunningMeanSqBuffer,calculation,1048576,4552,8,260,8
RunningMeanBuffer,extend/append,1048576,70806,8,260,12
RunningMeanSqBuffer,extend/append,1048576,19637,8,260,12
RunningMeanBuffer,calculation,1048576,9330,8,260,12
RunningMeanSqBuffer,calculation,1048576,4804,8,260,12
RunningMeanBuffer,extend/append,1048576,63613,8,260,16
RunningMeanSqBuffer,extend/append,1048576,22082,8,260,16
RunningMeanBuffer,calculation,1048576,9410,8,260,16
RunningMeanSqBuffer,calculation,1048576,4807,8,260,16
RunningMeanBuffer,extend/append,1048576,39914,8,260,24
RunningMeanSqBuffer,extend/append,1048576,11557,8,260,24
RunningMeanBuffer,calculation,1048576,9264,8,260,24
RunningMeanSqBuffer,calculation,1048576,4452,8,260,24
RunningMeanBuffer,extend/append,1048576,32291,8,260,32
RunningMeanSqBuffer,extend/append,1048576,11216,8,260,32
RunningMeanBuffer,calculation,1048576,9261,8,260,32
RunningMeanSqBuffer,calculation,1048576,4713,8,260,32
RunningMeanBuffer,extend/append,1048576,16623,8,260,48
RunningMeanSqBuffer,extend/append,1048576,4992,8,260,48
RunningMeanBuffer,calculation,1048576,9336,8,260,48
RunningMeanSqBuffer,calculation,1048576,4774,8,260,48
RunningMeanBuffer,extend/append,1048576,16206,8,260,64
RunningMeanSqBuffer,extend/append,1048576,6052,8,260,64
RunningMeanBuffer,calculation,1048576,9343,8,260,64
RunningMeanSqBuffer,calculation,1048576,4496,8,260,64
RunningMeanBuffer,extend/append,2097152,1806131,8,260,1
RunningMeanSqBuffer,extend/append,2097152,400013,8,260,1
RunningMeanBuffer,calculation,2097152,9575,8,260,1
RunningMeanSqBuffer,calculation,2097152,5840,8,260,1
RunningMeanBuffer,extend/append,2097152,928966,8,260,2
RunningMeanSqBuffer,extend/append,2097152,218064,8,260,2
RunningMeanBuffer,calculation,2097152,10295,8,260,2
RunningMeanSqBuffer,calculation,2097152,5720,8,260,2
RunningMeanBuffer,extend/append,2097152,611168,8,260,3
RunningMeanSqBuffer,extend/append,2097152,160735,8,260,3
RunningMeanBuffer,calculation,2097152,9715,8,260,3
RunningMeanSqBuffer,calculation,2097152,5828,8,260,3
RunningMeanBuffer,extend/append,2097152,450757,8,260,4
RunningMeanSqBuffer,extend/append,2097152,129517,8,260,4
RunningMeanBuffer,calculation,2097152,9631,8,260,4
RunningMeanSqBuffer,calculation,2097152,5592,8,260,4
RunningMeanBuffer,extend/append,2097152,302067,8,260,6
RunningMeanSqBuffer,extend/append,2097152,81970,8,260,6
RunningMeanBuffer,calculation,2097152,9727,8,260,6
RunningMeanSqBuffer,calculation,2097152,5523,8,260,6
RunningMeanBuffer,extend/append,2097152,236280,8,260,8
RunningMeanSqBuffer,extend/append,2097152,63841,8,260,8
RunningMeanBuffer,calculation,2097152,9684,8,260,8
RunningMeanSqBuffer,calculation,2097152,5540,8,260,8
RunningMeanBuffer,extend/append,2097152,143484,8,260,12
RunningMeanSqBuffer,extend/append,2097152,37612,8,260,12
RunningMeanBuffer,calculation,2097152,9611,8,260,12
RunningMeanSqBuffer,calculation,2097152,5546,8,260,12
RunningMeanBuffer,extend/append,2097152,126150,8,260,16
RunningMeanSqBuffer,extend/append,2097152,34635,8,260,16
RunningMeanBuffer,calculation,2097152,10217,8,260,16
RunningMeanSqBuffer,calculation,2097152,5562,8,260,16
RunningMeanBuffer,extend/append,2097152,79643,8,260,24
RunningMeanSqBuffer,extend/append,2097152,23690,8,260,24
RunningMeanBuffer,calculation,2097152,10130,8,260,24
RunningMeanSqBuffer,calculation,2097152,5610,8,260,24
RunningMeanBuffer,extend/append,2097152,63090,8,260,32
RunningMeanSqBuffer,extend/append,2097152,18561,8,260,32
RunningMeanBuffer,calculation,2097152,10304,8,260,32
RunningMeanSqBuffer,calculation,2097152,5517,8,260,32
RunningMeanBuffer,extend/append,2097152,32414,8,260,48
RunningMeanSqBuffer,extend/append,2097152,9612,8,260,48
RunningMeanBuffer,calculation,2097152,10088,8,260,48
RunningMeanSqBuffer,calculation,2097152,5639,8,260,48
RunningMeanBuffer,extend/append,2097152,31959,8,260,64
RunningMeanSqBuffer,extend/append,2097152,9333,8,260,64
RunningMeanBuffer,calculation,2097152,9538,8,260,64
RunningMeanSqBuffer,calculation,2097152,5588,8,260,64
RunningMeanBuffer,extend/append,4194304,3651001,8,260,1
RunningMeanSqBuffer,extend/append,4194304,801940,8,260,1
RunningMeanBuffer,calculation,4194304,10713,8,260,1
RunningMeanSqBuffer,calculation,4194304,5972,8,260,1
RunningMeanBuffer,extend/append,4194304,1826977,8,260,2
RunningMeanSqBuffer,extend/append,4194304,409980,8,260,2
RunningMeanBuffer,calculation,4194304,11102,8,260,2
RunningMeanSqBuffer,calculation,4194304,6082,8,260,2
RunningMeanBuffer,extend/append,4194304,1214743,8,260,3
RunningMeanSqBuffer,extend/append,4194304,271171,8,260,3
RunningMeanBuffer,calculation,4194304,10608,8,260,3
RunningMeanSqBuffer,calculation,4194304,6096,8,260,3
RunningMeanBuffer,extend/append,4194304,900325,8,260,4
RunningMeanSqBuffer,extend/append,4194304,205146,8,260,4
RunningMeanBuffer,calculation,4194304,10410,8,260,4
RunningMeanSqBuffer,calculation,4194304,6123,8,260,4
RunningMeanBuffer,extend/append,4194304,588583,8,260,6
RunningMeanSqBuffer,extend/append,4194304,137114,8,260,6
RunningMeanBuffer,calculation,4194304,10328,8,260,6
RunningMeanSqBuffer,calculation,4194304,5675,8,260,6
RunningMeanBuffer,extend/append,4194304,466598,8,260,8
RunningMeanSqBuffer,extend/append,4194304,105271,8,260,8
RunningMeanBuffer,calculation,4194304,10134,8,260,8
RunningMeanSqBuffer,calculation,4194304,5660,8,260,8
RunningMeanBuffer,extend/append,4194304,279824,8,260,12
RunningMeanSqBuffer,extend/append,4194304,63609,8,260,12
RunningMeanBuffer,calculation,4194304,10095,8,260,12
RunningMeanSqBuffer,calculation,4194304,5555,8,260,12
RunningMeanBuffer,extend/append,4194304,249019,8,260,16
RunningMeanSqBuffer,extend/append,4194304,56333,8,260,16
RunningMeanBuffer,calculation,4194304,10128,8,260,16
RunningMeanSqBuffer,calculation,4194304,5706,8,260,16
RunningMeanBuffer,extend/append,4194304,158585,8,260,24
RunningMeanSqBuffer,extend/append,4194304,37045,8,260,24
RunningMeanBuffer,calculation,4194304,10122,8,260,24
RunningMeanSqBuffer,calculation,4194304,5692,8,260,24
RunningMeanBuffer,extend/append,4194304,125380,8,260,32
RunningMeanSqBuffer,extend/append,4194304,30436,8,260,32
RunningMeanBuffer,calculation,4194304,10052,8,260,32
RunningMeanSqBuffer,calculation,4194304,5704,8,260,32
RunningMeanBuffer,extend/append,4194304,62787,8,260,48
RunningMeanSqBuffer,extend/append,4194304,14748,8,260,48
RunningMeanBuffer,calculation,4194304,10134,8,260,48
RunningMeanSqBuffer,calculation,4194304,5669,8,260,48
RunningMeanBuffer,extend/append,4194304,62703,8,260,64
RunningMeanSqBuffer,extend/append,4194304,14607,8,260,64
RunningMeanBuffer,calculation,4194304,9848,8,260,64
RunningMeanSqBuffer,calculation,4194304,5555,8,260,64
RunningMeanBuffer,extend/append,8388608,7242385,8,260,1
RunningMeanSqBuffer,extend/append,8388608,1573674,8,260,1
RunningMeanBuffer,calculation,8388608,10954,8,260,1
RunningMeanSqBuffer,calculation,8388608,7220,8,260,1
RunningMeanBuffer,extend/append,8388608,3669790,8,260,2
RunningMeanSqBuffer,extend/append,8388608,810566,8,260,2
RunningMeanBuffer,calculation,8388608,10672,8,260,2
RunningMeanSqBuffer,calculation,8388608,6963,8,260,2
RunningMeanBuffer,extend/append,8388608,2414529,8,260,3
RunningMeanSqBuffer,extend/append,8388608,533192,8,260,3
RunningMeanBuffer,calculation,8388608,10754,8,260,3
RunningMeanSqBuffer,calculation,8388608,6606,8,260,3
RunningMeanBuffer,extend/append,8388608,1797732,8,260,4
RunningMeanSqBuffer,extend/append,8388608,402658,8,260,4
RunningMeanBuffer,calculation,8388608,10353,8,260,4
RunningMeanSqBuffer,calculation,8388608,6602,8,260,4
RunningMeanBuffer,extend/append,8388608,1188272,8,260,6
RunningMeanSqBuffer,extend/append,8388608,267652,8,260,6
RunningMeanBuffer,calculation,8388608,10356,8,260,6
RunningMeanSqBuffer,calculation,8388608,6586,8,260,6
RunningMeanBuffer,extend/append,8388608,935573,8,260,8
RunningMeanSqBuffer,extend/append,8388608,209493,8,260,8
RunningMeanBuffer,calculation,8388608,12382,8,260,8
RunningMeanSqBuffer,calculation,8388608,6416,8,260,8
RunningMeanBuffer,extend/append,8388608,565668,8,260,12
RunningMeanSqBuffer,extend/append,8388608,127577,8,260,12
RunningMeanBuffer,calculation,8388608,10414,8,260,12
RunningMeanSqBuffer,calculation,8388608,6375,8,260,12
RunningMeanBuffer,extend/append,8388608,498641,8,260,16
RunningMeanSqBuffer,extend/append,8388608,113157,8,260,16
RunningMeanBuffer,calculation,8388608,12455,8,260,16
RunningMeanSqBuffer,calculation,8388608,6448,8,260,16
RunningMeanBuffer,extend/append,8388608,310912,8,260,24
RunningMeanSqBuffer,extend/append,8388608,70784,8,260,24
RunningMeanBuffer,calculation,8388608,10462,8,260,24
RunningMeanSqBuffer,calculation,8388608,6357,8,260,24
RunningMeanBuffer,extend/append,8388608,252425,8,260,32
RunningMeanSqBuffer,extend/append,8388608,56761,8,260,32
RunningMeanBuffer,calculation,8388608,10420,8,260,32
RunningMeanSqBuffer,calculation,8388608,6314,8,260,32
RunningMeanBuffer,extend/append,8388608,123937,8,260,48
RunningMeanSqBuffer,extend/append,8388608,28578,8,260,48
RunningMeanBuffer,calculation,8388608,9991,8,260,48
RunningMeanSqBuffer,calculation,8388608,6217,8,260,48
RunningMeanBuffer,extend/append,8388608,124829,8,260,64
RunningMeanSqBuffer,extend/append,8388608,29259,8,260,64
RunningMeanBuffer,calculation,8388608,10375,8,260,64
RunningMeanSqBuffer,calculation,8388608,6441,8,260,64
RunningMeanBuffer,extend/append,512,6646,16,260,1
RunningMeanSqBuffer,extend/append,512,2982,16,260,1
RunningMeanBuffer,calculation,512,8706,16,260,1
RunningMeanSqBuffer,calculation,512,3589,16,260,1
RunningMeanBuffer,extend/append,512,3587,16,260,2
RunningMeanSqBuffer,extend/append,512,1749,16,260,2
RunningMeanBuffer,calculation,512,8876,16,260,2
RunningMeanSqBuffer,calculation,512,3437,16,260,2
RunningMeanBuffer,extend/append,512,2504,16,260,3
RunningMeanSqBuffer,extend/append,512,1386,16,260,3
RunningMeanBuffer,calculation,512,8788,16,260,3
RunningMeanSqBuffer,calculation,512,3509,16,260,3
RunningMeanBuffer,extend/append,512,1969,16,260,4
RunningMeanSqBuffer,extend/append,512,1079,16,260,4
RunningMeanBuffer,calculation,512,8738,16,260,4
RunningMeanSqBuffer,calculation,512,3411,16,260,4
RunningMeanBuffer,extend/append,512,1454,16,260,6
RunningMeanSqBuffer,extend/append,512,948,16,260,6
RunningMeanBuffer,calculation,512,8866,16,260,6
RunningMeanSqBuffer,calculation,512,3428,16,260,6
RunningMeanBuffer,extend/append,512,1268,16,260,8
RunningMeanSqBuffer,extend/append,512,813,16,260,8
RunningMeanBuffer,calculation,512,8639,16,260,8
RunningMeanSqBuffer,calculation,512,3376,16,260,8
RunningMeanBuffer,extend/append,512,893,16,260,12
RunningMeanSqBuffer,extend/append,512,648,16,260,12
RunningMeanBuffer,calculation,512,8662,16,260,12
RunningMeanSqBuffer,calculation,512,3451,16,260,12
RunningMeanBuffer,extend/append,512,856,16,260,16
RunningMeanSqBuffer,extend/append,512,625,16,260,16
RunningMeanBuffer,calculation,512,8762,16,260,16
RunningMeanSqBuffer,calculation,512,3414,16,260,16
RunningMeanBuffer,extend/append,512,719,16,260,24
RunningMeanSqBuffer,extend/append,512,548,16,260,24
RunningMeanBuffer,calculation,512,8640,16,260,24
RunningMeanSqBuffer,calculation,512,3482,16,260,24
RunningMeanBuffer,extend/append,512,621,16,260,32
RunningMeanSqBuffer,extend/append,512,524,16,260,32
RunningMeanBuffer,calculation,512,8724,16,260,32
RunningMeanSqBuffer,calculation,512,3410,16,260,32
RunningMeanBuffer,extend/append,512,497,16,260,48
RunningMeanSqBuffer,extend/append,512,482,16,260,48
RunningMeanBuffer,calculation,512,8709,16,260,48
RunningMeanSqBuffer,calculation,512,3412,16,260,48
RunningMeanBuffer,extend/append,512,502,16,260,64
RunningMeanSqBuffer,extend/append,512,471,16,260,64
RunningMeanBuffer,calculation,512,8662,16,260,64
RunningMeanSqBuffer,calculation,512,3425,16,260,64
RunningMeanBuffer,extend/append,1024,6916,16,260,1
RunningMeanSqBuffer,extend/append,1024,3051,16,260,1
RunningMeanBuffer,calculation,1024,8831,16,260,1
RunningMeanSqBuffer,calculation,1024,3478,16,260,1
RunningMeanBuffer,extend/append,1024,3735,16,260,2
RunningMeanSqBuffer,extend/append,1024,1803,16,260,2
RunningMeanBuffer,calculation,1024,8832,16,260,2
RunningMeanSqBuffer,calculation,1024,3470,16,260,2
RunningMeanBuffer,extend/append,1024,2674,16,260,3
RunningMeanSqBuffer,extend/append,1024,1338,16,260,3
RunningMeanBuffer,calculation,1024,8768,16,260,3
RunningMeanSqBuffer,calculation,1024,3487,16,260,3
RunningMeanBuffer,extend/append,1024,2014,16,260,4
RunningMeanSqBuffer,extend/append,1024,1171,16,260,4
RunningMeanBuffer,calculation,1024,8718,16,260,4
RunningMeanSqBuffer,calculation,1024,3399,16,260,4
RunningMeanBuffer,extend/append,1024,1500,16,260,6
RunningMeanSqBuffer,extend/append,1024,864,16,260,6
RunningMeanBuffer,calculation,1024,8737,16,260,6
RunningMeanSqBuffer,calculation,1024,3447,16,260,6
RunningMeanBuffer,extend/append,1024,1242,16,260,8
RunningMeanSqBuffer,extend/append,1024,852,16,260,8
RunningMeanBuffer,calculation,1024,8651,16,260,8
RunningMeanSqBuffer,calculation,1024,3482,16,260,8
RunningMeanBuffer,extend/append,1024,930,16,260,12
RunningMeanSqBuffer,extend/append,1024,643,16,260,12
RunningMeanBuffer,calculation,1024,8709,16,260,12
RunningMeanSqBuffer,calculation,1024,3449,16,260,12
RunningMeanBuffer,extend/append,1024,875,16,260,16
RunningMeanSqBuffer,extend/append,1024,636,16,260,16
RunningMeanBuffer,calculation,1024,8738,16,260,16
RunningMeanSqBuffer,calculation,1024,3480,16,260,16
RunningMeanBuffer,extend/append,1024,701,16,260,24
RunningMeanSqBuffer,extend/append,1024,563,16,260,24
RunningMeanBuffer,calculation,1024,8805,16,260,24
RunningMeanSqBuffer,calculation,1024,3551,16,260,24
RunningMeanBuffer,extend/append,1024,618,16,260,32
RunningMeanSqBuffer,extend/append,1024,528,16,260,32
RunningMeanBuffer,calculation,1024,9002,16,260,32
RunningMeanSqBuffer,calculation,1024,3397,16,260,32
RunningMeanBuffer,extend/append,1024,519,16,260,48
RunningMeanSqBuffer,extend/append,1024,474,16,260,48
RunningMeanBuffer,calculation,1024,8870,16,260,48
RunningMeanSqBuffer,calculation,1024,3357,16,260,48
RunningMeanBuffer,extend/append,1024,503,16,260,64
RunningMeanSqBuffer,extend/append,1024,477,16,260,64
RunningMeanBuffer,calculation,1024,8858,16,260,64
RunningMeanSqBuffer,calculation,1024,3441,16,260,64
RunningMeanBuffer,extend/append,2048,7299,16,260,1
RunningMeanSqBuffer,extend/append,2048,3089,16,260,1
RunningMeanBuffer,calculation,2048,8852,16,260,1
RunningMeanSqBuffer,calculation,2048,3508,16,260,1
RunningMeanBuffer,extend/append,2048,3818,16,260,2
RunningMeanSqBuffer,extend/append,2048,1833,16,260,2
RunningMeanBuffer,calculation,2048,8746,16,260,2
RunningMeanSqBuffer,calculation,2048,3463,16,260,2
RunningMeanBuffer,extend/append,2048,2781,16,260,3
RunningMeanSqBuffer,extend/append,2048,1380,16,260,3
RunningMeanBuffer,calculation,2048,8676,16,260,3
RunningMeanSqBuffer,calculation,2048,3669,16,260,3
RunningMeanBuffer,extend/append,2048,2127,16,260,4
RunningMeanSqBuffer,extend/append,2048,1130,16,260,4
RunningMeanBuffer,calculation,2048,8964,16,260,4
RunningMeanSqBuffer,calculation,2048,3416,16,260,4
RunningMeanBuffer,extend/append,2048,1553,16,260,6
RunningMeanSqBuffer,extend/append,2048,927,16,260,6
RunningMeanBuffer,calculation,2048,8742,16,260,6
RunningMeanSqBuffer,calculation,2048,3518,16,260,6
RunningMeanBuffer,extend/append,2048,1275,16,260,8
RunningMeanSqBuffer,extend/append,2048,795,16,260,8
RunningMeanBuffer,calculation,2048,8778,16,260,8
RunningMeanSqBuffer,calculation,2048,3453,16,260,8
RunningMeanBuffer,extend/append,2048,914,16,260,12
RunningMeanSqBuffer,extend/append,2048,644,16,260,12
RunningMeanBuffer,calculation,2048,8731,16,260,12
RunningMeanSqBuffer,calculation,2048,3526,16,260,12
RunningMeanBuffer,extend/append,2048,892,16,260,16
RunningMeanSqBuffer,extend/append,2048,641,16,260,16
RunningMeanBuffer,calculation,2048,8763,16,260,16
RunningMeanSqBuffer,calculation,2048,3403,16,260,16
RunningMeanBuffer,extend/append,2048,707,16,260,24
RunningMeanSqBuffer,extend/append,2048,563,16,260,24
RunningMeanBuffer,calculation,2048,8705,16,260,24
RunningMeanSqBuffer,calculation,2048,3406,16,260,24
RunningMeanBuffer,extend/append,2048,638,16,260,32
RunningMeanSqBuffer,extend/append,2048,731,16,260,32
RunningMeanBuffer,calculation,2048,8723,16,260,32
RunningMeanSqBuffer,calculation,2048,3387,16,260,32
RunningMeanBuffer,extend/append,2048,518,16,260,48
RunningMeanSqBuffer,extend/append,2048,483,16,260,48
RunningMeanBuffer,calculation,2048,8682,16,260,48
RunningMeanSqBuffer,calculation,2048,3437,16,260,48
RunningMeanBuffer,extend/append,2048,520,16,260,64
RunningMeanSqBuffer,extend/append,2048,475,16,260,64
RunningMeanBuffer,calculation,2048,8705,16,260,64
RunningMeanSqBuffer,calculation,2048,3376,16,260,64
RunningMeanBuffer,extend/append,4096,7510,16,260,1
RunningMeanSqBuffer,extend/append,4096,3520,16,260,1
RunningMeanBuffer,calculation,4096,8754,16,260,1
RunningMeanSqBuffer,calculation,4096,3555,16,260,1
RunningMeanBuffer,extend/append,4096,4148,16,260,2
RunningMeanSqBuffer,extend/append,4096,1985,16,260,2
RunningMeanBuffer,calculation,4096,8908,16,260,2
RunningMeanSqBuffer,calculation,4096,3469,16,260,2
RunningMeanBuffer,extend/append,4096,2967,16,260,3
RunningMeanSqBuffer,extend/append,4096,1498,16,260,3
RunningMeanBuffer,calculation,4096,8780,16,260,3
RunningMeanSqBuffer,calculation,4096,3430,16,260,3
RunningMeanBuffer,extend/append,4096,2269,16,260,4
RunningMeanSqBuffer,extend/append,4096,1221,16,260,4
RunningMeanBuffer,calculation,4096,8827,16,260,4
RunningMeanSqBuffer,calculation,4096,3447,16,260,4
RunningMeanBuffer,extend/append,4096,1625,16,260,6
RunningMeanSqBuffer,extend/append,4096,952,16,260,6
RunningMeanBuffer,calculation,4096,8828,16,260,6
RunningMeanSqBuffer,calculation,4096,3491,16,260,6
RunningMeanBuffer,extend/append,4096,1336,16,260,8
RunningMeanSqBuffer,extend/append,4096,855,16,260,8
RunningMeanBuffer,calculation,4096,8769,16,260,8
RunningMeanSqBuffer,calculation,4096,3434,16,260,8
RunningMeanBuffer,extend/append,4096,954,16,260,12
RunningMeanSqBuffer,extend/append,4096,675,16,260,12
RunningMeanBuffer,calculation,4096,8689,16,260,12
RunningMeanSqBuffer,calculation,4096,3381,16,260,12
RunningMeanBuffer,extend/append,4096,933,16,260,16
RunningMeanSqBuffer,extend/append,4096,674,16,260,16
RunningMeanBuffer,calculation,4096,8833,16,260,16
RunningMeanSqBuffer,calculation,4096,3409,16,260,16
RunningMeanBuffer,extend/append,4096,749,16,260,24
RunningMeanSqBuffer,extend/append,4096,565,16,260,24
RunningMeanBuffer,calculation,4096,8909,16,260,24
RunningMeanSqBuffer,calculation,4096,3374,16,260,24
RunningMeanBuffer,extend/append,4096,686,16,260,32
RunningMeanSqBuffer,extend/append,4096,547,16,260,32
RunningMeanBuffer,calculation,4096,8640,16,260,32
RunningMeanSqBuffer,calculation,4096,3421,16,260,32
RunningMeanBuffer,extend/append,4096,522,16,260,48
RunningMeanSqBuffer,extend/append,4096,476,16,260,48
RunningMeanBuffer,calculation,4096,8591,16,260,48
RunningMeanSqBuffer,calculation,4096,3411,16,260,48
RunningMeanBuffer,extend/append,4096,547,16,260,64
RunningMeanSqBuffer,extend/append,4096,495,16,260,64
RunningMeanBuffer,calculation,4096,8652,16,260,64
RunningMeanSqBuffer,calculation,4096,3544,16,260,64
RunningMeanBuffer,extend/append,8192,8587,16,260,1
RunningMeanSqBuffer,extend/append,8192,3975,16,260,1
RunningMeanBuffer,calculation,8192,8970,16,260,1
RunningMeanSqBuffer,calculation,8192,3487,16,260,1
RunningMeanBuffer,extend/append,8192,4556,16,260,2
RunningMeanSqBuffer,extend/append,8192,2314,16,260,2
RunningMeanBuffer,calculation,8192,8810,16,260,2
RunningMeanSqBuffer,calculation,8192,3449,16,260,2
RunningMeanBuffer,extend/append,8192,3223,16,260,3
RunningMeanSqBuffer,extend/append,8192,1647,16,260,3
RunningMeanBuffer,calculation,8192,8810,16,260,3
RunningMeanSqBuffer,calculation,8192,3491,16,260,3
RunningMeanBuffer,extend/append,8192,2502,16,260,4
RunningMeanSqBuffer,extend/append,8192,1346,16,260,4
RunningMeanBuffer,calculation,8192,8990,16,260,4
RunningMeanSqBuffer,calculation,8192,3419,16,260,4
RunningMeanBuffer,extend/append,8192,1766,16,260,6
RunningMeanSqBuffer,extend/append,8192,1042,16,260,6
RunningMeanBuffer,calculation,8192,9058,16,260,6
RunningMeanSqBuffer,calculation,8192,3480,16,260,6
RunningMeanBuffer,extend/append,8192,1516,16,260,8
RunningMeanSqBuffer,extend/append,8192,961,16,260,8
RunningMeanBuffer,calculation,8192,8764,16,260,8
RunningMeanSqBuffer,calculation,8192,3463,16,260,8
RunningMeanBuffer,extend/append,8192,1074,16,260,12
RunningMeanSqBuffer,extend/append,8192,727,16,260,12
RunningMeanBuffer,calculation,8192,8780,16,260,12
RunningMeanSqBuffer,calculation,8192,3422,16,260,12
RunningMeanBuffer,extend/append,8192,1002,16,260,16
RunningMeanSqBuffer,extend/append,8192,709,16,260,16
RunningMeanBuffer,calculation,8192,8905,16,260,16
RunningMeanSqBuffer,calculation,8192,3389,16,260,16
RunningMeanBuffer,extend/append,8192,772,16,260,24
RunningMeanSqBuffer,extend/append,8192,625,16,260,24
RunningMeanBuffer,calculation,8192,8744,16,260,24
RunningMeanSqBuffer,calculation,8192,3455,16,260,24
RunningMeanBuffer,extend/append,8192,734,16,260,32
RunningMeanSqBuffer,extend/append,8192,584,16,260,32
RunningMeanBuffer,calculation,8192,9014,16,260,32
RunningMeanSqBuffer,calculation,8192,3396,16,260,32
RunningMeanBuffer,extend/append,8192,545,16,260,48
RunningMeanSqBuffer,extend/append,8192,496,16,260,48
RunningMeanBuffer,calculation,8192,8677,16,260,48
RunningMeanSqBuffer,calculation,8192,3461,16,260,48
RunningMeanBuffer,extend/append,8192,541,16,260,64
RunningMeanSqBuffer,extend/append,8192,505,16,260,64
RunningMeanBuffer,calculation,8192,8736,16,260,64
RunningMeanSqBuffer,calculation,8192,3581,16,260,64
RunningMeanBuffer,extend/append,16384,10528,16,260,1
RunningMeanSqBuffer,extend/append,16384,77744,16,260,1
RunningMeanBuffer,calculation,16384,9093,16,260,1
RunningMeanSqBuffer,calculation,16384,5078,16,260,1
RunningMeanBuffer,extend/append,16384,5810,16,260,2
RunningMeanSqBuffer,extend/append,16384,35984,16,260,2
RunningMeanBuffer,calculation,16384,9020,16,260,2
RunningMeanSqBuffer,calculation,16384,4309,16,260,2
RunningMeanBuffer,extend/append,16384,3933,16,260,3
RunningMeanSqBuffer,extend/append,16384,24712,16,260,3
RunningMeanBuffer,calculation,16384,8903,16,260,3
RunningMeanSqBuffer,calculation,16384,4194,16,260,3
RunningMeanBuffer,extend/append,16384,3045,16,260,4
RunningMeanSqBuffer,extend/append,16384,19309,16,260,4
RunningMeanBuffer,calculation,16384,9023,16,260,4
RunningMeanSqBuffer,calculation,16384,4614,16,260,4
RunningMeanBuffer,extend/append,16384,2135,16,260,6
RunningMeanSqBuffer,extend/append,16384,12683,16,260,6
RunningMeanBuffer,calculation,16384,8827,16,260,6
RunningMeanSqBuffer,calculation,16384,4641,16,260,6
RunningMeanBuffer,extend/append,16384,1733,16,260,8
RunningMeanSqBuffer,extend/append,16384,10249,16,260,8
RunningMeanBuffer,calculation,16384,8802,16,260,8
RunningMeanSqBuffer,calculation,16384,4502,16,260,8
RunningMeanBuffer,extend/append,16384,1206,16,260,12
RunningMeanSqBuffer,extend/append,16384,6564,16,260,12
RunningMeanBuffer,calculation,16384,8770,16,260,12
RunningMeanSqBuffer,calculation,16384,4566,16,260,12
RunningMeanBuffer,extend/append,16384,1137,16,260,16
RunningMeanSqBuffer,extend/append,16384,7088,16,260,16
RunningMeanBuffer,calculation,16384,8742,16,260,16
RunningMeanSqBuffer,calculation,16384,4399,16,260,16
RunningMeanBuffer,extend/append,16384,881,16,260,24
RunningMeanSqBuffer,extend/append,16384,3696,16,260,24
RunningMeanBuffer,calculation,16384,8745,16,260,24
RunningMeanSqBuffer,calculation,16384,4323,16,260,24
RunningMeanBuffer,extend/append,16384,765,16,260,32
RunningMeanSqBuffer,extend/append,16384,2986,16,260,32
RunningMeanBuffer,calculation,16384,8768,16,260,32
RunningMeanSqBuffer,calculation,16384,4540,16,260,32
RunningMeanBuffer,extend/append,16384,585,16,260,48
RunningMeanSqBuffer,extend/append,16384,1870,16,260,48
RunningMeanBuffer,calculation,16384,8738,16,260,48
RunningMeanSqBuffer,calculation,16384,4188,16,260,48
RunningMeanBuffer,extend/append,16384,586,16,260,64
RunningMeanSqBuffer,extend/append,16384,1853,16,260,64
RunningMeanBuffer,calculation,16384,8720,16,260,64
RunningMeanSqBuffer,calculation,16384,4371,16,260,64
RunningMeanBuffer,extend/append,32768,14672,16,260,1
RunningMeanSqBuffer,extend/append,32768,65749,16,260,1
RunningMeanBuffer,calculation,32768,8889,16,260,1
RunningMeanSqBuffer,calculation,32768,5023,16,260,1
RunningMeanBuffer,extend/append,32768,7704,16,260,2
RunningMeanSqBuffer,extend/append,32768,35163,16,260,2
RunningMeanBuffer,calculation,32768,8908,16,260,2
RunningMeanSqBuffer,calculation,32768,4898,16,260,2
RunningMeanBuffer,extend/append,32768,5224,16,260,3
RunningMeanSqBuffer,extend/append,32768,24372,16,260,3
RunningMeanBuffer,calculation,32768,8847,16,260,3
RunningMeanSqBuffer,calculation,32768,4540,16,260,3
RunningMeanBuffer,extend/append,32768,4029,16,260,4
RunningMeanSqBuffer,extend/append,32768,16929,16,260,4
RunningMeanBuffer,calculation,32768,8837,16,260,4
RunningMeanSqBuffer,calculation,32768,4562,16,260,4
RunningMeanBuffer,extend/append,32768,2793,16,260,6
RunningMeanSqBuffer,extend/append,32768,12682,16,260,6
RunningMeanBuffer,calculation,32768,8892,16,260,6
RunningMeanSqBuffer,calculation,32768,4514,16,260,6
RunningMeanBuffer,extend/append,32768,2262,16,260,8
RunningMeanSqBuffer,extend/append,32768,9645,16,260,8
RunningMeanBuffer,calculation,32768,8902,16,260,8
RunningMeanSqBuffer,calculation,32768,4284,16,260,8
RunningMeanBuffer,extend/append,32768,1537,16,260,12
RunningMeanSqBuffer,extend/append,32768,6041,16,260,12
RunningMeanBuffer,calculation,32768,8767,16,260,12
RunningMeanSqBuffer,calculation,32768,4414,16,260,12
RunningMeanBuffer,extend/append,32768,1429,16,260,16
RunningMeanSqBuffer,extend/append,32768,10173,16,260,16
RunningMeanBuffer,calculation,32768,8799,16,260,16
RunningMeanSqBuffer,calculation,32768,4303,16,260,16
RunningMeanBuffer,extend/append,32768,1035,16,260,24
RunningMeanSqBuffer,extend/append,32768,3740,16,260,24
RunningMeanBuffer,calculation,32768,8831,16,260,24
RunningMeanSqBuffer,calculation,32768,4334,16,260,24
RunningMeanBuffer,extend/append,32768,950,16,260,32
RunningMeanSqBuffer,extend/append,32768,3043,16,260,32
RunningMeanBuffer,calculation,32768,8852,16,260,32
RunningMeanSqBuffer,calculation,32768,4303,16,260,32
RunningMeanBuffer,extend/append,32768,734,16,260,48
RunningMeanSqBuffer,extend/append,32768,1836,16,260,48
RunningMeanBuffer,calculation,32768,8833,16,260,48
RunningMeanSqBuffer,calculation,32768,4325,16,260,48
RunningMeanBuffer,extend/append,32768,656,16,260,64
RunningMeanSqBuffer,extend/append,32768,1997,16,260,64
RunningMeanBuffer,calculation,32768,8789,16,260,64
RunningMeanSqBuffer,calculation,32768,4184,16,260,64
RunningMeanBuffer,extend/append,65536,22631,16,260,1
RunningMeanSqBuffer,extend/append,65536,70768,16,260,1
RunningMeanBuffer,calculation,65536,8990,16,260,1
RunningMeanSqBuffer,calculation,65536,4383,16,260,1
RunningMeanBuffer,extend/append,65536,11782,16,260,2
RunningMeanSqBuffer,extend/append,65536,40999,16,260,2
RunningMeanBuffer,calculation,65536,8969,16,260,2
RunningMeanSqBuffer,calculation,65536,4261,16,260,2
RunningMeanBuffer,extend/append,65536,8035,16,260,3
RunningMeanSqBuffer,extend/append,65536,24877,16,260,3
RunningMeanBuffer,calculation,65536,8985,16,260,3
RunningMeanSqBuffer,calculation,65536,4322,16,260,3
RunningMeanBuffer,extend/append,65536,6082,16,260,4
RunningMeanSqBuffer,extend/append,65536,19111,16,260,4
RunningMeanBuffer,calculation,65536,8865,16,260,4
RunningMeanSqBuffer,calculation,65536,4247,16,260,4
RunningMeanBuffer,extend/append,65536,4196,16,260,6
RunningMeanSqBuffer,extend/append,65536,13447,16,260,6
RunningMeanBuffer,calculation,65536,8865,16,260,6
RunningMeanSqBuffer,calculation,65536,4226,16,260,6
RunningMeanBuffer,extend/append,65536,3384,16,260,8
RunningMeanSqBuffer,extend/append,65536,9831,16,260,8
RunningMeanBuffer,calculation,65536,8975,16,260,8
RunningMeanSqBuffer,calculation,65536,4213,16,260,8
RunningMeanBuffer,extend/append,65536,2194,16,260,12
RunningMeanSqBuffer,extend/append,65536,6229,16,260,12
RunningMeanBuffer,calculation,65536,8830,16,260,12
RunningMeanSqBuffer,calculation,65536,4202,16,260,12
RunningMeanBuffer,extend/append,65536,2101,16,260,16
RunningMeanSqBuffer,extend/append,65536,5714,16,260,16
RunningMeanBuffer,calculation,65536,8864,16,260,16
RunningMeanSqBuffer,calculation,65536,4152,16,260,16
RunningMeanBuffer,extend/append,65536,1455,16,260,24
RunningMeanSqBuffer,extend/append,65536,8620,16,260,24
RunningMeanBuffer,calculation,65536,8819,16,260,24
RunningMeanSqBuffer,calculation,65536,4155,16,260,24
RunningMeanBuffer,extend/append,65536,1245,16,260,32
RunningMeanSqBuffer,extend/append,65536,5703,16,260,32
RunningMeanBuffer,calculation,65536,8816,16,260,32
RunningMeanSqBuffer,calculation,65536,4163,16,260,32
RunningMeanBuffer,extend/append,65536,838,16,260,48
RunningMeanSqBuffer,extend/append,65536,2323,16,260,48
RunningMeanBuffer,calculation,65536,8806,16,260,48
RunningMeanSqBuffer,calculation,65536,4090,16,260,48
RunningMeanBuffer,extend/append,65536,873,16,260,64
RunningMeanSqBuffer,extend/append,65536,2637,16,260,64
RunningMeanBuffer,calculation,65536,8799,16,260,64
RunningMeanSqBuffer,calculation,65536,4938,16,260,64
RunningMeanBuffer,extend/append,131072,41269,16,260,1
RunningMeanSqBuffer,extend/append,131072,67893,16,260,1
RunningMeanBuffer,calculation,131072,9050,16,260,1
RunningMeanSqBuffer,calculation,131072,4449,16,260,1
RunningMeanBuffer,extend/append,131072,21340,16,260,2
RunningMeanSqBuffer,extend/append,131072,35925,16,260,2
RunningMeanBuffer,calculation,131072,9068,16,260,2
RunningMeanSqBuffer,calculation,131072,4280,16,260,2
RunningMeanBuffer,extend/append,131072,14074,16,260,3
RunningMeanSqBuffer,extend/append,131072,25473,16,260,3
RunningMeanBuffer,calculation,131072,9008,16,260,3
RunningMeanSqBuffer,calculation,131072,4292,16,260,3
RunningMeanBuffer,extend/append,131072,10592,16,260,4
RunningMeanSqBuffer,extend/append,131072,18456,16,260,4
RunningMeanBuffer,calculation,131072,8997,16,260,4
RunningMeanSqBuffer,calculation,131072,4277,16,260,4
RunningMeanBuffer,extend/append,131072,7089,16,260,6
RunningMeanSqBuffer,extend/append,131072,13097,16,260,6
RunningMeanBuffer,calculation,131072,9037,16,260,6
RunningMeanSqBuffer,calculation,131072,4703,16,260,6
RunningMeanBuffer,extend/append,131072,5583,16,260,8
RunningMeanSqBuffer,extend/append,131072,23293,16,260,8
RunningMeanBuffer,calculation,131072,8918,16,260,8
RunningMeanSqBuffer,calculation,131072,4359,16,260,8
RunningMeanBuffer,extend/append,131072,3593,16,260,12
RunningMeanSqBuffer,extend/append,131072,14494,16,260,12
RunningMeanBuffer,calculation,131072,8929,16,260,12
RunningMeanSqBuffer,calculation,131072,4287,16,260,12
RunningMeanBuffer,extend/append,131072,3320,16,260,16
RunningMeanSqBuffer,extend/append,131072,6664,16,260,16
RunningMeanBuffer,calculation,131072,8839,16,260,16
RunningMeanSqBuffer,calculation,131072,4072,16,260,16
RunningMeanBuffer,extend/append,131072,2276,16,260,24
RunningMeanSqBuffer,extend/append,131072,9856,16,260,24
RunningMeanBuffer,calculation,131072,8959,16,260,24
RunningMeanSqBuffer,calculation,131072,4161,16,260,24
RunningMeanBuffer,extend/append,131072,1934,16,260,32
RunningMeanSqBuffer,extend/append,131072,6689,16,260,32
RunningMeanBuffer,calculation,131072,9546,16,260,32
RunningMeanSqBuffer,calculation,131072,4483,16,260,32
RunningMeanBuffer,extend/append,131072,1202,16,260,48
RunningMeanSqBuffer,extend/append,131072,3560,16,260,48
RunningMeanBuffer,calculation,131072,8950,16,260,48
RunningMeanSqBuffer,calculation,131072,4074,16,260,48
RunningMeanBuffer,extend/append,131072,1244,16,260,64
RunningMeanSqBuffer,extend/append,131072,3974,16,260,64
RunningMeanBuffer,calculation,131072,8983,16,260,64
RunningMeanSqBuffer,calculation,131072,4432,16,260,64
RunningMeanBuffer,extend/append,262144,228448,16,260,1
RunningMeanSqBuffer,extend/append,262144,77528,16,260,1
RunningMeanBuffer,calculation,262144,9149,16,260,1
RunningMeanSqBuffer,calculation,262144,4676,16,260,1
RunningMeanBuffer,extend/append,262144,118661,16,260,2
RunningMeanSqBuffer,extend/append,262144,42513,16,260,2
RunningMeanBuffer,calculation,262144,9074,16,260,2
RunningMeanSqBuffer,calculation,262144,4761,16,260,2
RunningMeanBuffer,extend/append,262144,76868,16,260,3
RunningMeanSqBuffer,extend/append,262144,29173,16,260,3
RunningMeanBuffer,calculation,262144,9078,16,260,3
RunningMeanSqBuffer,calculation,262144,4704,16,260,3
RunningMeanBuffer,extend/append,262144,57291,16,260,4
RunningMeanSqBuffer,extend/append,262144,20448,16,260,4
RunningMeanBuffer,calculation,262144,9032,16,260,4
RunningMeanSqBuffer,calculation,262144,4770,16,260,4
RunningMeanBuffer,extend/append,262144,37714,16,260,6
RunningMeanSqBuffer,extend/append,262144,14740,16,260,6
RunningMeanBuffer,calculation,262144,9072,16,260,6
RunningMeanSqBuffer,calculation,262144,4592,16,260,6
RunningMeanBuffer,extend/append,262144,30662,16,260,8
RunningMeanSqBuffer,extend/append,262144,10452,16,260,8
RunningMeanBuffer,calculation,262144,8954,16,260,8
RunningMeanSqBuffer,calculation,262144,4541,16,260,8
RunningMeanBuffer,extend/append,262144,18093,16,260,12
RunningMeanSqBuffer,extend/append,262144,7322,16,260,12
RunningMeanBuffer,calculation,262144,9061,16,260,12
RunningMeanSqBuffer,calculation,262144,4470,16,260,12
RunningMeanBuffer,extend/append,262144,16282,16,260,16
RunningMeanSqBuffer,extend/append,262144,7761,16,260,16
RunningMeanBuffer,calculation,262144,8962,16,260,16
RunningMeanSqBuffer,calculation,262144,4830,16,260,16
RunningMeanBuffer,extend/append,262144,10539,16,260,24
RunningMeanSqBuffer,extend/append,262144,6149,16,260,24
RunningMeanBuffer,calculation,262144,9046,16,260,24
RunningMeanSqBuffer,calculation,262144,4814,16,260,24
RunningMeanBuffer,extend/append,262144,8431,16,260,32
RunningMeanSqBuffer,extend/append,262144,5614,16,260,32
RunningMeanBuffer,calculation,262144,8987,16,260,32
RunningMeanSqBuffer,calculation,262144,4308,16,260,32
RunningMeanBuffer,extend/append,262144,4479,16,260,48
RunningMeanSqBuffer,extend/append,262144,3307,16,260,48
RunningMeanBuffer,calculation,262144,8881,16,260,48
RunningMeanSqBuffer,calculation,262144,4400,16,260,48
RunningMeanBuffer,extend/append,262144,4577,16,260,64
RunningMeanSqBuffer,extend/append,262144,4220,16,260,64
RunningMeanBuffer,calculation,262144,9018,16,260,64
RunningMeanSqBuffer,calculation,262144,4690,16,260,64
RunningMeanBuffer,extend/append,524288,449721,16,260,1
RunningMeanSqBuffer,extend/append,524288,114471,16,260,1
RunningMeanBuffer,calculation,524288,9263,16,260,1
RunningMeanSqBuffer,calculation,524288,5276,16,260,1
RunningMeanBuffer,extend/append,524288,226821,16,260,2
RunningMeanSqBuffer,extend/append,524288,57942,16,260,2
RunningMeanBuffer,calculation,524288,9137,16,260,2
RunningMeanSqBuffer,calculation,524288,5020,16,260,2
RunningMeanBuffer,extend/append,524288,151431,16,260,3
RunningMeanSqBuffer,extend/append,524288,39460,16,260,3
RunningMeanBuffer,calculation,524288,9083,16,260,3
RunningMeanSqBuffer,calculation,524288,4933,16,260,3
RunningMeanBuffer,extend/append,524288,112078,16,260,4
RunningMeanSqBuffer,extend/append,524288,28854,16,260,4
RunningMeanBuffer,calculation,524288,9031,16,260,4
RunningMeanSqBuffer,calculation,524288,5033,16,260,4
RunningMeanBuffer,extend/append,524288,74727,16,260,6
RunningMeanSqBuffer,extend/append,524288,20368,16,260,6
RunningMeanBuffer,calculation,524288,8992,16,260,6
RunningMeanSqBuffer,calculation,524288,5005,16,260,6
RunningMeanBuffer,extend/append,524288,58178,16,260,8
RunningMeanSqBuffer,extend/append,524288,15976,16,260,8
RunningMeanBuffer,calculation,524288,9074,16,260,8
RunningMeanSqBuffer,calculation,524288,4957,16,260,8
RunningMeanBuffer,extend/append,524288,35317,16,260,12
RunningMeanSqBuffer,extend/append,524288,18383,16,260,12
RunningMeanBuffer,calculation,524288,9043,16,260,12
RunningMeanSqBuffer,calculation,524288,5019,16,260,12
RunningMeanBuffer,extend/append,524288,31442,16,260,16
RunningMeanSqBuffer,extend/append,524288,15687,16,260,16
RunningMeanBuffer,calculation,524288,9053,16,260,16
RunningMeanSqBuffer,calculation,524288,5049,16,260,16
RunningMeanBuffer,extend/append,524288,20015,16,260,24
RunningMeanSqBuffer,extend/append,524288,13146,16,260,24
RunningMeanBuffer,calculation,524288,9093,16,260,24
RunningMeanSqBuffer,calculation,524288,4953,16,260,24
RunningMeanBuffer,extend/append,524288,16067,16,260,32
RunningMeanSqBuffer,extend/append,524288,9437,16,260,32
RunningMeanBuffer,calculation,524288,9112,16,260,32
RunningMeanSqBuffer,calculation,524288,4765,16,260,32
RunningMeanBuffer,extend/append,524288,8494,16,260,48
RunningMeanSqBuffer,extend/append,524288,4540,16,260,48
RunningMeanBuffer,calculation,524288,9170,16,260,48
RunningMeanSqBuffer,calculation,524288,4852,16,260,48
RunningMeanBuffer,extend/append,524288,8290,16,260,64
RunningMeanSqBuffer,extend/append,524288,4609,16,260,64
RunningMeanBuffer,calculation,524288,9231,16,260,64
RunningMeanSqBuffer,calculation,524288,4727,16,260,64
RunningMeanBuffer,extend/append,1048576,892194,16,260,1
RunningMeanSqBuffer,extend/append,1048576,205161,16,260,1
RunningMeanBuffer,calculation,1048576,9308,16,260,1
RunningMeanSqBuffer,calculation,1048576,4735,16,260,1
RunningMeanBuffer,extend/append,1048576,450587,16,260,2
RunningMeanSqBuffer,extend/append,1048576,106799,16,260,2
RunningMeanBuffer,calculation,1048576,9402,16,260,2
RunningMeanSqBuffer,calculation,1048576,4636,16,260,2
RunningMeanBuffer,extend/append,1048576,297834,16,260,3
RunningMeanSqBuffer,extend/append,1048576,75541,16,260,3
RunningMeanBuffer,calculation,1048576,9274,16,260,3
RunningMeanSqBuffer,calculation,1048576,4577,16,260,3
RunningMeanBuffer,extend/append,1048576,221873,16,260,4
RunningMeanSqBuffer,extend/append,1048576,54545,16,260,4
RunningMeanBuffer,calculation,1048576,9439,16,260,4
RunningMeanSqBuffer,calculation,1048576,4622,16,260,4
RunningMeanBuffer,extend/append,1048576,146447,16,260,6
RunningMeanSqBuffer,extend/append,1048576,42218,16,260,6
RunningMeanBuffer,calculation,1048576,9272,16,260,6
RunningMeanSqBuffer,calculation,1048576,4603,16,260,6
RunningMeanBuffer,extend/append,1048576,115394,16,260,8
RunningMeanSqBuffer,extend/append,1048576,38667,16,260,8
RunningMeanBuffer,calculation,1048576,9299,16,260,8
RunningMeanSqBuffer,calculation,1048576,4584,16,260,8
RunningMeanBuffer,extend/append,1048576,70020,16,260,12
RunningMeanSqBuffer,extend/append,1048576,23371,16,260,12
RunningMeanBuffer,calculation,1048576,9201,16,260,12
RunningMeanSqBuffer,calculation,1048576,4604,16,260,12
RunningMeanBuffer,extend/append,1048576,62925,16,260,16
RunningMeanSqBuffer,extend/append,1048576,22179,16,260,16
RunningMeanBuffer,calculation,1048576,9250,16,260,16
RunningMeanSqBuffer,calculation,1048576,4670,16,260,16
RunningMeanBuffer,extend/append,1048576,39177,16,260,24
RunningMeanSqBuffer,extend/append,1048576,12671,16,260,24
RunningMeanBuffer,calculation,1048576,9239,16,260,24
RunningMeanSqBuffer,calculation,1048576,4571,16,260,24
RunningMeanBuffer,extend/append,1048576,31236,16,260,32
RunningMeanSqBuffer,extend/append,1048576,11283,16,260,32
RunningMeanBuffer,calculation,1048576,9344,16,260,32
RunningMeanSqBuffer,calculation,1048576,4381,16,260,32
RunningMeanBuffer,extend/append,1048576,16290,16,260,48
RunningMeanSqBuffer,extend/append,1048576,6022,16,260,48
RunningMeanBuffer,calculation,1048576,9275,16,260,48
RunningMeanSqBuffer,calculation,1048576,4594,16,260,48
RunningMeanBuffer,extend/append,1048576,15854,16,260,64
RunningMeanSqBuffer,extend/append,1048576,5848,16,260,64
RunningMeanBuffer,calculation,1048576,9287,16,260,64
RunningMeanSqBuffer,calculation,1048576,4751,16,260,64
RunningMeanBuffer,extend/append,2097152,1785230,16,260,1
RunningMeanSqBuffer,extend/append,2097152,399512,16,260,1
RunningMeanBuffer,calculation,2097152,9537,16,260,1
RunningMeanSqBuffer,calculation,2097152,6041,16,260,1
RunningMeanBuffer,extend/append,2097152,925917,16,260,2
RunningMeanSqBuffer,extend/append,2097152,212192,16,260,2
RunningMeanBuffer,calculation,2097152,9647,16,260,2
RunningMeanSqBuffer,calculation,2097152,6155,16,260,2
RunningMeanBuffer,extend/append,2097152,599313,16,260,3
RunningMeanSqBuffer,extend/append,2097152,153235,16,260,3
RunningMeanBuffer,calculation,2097152,10016,16,260,3
RunningMeanSqBuffer,calculation,2097152,5755,16,260,3
RunningMeanBuffer,extend/append,2097152,447213,16,260,4
RunningMeanSqBuffer,extend/append,2097152,113369,16,260,4
RunningMeanBuffer,calculation,2097152,9812,16,260,4
RunningMeanSqBuffer,calculation,2097152,5792,16,260,4
RunningMeanBuffer,extend/append,2097152,293430,16,260,6
RunningMeanSqBuffer,extend/append,2097152,79146,16,260,6
RunningMeanBuffer,calculation,2097152,9867,16,260,6
RunningMeanSqBuffer,calculation,2097152,5919,16,260,6
RunningMeanBuffer,extend/append,2097152,238066,16,260,8
RunningMeanSqBuffer,extend/append,2097152,63391,16,260,8
RunningMeanBuffer,calculation,2097152,9698,16,260,8
RunningMeanSqBuffer,calculation,2097152,5854,16,260,8
RunningMeanBuffer,extend/append,2097152,139847,16,260,12
RunningMeanSqBuffer,extend/append,2097152,37966,16,260,12
RunningMeanBuffer,calculation,2097152,9756,16,260,12
RunningMeanSqBuffer,calculation,2097152,5563,16,260,12
RunningMeanBuffer,extend/append,2097152,124049,16,260,16
RunningMeanSqBuffer,extend/append,2097152,33383,16,260,16
RunningMeanBuffer,calculation,2097152,9825,16,260,16
RunningMeanSqBuffer,calculation,2097152,5756,16,260,16
RunningMeanBuffer,extend/append,2097152,77752,16,260,24
RunningMeanSqBuffer,extend/append,2097152,22566,16,260,24
RunningMeanBuffer,calculation,2097152,9569,16,260,24
RunningMeanSqBuffer,calculation,2097152,5832,16,260,24
RunningMeanBuffer,extend/append,2097152,63464,16,260,32
RunningMeanSqBuffer,extend/append,2097152,17961,16,260,32
RunningMeanBuffer,calculation,2097152,9709,16,260,32
RunningMeanSqBuffer,calculation,2097152,5647,16,260,32
RunningMeanBuffer,extend/append,2097152,31953,16,260,48
RunningMeanSqBuffer,extend/append,2097152,8681,16,260,48
RunningMeanBuffer,calculation,2097152,9822,16,260,48
RunningMeanSqBuffer,calculation,2097152,5669,16,260,48
RunningMeanBuffer,extend/append,2097152,31843,16,260,64
RunningMeanSqBuffer,extend/append,2097152,9299,16,260,64
RunningMeanBuffer,calculation,2097152,9574,16,260,64
RunningMeanSqBuffer,calculation,2097152,5585,16,260,64
RunningMeanBuffer,extend/append,4194304,3663491,16,260,1
RunningMeanSqBuffer,extend/append,4194304,795861,16,260,1
RunningMeanBuffer,calculation,4194304,11176,16,260,1
RunningMeanSqBuffer,calculation,4194304,6058,16,260,1
RunningMeanBuffer,extend/append,4194304,1851540,16,260,2
RunningMeanSqBuffer,extend/append,4194304,405670,16,260,2
RunningMeanBuffer,calculation,4194304,11043,16,260,2
RunningMeanSqBuffer,calculation,4194304,5997,16,260,2
RunningMeanBuffer,extend/append,4194304,1199431,16,260,3
RunningMeanSqBuffer,extend/append,4194304,272192,16,260,3
RunningMeanBuffer,calculation,4194304,10924,16,260,3
RunningMeanSqBuffer,calculation,4194304,5932,16,260,3
RunningMeanBuffer,extend/append,4194304,902245,16,260,4
RunningMeanSqBuffer,extend/append,4194304,200744,16,260,4
RunningMeanBuffer,calculation,4194304,11299,16,260,4
RunningMeanSqBuffer,calculation,4194304,5727,16,260,4
RunningMeanBuffer,extend/append,4194304,596308,16,260,6
RunningMeanSqBuffer,extend/append,4194304,134751,16,260,6
RunningMeanBuffer,calculation,4194304,10612,16,260,6
RunningMeanSqBuffer,calculation,4194304,5697,16,260,6
RunningMeanBuffer,extend/append,4194304,463711,16,260,8
RunningMeanSqBuffer,extend/append,4194304,107552,16,260,8
RunningMeanBuffer,calculation,4194304,10394,16,260,8
RunningMeanSqBuffer,calculation,4194304,5579,16,260,8
RunningMeanBuffer,extend/append,4194304,278958,16,260,12
RunningMeanSqBuffer,extend/append,4194304,63486,16,260,12
RunningMeanBuffer,calculation,4194304,10489,16,260,12
RunningMeanSqBuffer,calculation,4194304,5491,16,260,12
RunningMeanBuffer,extend/append,4194304,247159,16,260,16
RunningMeanSqBuffer,extend/append,4194304,57668,16,260,16
RunningMeanBuffer,calculation,4194304,10873,16,260,16
RunningMeanSqBuffer,calculation,4194304,5445,16,260,16
RunningMeanBuffer,extend/append,4194304,154946,16,260,24
RunningMeanSqBuffer,extend/append,4194304,36000,16,260,24
RunningMeanBuffer,calculation,4194304,9892,16,260,24
RunningMeanSqBuffer,calculation,4194304,5731,16,260,24
RunningMeanBuffer,extend/append,4194304,126540,16,260,32
RunningMeanSqBuffer,extend/append,4194304,29424,16,260,32
RunningMeanBuffer,calculation,4194304,9888,16,260,32
RunningMeanSqBuffer,calculation,4194304,5513,16,260,32
RunningMeanBuffer,extend/append,4194304,62537,16,260,48
RunningMeanSqBuffer,extend/append,4194304,15120,16,260,48
RunningMeanBuffer,calculation,4194304,11000,16,260,48
RunningMeanSqBuffer,calculation,4194304,5473,16,260,48
RunningMeanBuffer,extend/append,4194304,62318,16,260,64
RunningMeanSqBuffer,extend/append,4194304,14839,16,260,64
RunningMeanBuffer,calculation,4194304,10041,16,260,64
RunningMeanSqBuffer,calculation,4194304,5525,16,260,64
RunningMeanBuffer,extend/append,8388608,7304743,16,260,1
RunningMeanSqBuffer,extend/append,8388608,1563857,16,260,1
RunningMeanBuffer,calculation,8388608,10547,16,260,1
RunningMeanSqBuffer,calculation,8388608,7191,16,260,1
RunningMeanBuffer,extend/append,8388608,3677029,16,260,2
RunningMeanSqBuffer,extend/append,8388608,800762,16,260,2
RunningMeanBuffer,calculation,8388608,10451,16,260,2
RunningMeanSqBuffer,calculation,8388608,6978,16,260,2
RunningMeanBuffer,extend/append,8388608,2445714,16,260,3
RunningMeanSqBuffer,extend/append,8388608,532804,16,260,3
RunningMeanBuffer,calculation,8388608,10249,16,260,3
RunningMeanSqBuffer,calculation,8388608,6703,16,260,3
RunningMeanBuffer,extend/append,8388608,1821940,16,260,4
RunningMeanSqBuffer,extend/append,8388608,397716,16,260,4
RunningMeanBuffer,calculation,8388608,10729,16,260,4
RunningMeanSqBuffer,calculation,8388608,6702,16,260,4
RunningMeanBuffer,extend/append,8388608,1172014,16,260,6
RunningMeanSqBuffer,extend/append,8388608,265354,16,260,6
RunningMeanBuffer,calculation,8388608,10550,16,260,6
RunningMeanSqBuffer,calculation,8388608,6463,16,260,6
RunningMeanBuffer,extend/append,8388608,943786,16,260,8
RunningMeanSqBuffer,extend/append,8388608,210330,16,260,8
RunningMeanBuffer,calculation,8388608,10334,16,260,8
RunningMeanSqBuffer,calculation,8388608,6682,16,260,8
RunningMeanBuffer,extend/append,8388608,554385,16,260,12
RunningMeanSqBuffer,extend/append,8388608,128506,16,260,12
RunningMeanBuffer,calculation,8388608,10642,16,260,12
RunningMeanSqBuffer,calculation,8388608,6425,16,260,12
RunningMeanBuffer,extend/append,8388608,493219,16,260,16
RunningMeanSqBuffer,extend/append,8388608,115564,16,260,16
RunningMeanBuffer,calculation,8388608,10490,16,260,16
RunningMeanSqBuffer,calculation,8388608,6429,16,260,16
RunningMeanBuffer,extend/append,8388608,313707,16,260,24
RunningMeanSqBuffer,extend/append,8388608,71826,16,260,24
RunningMeanBuffer,calculation,8388608,10222,16,260,24
RunningMeanSqBuffer,calculation,8388608,6467,16,260,24
RunningMeanBuffer,extend/append,8388608,251390,16,260,32
RunningMeanSqBuffer,extend/append,8388608,56269,16,260,32
RunningMeanBuffer,calculation,8388608,10442,16,260,32
RunningMeanSqBuffer,calculation,8388608,6323,16,260,32
RunningMeanBuffer,extend/append,8388608,124409,16,260,48
RunningMeanSqBuffer,extend/append,8388608,29252,16,260,48
RunningMeanBuffer,calculation,8388608,10219,16,260,48
RunningMeanSqBuffer,calculation,8388608,6294,16,260,48
RunningMeanBuffer,extend/append,8388608,125570,16,260,64
RunningMeanSqBuffer,extend/append,8388608,28886,16,260,64
RunningMeanBuffer,calculation,8388608,10581,16,260,64
RunningMeanSqBuffer,calculation,8388608,6219,16,260,64
RunningMeanBuffer,extend/append,512,6778,32,260,1
RunningMeanSqBuffer,extend/append,512,3081,32,260,1
RunningMeanBuffer,calculation,512,8787,32,260,1
RunningMeanSqBuffer,calculation,512,3541,32,260,1
RunningMeanBuffer,extend/append,512,3650,32,260,2
RunningMeanSqBuffer,extend/append,512,1821,32,260,2
RunningMeanBuffer,calculation,512,8893,32,260,2
RunningMeanSqBuffer,calculation,512,3512,32,260,2
RunningMeanBuffer,extend/append,512,2723,32,260,3
RunningMeanSqBuffer,extend/append,512,1329,32,260,3
RunningMeanBuffer,calculation,512,8743,32,260,3
RunningMeanSqBuffer,calculation,512,3516,32,260,3
RunningMeanBuffer,extend/append,512,2092,32,260,4
RunningMeanSqBuffer,extend/append,512,1111,32,260,4
RunningMeanBuffer,calculation,512,8827,32,260,4
RunningMeanSqBuffer,calculation,512,3523,32,260,4
RunningMeanBuffer,extend/append,512,1469,32,260,6
RunningMeanSqBuffer,extend/append,512,1293,32,260,6
RunningMeanBuffer,calculation,512,8756,32,260,6
RunningMeanSqBuffer,calculation,512,3462,32,260,6
RunningMeanBuffer,extend/append,512,1346,32,260,8
RunningMeanSqBuffer,extend/append,512,817,32,260,8
RunningMeanBuffer,calculation,512,8723,32,260,8
RunningMeanSqBuffer,calculation,512,3486,32,260,8
RunningMeanBuffer,extend/append,512,943,32,260,12
RunningMeanSqBuffer,extend/append,512,671,32,260,12
RunningMeanBuffer,calculation,512,8679,32,260,12
RunningMeanSqBuffer,calculation,512,3427,32,260,12
RunningMeanBuffer,extend/append,512,893,32,260,16
RunningMeanSqBuffer,extend/append,512,684,32,260,16
RunningMeanBuffer,calculation,512,8743,32,260,16
RunningMeanSqBuffer,calculation,512,3403,32,260,16
RunningMeanBuffer,extend/append,512,722,32,260,24
RunningMeanSqBuffer,extend/append,512,592,32,260,24
RunningMeanBuffer,calculation,512,8751,32,260,24
RunningMeanSqBuffer,calculation,512,3425,32,260,24
RunningMeanBuffer,extend/append,512,675,32,260,32
RunningMeanSqBuffer,extend/append,512,588,32,260,32
RunningMeanBuffer,calculation,512,8754,32,260,32
RunningMeanSqBuffer,calculation,512,3427,32,260,32
RunningMeanBuffer,extend/append,512,578,32,260,48
RunningMeanSqBuffer,extend/append,512,523,32,260,48
RunningMeanBuffer,calculation,512,8542,32,260,48
RunningMeanSqBuffer,calculation,512,3391,32,260,48
RunningMeanBuffer,extend/append,512,543,32,260,64
RunningMeanSqBuffer,extend/append,512,508,32,260,64
RunningMeanBuffer,calculation,512,8747,32,260,64
RunningMeanSqBuffer,calculation,512,3484,32,260,64
RunningMeanBuffer,extend/append,1024,6947,32,260,1
RunningMeanSqBuffer,extend/append,1024,3125,32,260,1
RunningMeanBuffer,calculation,1024,8839,32,260,1
RunningMeanSqBuffer,calculation,1024,3509,32,260,1
RunningMeanBuffer,extend/append,1024,3755,32,260,2
RunningMeanSqBuffer,extend/append,1024,1832,32,260,2
RunningMeanBuffer,calculation,1024,8907,32,260,2
RunningMeanSqBuffer,calculation,1024,3538,32,260,2
RunningMeanBuffer,extend/append,1024,2696,32,260,3
RunningMeanSqBuffer,extend/append,1024,1441,32,260,3
RunningMeanBuffer,calculation,1024,8760,32,260,3
RunningMeanSqBuffer,calculation,1024,3462,32,260,3
RunningMeanBuffer,extend/append,1024,2124,32,260,4
RunningMeanSqBuffer,extend/append,1024,1139,32,260,4
RunningMeanBuffer,calculation,1024,8782,32,260,4
RunningMeanSqBuffer,calculation,1024,3472,32,260,4
RunningMeanBuffer,extend/append,1024,1560,32,260,6
RunningMeanSqBuffer,extend/append,1024,918,32,260,6
RunningMeanBuffer,calculation,1024,8978,32,260,6
RunningMeanSqBuffer,calculation,1024,3663,32,260,6
RunningMeanBuffer,extend/append,1024,1298,32,260,8
RunningMeanSqBuffer,extend/append,1024,831,32,260,8
RunningMeanBuffer,calculation,1024,8733,32,260,8
RunningMeanSqBuffer,calculation,1024,3463,32,260,8
RunningMeanBuffer,extend/append,1024,953,32,260,12
RunningMeanSqBuffer,extend/append,1024,675,32,260,12
RunningMeanBuffer,calculation,1024,8689,32,260,12
RunningMeanSqBuffer,calculation,1024,3397,32,260,12
RunningMeanBuffer,extend/append,1024,923,32,260,16
RunningMeanSqBuffer,extend/append,1024,676,32,260,16
RunningMeanBuffer,calculation,1024,8812,32,260,16
RunningMeanSqBuffer,calculation,1024,3508,32,260,16
RunningMeanBuffer,extend/append,1024,799,32,260,24
RunningMeanSqBuffer,extend/append,1024,601,32,260,24
RunningMeanBuffer,calculation,1024,8748,32,260,24
RunningMeanSqBuffer,calculation,1024,3454,32,260,24
RunningMeanBuffer,extend/append,1024,682,32,260,32
RunningMeanSqBuffer,extend/append,1024,575,32,260,32
RunningMeanBuffer,calculation,1024,8754,32,260,32
RunningMeanSqBuffer,calculation,1024,3466,32,260,32
RunningMeanBuffer,extend/append,1024,551,32,260,48
RunningMeanSqBuffer,extend/append,1024,515,32,260,48
RunningMeanBuffer,calculation,1024,8776,32,260,48
RunningMeanSqBuffer,calculation,1024,3509,32,260,48
RunningMeanBuffer,extend/append,1024,550,32,260,64
RunningMeanSqBuffer,extend/append,1024,516,32,260,64
RunningMeanBuffer,calculation,1024,8747,32,260,64
RunningMeanSqBuffer,calculation,1024,3399,32,260,64
RunningMeanBuffer,extend/append,2048,7115,32,260,1
RunningMeanSqBuffer,extend/append,2048,3146,32,260,1
RunningMeanBuffer,calculation,2048,8974,32,260,1
RunningMeanSqBuffer,calculation,2048,3589,32,260,1
RunningMeanBuffer,extend/append,2048,3938,32,260,2
RunningMeanSqBuffer,extend/append,2048,1888,32,260,2
RunningMeanBuffer,calculation,2048,8868,32,260,2
RunningMeanSqBuffer,calculation,2048,3498,32,260,2
RunningMeanBuffer,extend/append,2048,2725,32,260,3
RunningMeanSqBuffer,extend/append,2048,1426,32,260,3
RunningMeanBuffer,calculation,2048,8744,32,260,3
RunningMeanSqBuffer,calculation,2048,3468,32,260,3
RunningMeanBuffer,extend/append,2048,2221,32,260,4
RunningMeanSqBuffer,extend/append,2048,1170,32,260,4
RunningMeanBuffer,calculation,2048,8750,32,260,4
RunningMeanSqBuffer,calculation,2048,3522,32,260,4
RunningMeanBuffer,extend/append,2048,1584,32,260,6
RunningMeanSqBuffer,extend/append,2048,955,32,260,6
RunningMeanBuffer,calculation,2048,8905,32,260,6
RunningMeanSqBuffer,calculation,2048,3464,32,260,6
RunningMeanBuffer,extend/append,2048,1342,32,260,8
RunningMeanSqBuffer,extend/append,2048,852,32,260,8
RunningMeanBuffer,calculation,2048,8752,32,260,8
RunningMeanSqBuffer,calculation,2048,3422,32,260,8
RunningMeanBuffer,extend/append,2048,1005,32,260,12
RunningMeanSqBuffer,extend/append,2048,688,32,260,12
RunningMeanBuffer,calculation,2048,8825,32,260,12
RunningMeanSqBuffer,calculation,2048,3422,32,260,12
RunningMeanBuffer,extend/append,2048,966,32,260,16
RunningMeanSqBuffer,extend/append,2048,677,32,260,16
RunningMeanBuffer,calculation,2048,8788,32,260,16
RunningMeanSqBuffer,calculation,2048,3376,32,260,16
RunningMeanBuffer,extend/append,2048,747,32,260,24
RunningMeanSqBuffer,extend/append,2048,600,32,260,24
RunningMeanBuffer,calculation,2048,8571,32,260,24
RunningMeanSqBuffer,calculation,2048,3500,32,260,24
RunningMeanBuffer,extend/append,2048,699,32,260,32
RunningMeanSqBuffer,extend/append,2048,591,32,260,32
RunningMeanBuffer,calculation,2048,8933,32,260,32
RunningMeanSqBuffer,calculation,2048,3418,32,260,32
RunningMeanBuffer,extend/append,2048,548,32,260,48
RunningMeanSqBuffer,extend/append,2048,522,32,260,48
RunningMeanBuffer,calculation,2048,8720,32,260,48
RunningMeanSqBuffer,calculation,2048,3444,32,260,48
RunningMeanBuffer,extend/append,2048,568,32,260,64
RunningMeanSqBuffer,extend/append,2048,522,32,260,64
RunningMeanBuffer,calculation,2048,8668,32,260,64
RunningMeanSqBuffer,calculation,2048,3441,32,260,64
RunningMeanBuffer,extend/append,4096,7500,32,260,1
RunningMeanSqBuffer,extend/append,4096,3535,32,260,1
RunningMeanBuffer,calculation,4096,9102,32,260,1
RunningMeanSqBuffer,calculation,4096,3530,32,260,1
RunningMeanBuffer,extend/append,4096,4234,32,260,2
RunningMeanSqBuffer,extend/append,4096,2068,32,260,2
RunningMeanBuffer,calculation,4096,8843,32,260,2
RunningMeanSqBuffer,calculation,4096,3501,32,260,2
RunningMeanBuffer,extend/append,4096,2905,32,260,3
RunningMeanSqBuffer,extend/append,4096,1679,32,260,3
RunningMeanBuffer,calculation,4096,8870,32,260,3
RunningMeanSqBuffer,calculation,4096,3498,32,260,3
RunningMeanBuffer,extend/append,4096,2286,32,260,4
RunningMeanSqBuffer,extend/append,4096,1294,32,260,4
RunningMeanBuffer,calculation,4096,8785,32,260,4
RunningMeanSqBuffer,calculation,4096,3476,32,260,4
RunningMeanBuffer,extend/append,4096,1733,32,260,6
RunningMeanSqBuffer,extend/append,4096,1029,32,260,6
RunningMeanBuffer,calculation,4096,8771,32,260,6
RunningMeanSqBuffer,calculation,4096,3553,32,260,6
RunningMeanBuffer,extend/append,4096,1376,32,260,8
RunningMeanSqBuffer,extend/append,4096,884,32,260,8
RunningMeanBuffer,calculation,4096,8780,32,260,8
RunningMeanSqBuffer,calculation,4096,3519,32,260,8
RunningMeanBuffer,extend/append,4096,1011,32,260,12
RunningMeanSqBuffer,extend/append,4096,708,32,260,12
RunningMeanBuffer,calculation,4096,8742,32,260,12
RunningMeanSqBuffer,calculation,4096,3431,32,260,12
RunningMeanBuffer,extend/append,4096,997,32,260,16
RunningMeanSqBuffer,extend/append,4096,707,32,260,16
RunningMeanBuffer,calculation,4096,8688,32,260,16
RunningMeanSqBuffer,calculation,4096,3490,32,260,16
RunningMeanBuffer,extend/append,4096,769,32,260,24
RunningMeanSqBuffer,extend/append,4096,618,32,260,24
RunningMeanBuffer,calculation,4096,8697,32,260,24
RunningMeanSqBuffer,calculation,4096,3439,32,260,24
RunningMeanBuffer,extend/append,4096,755,32,260,32
RunningMeanSqBuffer,extend/append,4096,594,32,260,32
RunningMeanBuffer,calculation,4096,8750,32,260,32
RunningMeanSqBuffer,calculation,4096,3440,32,260,32
RunningMeanBuffer,extend/append,4096,568,32,260,48
RunningMeanSqBuffer,extend/append,4096,566,32,260,48
RunningMeanBuffer,calculation,4096,8767,32,260,48
RunningMeanSqBuffer,calculation,4096,3426,32,260,48
RunningMeanBuffer,extend/append,4096,557,32,260,64
RunningMeanSqBuffer,extend/append,4096,528,32,260,64
RunningMeanBuffer,calculation,4096,8770,32,260,64
RunningMeanSqBuffer,calculation,4096,3403,32,260,64
RunningMeanBuffer,extend/append,8192,8622,32,260,1
RunningMeanSqBuffer,extend/append,8192,3973,32,260,1
RunningMeanBuffer,calculation,8192,8877,32,260,1
RunningMeanSqBuffer,calculation,8192,3541,32,260,1
RunningMeanBuffer,extend/append,8192,4673,32,260,2
RunningMeanSqBuffer,extend/append,8192,2312,32,260,2
RunningMeanBuffer,calculation,8192,8865,32,260,2
RunningMeanSqBuffer,calculation,8192,3491,32,260,2
RunningMeanBuffer,extend/append,8192,3251,32,260,3
RunningMeanSqBuffer,extend/append,8192,1691,32,260,3
RunningMeanBuffer,calculation,8192,8845,32,260,3
RunningMeanSqBuffer,calculation,8192,3464,32,260,3
RunningMeanBuffer,extend/append,8192,2614,32,260,4
RunningMeanSqBuffer,extend/append,8192,1386,32,260,4
RunningMeanBuffer,calculation,8192,8828,32,260,4
RunningMeanSqBuffer,calculation,8192,3476,32,260,4
RunningMeanBuffer,extend/append,8192,1816,32,260,6
RunningMeanSqBuffer,extend/append,8192,1078,32,260,6
RunningMeanBuffer,calculation,8192,8738,32,260,6
RunningMeanSqBuffer,calculation,8192,3469,32,260,6
RunningMeanBuffer,extend/append,8192,1553,32,260,8
RunningMeanSqBuffer,extend/append,8192,952,32,260,8
RunningMeanBuffer,calculation,8192,8763,32,260,8
RunningMeanSqBuffer,calculation,8192,3447,32,260,8
RunningMeanBuffer,extend/append,8192,1084,32,260,12
RunningMeanSqBuffer,extend/append,8192,757,32,260,12
RunningMeanBuffer,calculation,8192,8774,32,260,12
RunningMeanSqBuffer,calculation,8192,3479,32,260,12
RunningMeanBuffer,extend/append,8192,1080,32,260,16
RunningMeanSqBuffer,extend/append,8192,772,32,260,16
RunningMeanBuffer,calculation,8192,8857,32,260,16
RunningMeanSqBuffer,calculation,8192,3432,32,260,16
RunningMeanBuffer,extend/append,8192,821,32,260,24
RunningMeanSqBuffer,extend/append,8192,646,32,260,24
RunningMeanBuffer,calculation,8192,8772,32,260,24
RunningMeanSqBuffer,calculation,8192,3405,32,260,24
RunningMeanBuffer,extend/append,8192,750,32,260,32
RunningMeanSqBuffer,extend/append,8192,611,32,260,32
RunningMeanBuffer,calculation,8192,8838,32,260,32
RunningMeanSqBuffer,calculation,8192,3516,32,260,32
RunningMeanBuffer,extend/append,8192,597,32,260,48
RunningMeanSqBuffer,extend/append,8192,533,32,260,48
RunningMeanBuffer,calculation,8192,8776,32,260,48
RunningMeanSqBuffer,calculation,8192,3462,32,260,48
RunningMeanBuffer,extend/append,8192,594,32,260,64
RunningMeanSqBuffer,extend/append,8192,545,32,260,64
RunningMeanBuffer,calculation,8192,8763,32,260,64
RunningMeanSqBuffer,calculation,8192,3415,32,260,64
RunningMeanBuffer,extend/append,16384,10710,32,260,1
RunningMeanSqBuffer,extend/append,16384,73442,32,260,1
RunningMeanBuffer,calculation,16384,8895,32,260,1
RunningMeanSqBuffer,calculation,16384,4651,32,260,1
RunningMeanBuffer,extend/append,16384,5708,32,260,2
RunningMeanSqBuffer,extend/append,16384,34611,32,260,2
RunningMeanBuffer,calculation,16384,9069,32,260,2
RunningMeanSqBuffer,calculation,16384,4468,32,260,2
RunningMeanBuffer,extend/append,16384,3890,32,260,3
RunningMeanSqBuffer,extend/append,16384,24498,32,260,3
RunningMeanBuffer,calculation,16384,8849,32,260,3
RunningMeanSqBuffer,calculation,16384,4370,32,260,3
RunningMeanBuffer,extend/append,16384,3084,32,260,4
RunningMeanSqBuffer,extend/append,16384,18894,32,260,4
RunningMeanBuffer,calculation,16384,8927,32,260,4
RunningMeanSqBuffer,calculation,16384,4398,32,260,4
RunningMeanBuffer,extend/append,16384,2199,32,260,6
RunningMeanSqBuffer,extend/append,16384,12274,32,260,6
RunningMeanBuffer,calculation,16384,8893,32,260,6
RunningMeanSqBuffer,calculation,16384,4348,32,260,6
RunningMeanBuffer,extend/append,16384,1834,32,260,8
RunningMeanSqBuffer,extend/append,16384,11255,32,260,8
RunningMeanBuffer,calculation,16384,8908,32,260,8
RunningMeanSqBuffer,calculation,16384,4373,32,260,8
RunningMeanBuffer,extend/append,16384,1255,32,260,12
RunningMeanSqBuffer,extend/append,16384,6108,32,260,12
RunningMeanBuffer,calculation,16384,8937,32,260,12
RunningMeanSqBuffer,calculation,16384,4342,32,260,12
RunningMeanBuffer,extend/append,16384,1249,32,260,16
RunningMeanSqBuffer,extend/append,16384,5475,32,260,16
RunningMeanBuffer,calculation,16384,8839,32,260,16
RunningMeanSqBuffer,calculation,16384,4469,32,260,16
RunningMeanBuffer,extend/append,16384,922,32,260,24
RunningMeanSqBuffer,extend/append,16384,3783,32,260,24
RunningMeanBuffer,calculation,16384,8803,32,260,24
RunningMeanSqBuffer,calculation,16384,4191,32,260,24
RunningMeanBuffer,extend/append,16384,827,32,260,32
RunningMeanSqBuffer,extend/append,16384,3177,32,260,32
RunningMeanBuffer,calculation,16384,8919,32,260,32
RunningMeanSqBuffer,calculation,16384,4516,32,260,32
RunningMeanBuffer,extend/append,16384,647,32,260,48
RunningMeanSqBuffer,extend/append,16384,1814,32,260,48
RunningMeanBuffer,calculation,16384,8779,32,260,48
RunningMeanSqBuffer,calculation,16384,4314,32,260,48
RunningMeanBuffer,extend/append,16384,628,32,260,64
RunningMeanSqBuffer,extend/append,16384,2283,32,260,64
RunningMeanBuffer,calculation,16384,8849,32,260,64
RunningMeanSqBuffer,calculation,16384,4330,32,260,64
RunningMeanBuffer,extend/append,32768,14945,32,260,1
RunningMeanSqBuffer,extend/append,32768,75633,32,260,1
RunningMeanBuffer,calculation,32768,9032,32,260,1
RunningMeanSqBuffer,calculation,32768,4662,32,260,1
RunningMeanBuffer,extend/append,32768,7857,32,260,2
RunningMeanSqBuffer,extend/append,32768,37851,32,260,2
RunningMeanBuffer,calculation,32768,9035,32,260,2
RunningMeanSqBuffer,calculation,32768,4474,32,260,2
RunningMeanBuffer,extend/append,32768,5321,32,260,3
RunningMeanSqBuffer,extend/append,32768,23937,32,260,3
RunningMeanBuffer,calculation,32768,9032,32,260,3
RunningMeanSqBuffer,calculation,32768,4483,32,260,3
RunningMeanBuffer,extend/append,32768,4151,32,260,4
RunningMeanSqBuffer,extend/append,32768,18427,32,260,4
RunningMeanBuffer,calculation,32768,8955,32,260,4
RunningMeanSqBuffer,calculation,32768,4559,32,260,4
RunningMeanBuffer,extend/append,32768,2911,32,260,6
RunningMeanSqBuffer,extend/append,32768,13428,32,260,6
RunningMeanBuffer,calculation,32768,8967,32,260,6
RunningMeanSqBuffer,calculation,32768,4440,32,260,6
RunningMeanBuffer,extend/append,32768,2375,32,260,8
RunningMeanSqBuffer,extend/append,32768,10766,32,260,8
RunningMeanBuffer,calculation,32768,9089,32,260,8
RunningMeanSqBuffer,calculation,32768,5096,32,260,8
RunningMeanBuffer,extend/append,32768,1576,32,260,12
RunningMeanSqBuffer,extend/append,32768,5973,32,260,12
RunningMeanBuffer,calculation,32768,8911,32,260,12
RunningMeanSqBuffer,calculation,32768,4479,32,260,12
RunningMeanBuffer,extend/append,32768,1496,32,260,16
RunningMeanSqBuffer,extend/append,32768,5512,32,260,16
RunningMeanBuffer,calculation,32768,8789,32,260,16
RunningMeanSqBuffer,calculation,32768,4412,32,260,16
RunningMeanBuffer,extend/append,32768,1130,32,260,24
RunningMeanSqBuffer,extend/append,32768,13478,32,260,24
RunningMeanBuffer,calculation,32768,8858,32,260,24
RunningMeanSqBuffer,calculation,32768,4359,32,260,24
RunningMeanBuffer,extend/append,32768,985,32,260,32
RunningMeanSqBuffer,extend/append,32768,3376,32,260,32
RunningMeanBuffer,calculation,32768,8843,32,260,32
RunningMeanSqBuffer,calculation,32768,4273,32,260,32
RunningMeanBuffer,extend/append,32768,729,32,260,48
RunningMeanSqBuffer,extend/append,32768,1820,32,260,48
RunningMeanBuffer,calculation,32768,8909,32,260,48
RunningMeanSqBuffer,calculation,32768,4399,32,260,48
RunningMeanBuffer,extend/append,32768,720,32,260,64
RunningMeanSqBuffer,extend/append,32768,2545,32,260,64
RunningMeanBuffer,calculation,32768,8927,32,260,64
RunningMeanSqBuffer,calculation,32768,4312,32,260,64
RunningMeanBuffer,extend/append,65536,23348,32,260,1
RunningMeanSqBuffer,extend/append,65536,68281,32,260,1
RunningMeanBuffer,calculation,65536,9167,32,260,1
RunningMeanSqBuffer,calculation,65536,4450,32,260,1
RunningMeanBuffer,extend/append,65536,13055,32,260,2
RunningMeanSqBuffer,extend/append,65536,35567,32,260,2
RunningMeanBuffer,calculation,65536,9100,32,260,2
RunningMeanSqBuffer,calculation,65536,4369,32,260,2
RunningMeanBuffer,extend/append,65536,8136,32,260,3
RunningMeanSqBuffer,extend/append,65536,24985,32,260,3
RunningMeanBuffer,calculation,65536,9136,32,260,3
RunningMeanSqBuffer,calculation,65536,4503,32,260,3
RunningMeanBuffer,extend/append,65536,6246,32,260,4
RunningMeanSqBuffer,extend/append,65536,17677,32,260,4
RunningMeanBuffer,calculation,65536,9022,32,260,4
RunningMeanSqBuffer,calculation,65536,4300,32,260,4
RunningMeanBuffer,extend/append,65536,4253,32,260,6
RunningMeanSqBuffer,extend/append,65536,16389,32,260,6
RunningMeanBuffer,calculation,65536,9355,32,260,6
RunningMeanSqBuffer,calculation,65536,4362,32,260,6
RunningMeanBuffer,extend/append,65536,3472,32,260,8
RunningMeanSqBuffer,extend/append,65536,10085,32,260,8
RunningMeanBuffer,calculation,65536,9017,32,260,8
RunningMeanSqBuffer,calculation,65536,4357,32,260,8
RunningMeanBuffer,extend/append,65536,2287,32,260,12
RunningMeanSqBuffer,extend/append,65536,15627,32,260,12
RunningMeanBuffer,calculation,65536,8942,32,260,12
RunningMeanSqBuffer,calculation,65536,5104,32,260,12
RunningMeanBuffer,extend/append,65536,2127,32,260,16
RunningMeanSqBuffer,extend/append,65536,5521,32,260,16
RunningMeanBuffer,calculation,65536,8935,32,260,16
RunningMeanSqBuffer,calculation,65536,4117,32,260,16
RunningMeanBuffer,extend/append,65536,1536,32,260,24
RunningMeanSqBuffer,extend/append,65536,7199,32,260,24
RunningMeanBuffer,calculation,65536,8820,32,260,24
RunningMeanSqBuffer,calculation,65536,4122,32,260,24
RunningMeanBuffer,extend/append,65536,1308,32,260,32
RunningMeanSqBuffer,extend/append,65536,4954,32,260,32
RunningMeanBuffer,calculation,65536,8910,32,260,32
RunningMeanSqBuffer,calculation,65536,4162,32,260,32
RunningMeanBuffer,extend/append,65536,879,32,260,48
RunningMeanSqBuffer,extend/append,65536,3664,32,260,48
RunningMeanBuffer,calculation,65536,8825,32,260,48
RunningMeanSqBuffer,calculation,65536,4984,32,260,48
RunningMeanBuffer,extend/append,65536,896,32,260,64
RunningMeanSqBuffer,extend/append,65536,1947,32,260,64
RunningMeanBuffer,calculation,65536,8867,32,260,64
RunningMeanSqBuffer,calculation,65536,4071,32,260,64
RunningMeanBuffer,extend/append,131072,41546,32,260,1
RunningMeanSqBuffer,extend/append,131072,68587,32,260,1
RunningMeanBuffer,calculation,131072,8993,32,260,1
RunningMeanSqBuffer,calculation,131072,4478,32,260,1
RunningMeanBuffer,extend/append,131072,21151,32,260,2
RunningMeanSqBuffer,extend/append,131072,39038,32,260,2
RunningMeanBuffer,calculation,131072,9090,32,260,2
RunningMeanSqBuffer,calculation,131072,4265,32,260,2
RunningMeanBuffer,extend/append,131072,14091,32,260,3
RunningMeanSqBuffer,extend/append,131072,24025,32,260,3
RunningMeanBuffer,calculation,131072,9062,32,260,3
RunningMeanSqBuffer,calculation,131072,4306,32,260,3
RunningMeanBuffer,extend/append,131072,10709,32,260,4
RunningMeanSqBuffer,extend/append,131072,17899,32,260,4
RunningMeanBuffer,calculation,131072,8994,32,260,4
RunningMeanSqBuffer,calculation,131072,4820,32,260,4
RunningMeanBuffer,extend/append,131072,7071,32,260,6
RunningMeanSqBuffer,extend/append,131072,12910,32,260,6
RunningMeanBuffer,calculation,131072,8948,32,260,6
RunningMeanSqBuffer,calculation,131072,4357,32,260,6
RunningMeanBuffer,extend/append,131072,5661,32,260,8
RunningMeanSqBuffer,extend/append,131072,12321,32,260,8
RunningMeanBuffer,calculation,131072,8954,32,260,8
RunningMeanSqBuffer,calculation,131072,4250,32,260,8
RunningMeanBuffer,extend/append,131072,3600,32,260,12
RunningMeanSqBuffer,extend/append,131072,6693,32,260,12
RunningMeanBuffer,calculation,131072,8966,32,260,12
RunningMeanSqBuffer,calculation,131072,4307,32,260,12
RunningMeanBuffer,extend/append,131072,3297,32,260,16
RunningMeanSqBuffer,extend/append,131072,6865,32,260,16
RunningMeanBuffer,calculation,131072,9006,32,260,16
RunningMeanSqBuffer,calculation,131072,4193,32,260,16
RunningMeanBuffer,extend/append,131072,2255,32,260,24
RunningMeanSqBuffer,extend/append,131072,10301,32,260,24
RunningMeanBuffer,calculation,131072,9083,32,260,24
RunningMeanSqBuffer,calculation,131072,4326,32,260,24
RunningMeanBuffer,extend/append,131072,1895,32,260,32
RunningMeanSqBuffer,extend/append,131072,7921,32,260,32
RunningMeanBuffer,calculation,131072,8873,32,260,32
RunningMeanSqBuffer,calculation,131072,3982,32,260,32
RunningMeanBuffer,extend/append,131072,1207,32,260,48
RunningMeanSqBuffer,extend/append,131072,4277,32,260,48
RunningMeanBuffer,calculation,131072,8992,32,260,48
RunningMeanSqBuffer,calculation,131072,4084,32,260,48
RunningMeanBuffer,extend/append,131072,1207,32,260,64
RunningMeanSqBuffer,extend/append,131072,2508,32,260,64
RunningMeanBuffer,calculation,131072,8969,32,260,64
RunningMeanSqBuffer,calculation,131072,4355,32,260,64
RunningMeanBuffer,extend/append,262144,229321,32,260,1
RunningMeanSqBuffer,extend/append,262144,76723,32,260,1
RunningMeanBuffer,calculation,262144,9060,32,260,1
RunningMeanSqBuffer,calculation,262144,5002,32,260,1
RunningMeanBuffer,extend/append,262144,118736,32,260,2
RunningMeanSqBuffer,extend/append,262144,39672,32,260,2
RunningMeanBuffer,calculation,262144,9128,32,260,2
RunningMeanSqBuffer,calculation,262144,4808,32,260,2
RunningMeanBuffer,extend/append,262144,76913,32,260,3
RunningMeanSqBuffer,extend/append,262144,26912,32,260,3
RunningMeanBuffer,calculation,262144,9094,32,260,3
RunningMeanSqBuffer,calculation,262144,4508,32,260,3
RunningMeanBuffer,extend/append,262144,57466,32,260,4
RunningMeanSqBuffer,extend/append,262144,21248,32,260,4
RunningMeanBuffer,calculation,262144,9030,32,260,4
RunningMeanSqBuffer,calculation,262144,4689,32,260,4
RunningMeanBuffer,extend/append,262144,37586,32,260,6
RunningMeanSqBuffer,extend/append,262144,15565,32,260,6
RunningMeanBuffer,calculation,262144,9018,32,260,6
RunningMeanSqBuffer,calculation,262144,4643,32,260,6
RunningMeanBuffer,extend/append,262144,30573,32,260,8
RunningMeanSqBuffer,extend/append,262144,10976,32,260,8
RunningMeanBuffer,calculation,262144,8985,32,260,8
RunningMeanSqBuffer,calculation,262144,4820,32,260,8
RunningMeanBuffer,extend/append,262144,18064,32,260,12
RunningMeanSqBuffer,extend/append,262144,9054,32,260,12
RunningMeanBuffer,calculation,262144,8935,32,260,12
RunningMeanSqBuffer,calculation,262144,4426,32,260,12
RunningMeanBuffer,extend/append,262144,16589,32,260,16
RunningMeanSqBuffer,extend/append,262144,8407,32,260,16
RunningMeanBuffer,calculation,262144,9098,32,260,16
RunningMeanSqBuffer,calculation,262144,4539,32,260,16
RunningMeanBuffer,extend/append,262144,10322,32,260,24
RunningMeanSqBuffer,extend/append,262144,9455,32,260,24
RunningMeanBuffer,calculation,262144,9039,32,260,24
RunningMeanSqBuffer,calculation,262144,4489,32,260,24
RunningMeanBuffer,extend/append,262144,8507,32,260,32
RunningMeanSqBuffer,extend/append,262144,6408,32,260,32
RunningMeanBuffer,calculation,262144,8941,32,260,32
RunningMeanSqBuffer,calculation,262144,4807,32,260,32
RunningMeanBuffer,extend/append,262144,4538,32,260,48
RunningMeanSqBuffer,extend/append,262144,3793,32,260,48
RunningMeanBuffer,calculation,262144,9011,32,260,48
RunningMeanSqBuffer,calculation,262144,4423,32,260,48
RunningMeanBuffer,extend/append,262144,4510,32,260,64
RunningMeanSqBuffer,extend/append,262144,3838,32,260,64
RunningMeanBuffer,calculation,262144,9091,32,260,64
RunningMeanSqBuffer,calculation,262144,4295,32,260,64
RunningMeanBuffer,extend/append,524288,449832,32,260,1
RunningMeanSqBuffer,extend/append,524288,112917,32,260,1
RunningMeanBuffer,calculation,524288,9175,32,260,1
RunningMeanSqBuffer,calculation,524288,5242,32,260,1
RunningMeanBuffer,extend/append,524288,228625,32,260,2
RunningMeanSqBuffer,extend/append,524288,56809,32,260,2
RunningMeanBuffer,calculation,524288,9080,32,260,2
RunningMeanSqBuffer,calculation,524288,5229,32,260,2
RunningMeanBuffer,extend/append,524288,150727,32,260,3
RunningMeanSqBuffer,extend/append,524288,40860,32,260,3
RunningMeanBuffer,calculation,524288,9085,32,260,3
RunningMeanSqBuffer,calculation,524288,5079,32,260,3
RunningMeanBuffer,extend/append,524288,115216,32,260,4
RunningMeanSqBuffer,extend/append,524288,28343,32,260,4
RunningMeanBuffer,calculation,524288,9159,32,260,4
RunningMeanSqBuffer,calculation,524288,5142,32,260,4
RunningMeanBuffer,extend/append,524288,73649,32,260,6
RunningMeanSqBuffer,extend/append,524288,20742,32,260,6
RunningMeanBuffer,calculation,524288,9097,32,260,6
RunningMeanSqBuffer,calculation,524288,5143,32,260,6
RunningMeanBuffer,extend/append,524288,58406,32,260,8
RunningMeanSqBuffer,extend/append,524288,16214,32,260,8
RunningMeanBuffer,calculation,524288,9062,32,260,8
RunningMeanSqBuffer,calculation,524288,4910,32,260,8
RunningMeanBuffer,extend/append,524288,36084,32,260,12
RunningMeanSqBuffer,extend/append,524288,11294,32,260,12
RunningMeanBuffer,calculation,524288,9280,32,260,12
RunningMeanSqBuffer,calculation,524288,4851,32,260,12
RunningMeanBuffer,extend/append,524288,31612,32,260,16
RunningMeanSqBuffer,extend/append,524288,10360,32,260,16
RunningMeanBuffer,calculation,524288,9084,32,260,16
RunningMeanSqBuffer,calculation,524288,4904,32,260,16
RunningMeanBuffer,extend/append,524288,19818,32,260,24
RunningMeanSqBuffer,extend/append,524288,9720,32,260,24
RunningMeanBuffer,calculation,524288,9125,32,260,24
RunningMeanSqBuffer,calculation,524288,4961,32,260,24
RunningMeanBuffer,extend/append,524288,16185,32,260,32
RunningMeanSqBuffer,extend/append,524288,7078,32,260,32
RunningMeanBuffer,calculation,524288,9030,32,260,32
RunningMeanSqBuffer,calculation,524288,4846,32,260,32
RunningMeanBuffer,extend/append,524288,8317,32,260,48
RunningMeanSqBuffer,extend/append,524288,4198,32,260,48
RunningMeanBuffer,calculation,524288,8997,32,260,48
RunningMeanSqBuffer,calculation,524288,4823,32,260,48
RunningMeanBuffer,extend/append,524288,8538,32,260,64
RunningMeanSqBuffer,extend/append,524288,4204,32,260,64
RunningMeanBuffer,calculation,524288,9144,32,260,64
RunningMeanSqBuffer,calculation,524288,5136,32,260,64
RunningMeanBuffer,extend/append,1048576,895278,32,260,1
RunningMeanSqBuffer,extend/append,1048576,204920,32,260,1
RunningMeanBuffer,calculation,1048576,9390,32,260,1
RunningMeanSqBuffer,calculation,1048576,4908,32,260,1
RunningMeanBuffer,extend/append,1048576,453009,32,260,2
RunningMeanSqBuffer,extend/append,1048576,105425,32,260,2
RunningMeanBuffer,calculation,1048576,9449,32,260,2
RunningMeanSqBuffer,calculation,1048576,4797,32,260,2
RunningMeanBuffer,extend/append,1048576,298535,32,260,3
RunningMeanSqBuffer,extend/append,1048576,70795,32,260,3
RunningMeanBuffer,calculation,1048576,9326,32,260,3
RunningMeanSqBuffer,calculation,1048576,4513,32,260,3
RunningMeanBuffer,extend/append,1048576,222625,32,260,4
RunningMeanSqBuffer,extend/append,1048576,54269,32,260,4
RunningMeanBuffer,calculation,1048576,9468,32,260,4
RunningMeanSqBuffer,calculation,1048576,4639,32,260,4
RunningMeanBuffer,extend/append,1048576,146141,32,260,6
RunningMeanSqBuffer,extend/append,1048576,46080,32,260,6
RunningMeanBuffer,calculation,1048576,9282,32,260,6
RunningMeanSqBuffer,calculation,1048576,4560,32,260,6
RunningMeanBuffer,extend/append,1048576,115945,32,260,8
RunningMeanSqBuffer,extend/append,1048576,36976,32,260,8
RunningMeanBuffer,calculation,1048576,9325,32,260,8
RunningMeanSqBuffer,calculation,1048576,4797,32,260,8
RunningMeanBuffer,extend/append,1048576,69810,32,260,12
RunningMeanSqBuffer,extend/append,1048576,20643,32,260,12
RunningMeanBuffer,calculation,1048576,9224,32,260,12
RunningMeanSqBuffer,calculation,1048576,4471,32,260,12
RunningMeanBuffer,extend/append,1048576,62211,32,260,16
RunningMeanSqBuffer,extend/append,1048576,21359,32,260,16
RunningMeanBuffer,calculation,1048576,9391,32,260,16
RunningMeanSqBuffer,calculation,1048576,4718,32,260,16
RunningMeanBuffer,extend/append,1048576,39970,32,260,24
RunningMeanSqBuffer,extend/append,1048576,13470,32,260,24
RunningMeanBuffer,calculation,1048576,9301,32,260,24
RunningMeanSqBuffer,calculation,1048576,4526,32,260,24
RunningMeanBuffer,extend/append,1048576,31381,32,260,32
RunningMeanSqBuffer,extend/append,1048576,9519,32,260,32
RunningMeanBuffer,calculation,1048576,9267,32,260,32
RunningMeanSqBuffer,calculation,1048576,4470,32,260,32
RunningMeanBuffer,extend/append,1048576,15958,32,260,48
RunningMeanSqBuffer,extend/append,1048576,5175,32,260,48
RunningMeanBuffer,calculation,1048576,9114,32,260,48
RunningMeanSqBuffer,calculation,1048576,4260,32,260,48
RunningMeanBuffer,extend/append,1048576,15917,32,260,64
RunningMeanSqBuffer,extend/append,1048576,6895,32,260,64
RunningMeanBuffer,calculation,1048576,9248,32,260,64
RunningMeanSqBuffer,calculation,1048576,4668,32,260,64
RunningMeanBuffer,extend/append,2097152,1790914,32,260,1
RunningMeanSqBuffer,extend/append,2097152,398487,32,260,1
RunningMeanBuffer,calculation,2097152,9663,32,260,1
RunningMeanSqBuffer,calculation,2097152,5959,32,260,1
RunningMeanBuffer,extend/append,2097152,907675,32,260,2
RunningMeanSqBuffer,extend/append,2097152,203342,32,260,2
RunningMeanBuffer,calculation,2097152,9770,32,260,2
RunningMeanSqBuffer,calculation,2097152,5891,32,260,2
RunningMeanBuffer,extend/append,2097152,612473,32,260,3
RunningMeanSqBuffer,extend/append,2097152,149491,32,260,3
RunningMeanBuffer,calculation,2097152,9588,32,260,3
RunningMeanSqBuffer,calculation,2097152,5956,32,260,3
RunningMeanBuffer,extend/append,2097152,444828,32,260,4
RunningMeanSqBuffer,extend/append,2097152,112161,32,260,4
RunningMeanBuffer,calculation,2097152,9641,32,260,4
RunningMeanSqBuffer,calculation,2097152,5797,32,260,4
RunningMeanBuffer,extend/append,2097152,298818,32,260,6
RunningMeanSqBuffer,extend/append,2097152,77959,32,260,6
RunningMeanBuffer,calculation,2097152,9639,32,260,6
RunningMeanSqBuffer,calculation,2097152,5768,32,260,6
RunningMeanBuffer,extend/append,2097152,231332,32,260,8
RunningMeanSqBuffer,extend/append,2097152,63888,32,260,8
RunningMeanBuffer,calculation,2097152,9797,32,260,8
RunningMeanSqBuffer,calculation,2097152,5643,32,260,8
RunningMeanBuffer,extend/append,2097152,139303,32,260,12
RunningMeanSqBuffer,extend/append,2097152,38809,32,260,12
RunningMeanBuffer,calculation,2097152,9670,32,260,12
RunningMeanSqBuffer,calculation,2097152,5784,32,260,12
RunningMeanBuffer,extend/append,2097152,123704,32,260,16
RunningMeanSqBuffer,extend/append,2097152,31439,32,260,16
RunningMeanBuffer,calculation,2097152,9460,32,260,16
RunningMeanSqBuffer,calculation,2097152,5641,32,260,16
RunningMeanBuffer,extend/append,2097152,77679,32,260,24
RunningMeanSqBuffer,extend/append,2097152,24610,32,260,24
RunningMeanBuffer,calculation,2097152,9461,32,260,24
RunningMeanSqBuffer,calculation,2097152,5625,32,260,24
RunningMeanBuffer,extend/append,2097152,63597,32,260,32
RunningMeanSqBuffer,extend/append,2097152,17649,32,260,32
RunningMeanBuffer,calculation,2097152,9572,32,260,32
RunningMeanSqBuffer,calculation,2097152,5647,32,260,32
RunningMeanBuffer,extend/append,2097152,31323,32,260,48
RunningMeanSqBuffer,extend/append,2097152,9333,32,260,48
RunningMeanBuffer,calculation,2097152,9534,32,260,48
RunningMeanSqBuffer,calculation,2097152,5620,32,260,48
RunningMeanBuffer,extend/append,2097152,31458,32,260,64
RunningMeanSqBuffer,extend/append,2097152,8463,32,260,64
RunningMeanBuffer,calculation,2097152,9495,32,260,64
RunningMeanSqBuffer,calculation,2097152,5632,32,260,64
RunningMeanBuffer,extend/append,4194304,3583704,32,260,1
RunningMeanSqBuffer,extend/append,4194304,792670,32,260,1
RunningMeanBuffer,calculation,4194304,10864,32,260,1
RunningMeanSqBuffer,calculation,4194304,5823,32,260,1
RunningMeanBuffer,extend/append,4194304,1809200,32,260,2
RunningMeanSqBuffer,extend/append,4194304,407279,32,260,2
RunningMeanBuffer,calculation,4194304,11002,32,260,2
RunningMeanSqBuffer,calculation,4194304,5811,32,260,2
RunningMeanBuffer,extend/append,4194304,1226154,32,260,3
RunningMeanSqBuffer,extend/append,4194304,270123,32,260,3
RunningMeanBuffer,calculation,4194304,10571,32,260,3
RunningMeanSqBuffer,calculation,4194304,5572,32,260,3
RunningMeanBuffer,extend/append,4194304,890884,32,260,4
RunningMeanSqBuffer,extend/append,4194304,204505,32,260,4
RunningMeanBuffer,calculation,4194304,9900,32,260,4
RunningMeanSqBuffer,calculation,4194304,5798,32,260,4
RunningMeanBuffer,extend/append,4194304,583580,32,260,6
RunningMeanSqBuffer,extend/append,4194304,137355,32,260,6
RunningMeanBuffer,calculation,4194304,9859,32,260,6
RunningMeanSqBuffer,calculation,4194304,5942,32,260,6
RunningMeanBuffer,extend/append,4194304,465898,32,260,8
RunningMeanSqBuffer,extend/append,4194304,106987,32,260,8
RunningMeanBuffer,calculation,4194304,10919,32,260,8
RunningMeanSqBuffer,calculation,4194304,5645,32,260,8
RunningMeanBuffer,extend/append,4194304,284752,32,260,12
RunningMeanSqBuffer,extend/append,4194304,65127,32,260,12
RunningMeanBuffer,calculation,4194304,9802,32,260,12
RunningMeanSqBuffer,calculation,4194304,5821,32,260,12
RunningMeanBuffer,extend/append,4194304,251662,32,260,16
RunningMeanSqBuffer,extend/append,4194304,58765,32,260,16
RunningMeanBuffer,calculation,4194304,9754,32,260,16
RunningMeanSqBuffer,calculation,4194304,5851,32,260,16
RunningMeanBuffer,extend/append,4194304,154287,32,260,24
RunningMeanSqBuffer,extend/append,4194304,37107,32,260,24
RunningMeanBuffer,calculation,4194304,9764,32,260,24
RunningMeanSqBuffer,calculation,4194304,5538,32,260,24
RunningMeanBuffer,extend/append,4194304,125258,32,260,32
RunningMeanSqBuffer,extend/append,4194304,29810,32,260,32
RunningMeanBuffer,calculation,4194304,10031,32,260,32
RunningMeanSqBuffer,calculation,4194304,5874,32,260,32
RunningMeanBuffer,extend/append,4194304,62649,32,260,48
RunningMeanSqBuffer,extend/append,4194304,15657,32,260,48
RunningMeanBuffer,calculation,4194304,10771,32,260,48
RunningMeanSqBuffer,calculation,4194304,5571,32,260,48
RunningMeanBuffer,extend/append,4194304,63589,32,260,64
RunningMeanSqBuffer,extend/append,4194304,15161,32,260,64
RunningMeanBuffer,calculation,4194304,10646,32,260,64
RunningMeanSqBuffer,calculation,4194304,5659,32,260,64
RunningMeanBuffer,extend/append,8388608,7317023,32,260,1
RunningMeanSqBuffer,extend/append,8388608,1562517,32,260,1
RunningMeanBuffer,calculation,8388608,13193,32,260,1
RunningMeanSqBuffer,calculation,8388608,7044,32,260,1
RunningMeanBuffer,extend/append,8388608,3625173,32,260,2
RunningMeanSqBuffer,extend/append,8388608,795837,32,260,2
RunningMeanBuffer,calculation,8388608,10337,32,260,2
RunningMeanSqBuffer,calculation,8388608,6842,32,260,2
RunningMeanBuffer,extend/append,8388608,2393642,32,260,3
RunningMeanSqBuffer,extend/append,8388608,532530,32,260,3
RunningMeanBuffer,calculation,8388608,10295,32,260,3
RunningMeanSqBuffer,calculation,8388608,6829,32,260,3
RunningMeanBuffer,extend/append,8388608,1777608,32,260,4
RunningMeanSqBuffer,extend/append,8388608,395213,32,260,4
RunningMeanBuffer,calculation,8388608,10921,32,260,4
RunningMeanSqBuffer,calculation,8388608,6572,32,260,4
RunningMeanBuffer,extend/append,8388608,1182788,32,260,6
RunningMeanSqBuffer,extend/append,8388608,262597,32,260,6
RunningMeanBuffer,calculation,8388608,10418,32,260,6
RunningMeanSqBuffer,calculation,8388608,6701,32,260,6
RunningMeanBuffer,extend/append,8388608,920685,32,260,8
RunningMeanSqBuffer,extend/append,8388608,209423,32,260,8
RunningMeanBuffer,calculation,8388608,12985,32,260,8
RunningMeanSqBuffer,calculation,8388608,6473,32,260,8
RunningMeanBuffer,extend/append,8388608,552241,32,260,12
RunningMeanSqBuffer,extend/append,8388608,125618,32,260,12
RunningMeanBuffer,calculation,8388608,10874,32,260,12
RunningMeanSqBuffer,calculation,8388608,6410,32,260,12
RunningMeanBuffer,extend/append,8388608,492046,32,260,16
RunningMeanSqBuffer,extend/append,8388608,112925,32,260,16
RunningMeanBuffer,calculation,8388608,10233,32,260,16
RunningMeanSqBuffer,calculation,8388608,6304,32,260,16
RunningMeanBuffer,extend/append,8388608,307273,32,260,24
RunningMeanSqBuffer,extend/append,8388608,69264,32,260,24
RunningMeanBuffer,calculation,8388608,10302,32,260,24
RunningMeanSqBuffer,calculation,8388608,6275,32,260,24
RunningMeanBuffer,extend/append,8388608,248106,32,260,32
RunningMeanSqBuffer,extend/append,8388608,56651,32,260,32
RunningMeanBuffer,calculation,8388608,10018,32,260,32
RunningMeanSqBuffer,calculation,8388608,6193,32,260,32
RunningMeanBuffer,extend/append,8388608,123529,32,260,48
RunningMeanSqBuffer,extend/append,8388608,28911,32,260,48
RunningMeanBuffer,calculation,8388608,10124,32,260,48
RunningMeanSqBuffer,calculation,8388608,6339,32,260,48
RunningMeanBuffer,extend/append,8388608,124596,32,260,64
RunningMeanSqBuffer,extend/append,8388608,29171,32,260,64
RunningMeanBuffer,calculation,8388608,10168,32,260,64
RunningMeanSqBuffer,calculation,8388608,6186,32,260,64
RunningMeanBuffer,extend/append,512,6615,64,260,1
RunningMeanSqBuffer,extend/append,512,3083,64,260,1
RunningMeanBuffer,calculation,512,8810,64,260,1
RunningMeanSqBuffer,calculation,512,3518,64,260,1
RunningMeanBuffer,extend/append,512,3673,64,260,2
RunningMeanSqBuffer,extend/append,512,1777,64,260,2
RunningMeanBuffer,calculation,512,8773,64,260,2
RunningMeanSqBuffer,calculation,512,3490,64,260,2
RunningMeanBuffer,extend/append,512,2646,64,260,3
RunningMeanSqBuffer,extend/append,512,1366,64,260,3
RunningMeanBuffer,calculation,512,8718,64,260,3
RunningMeanSqBuffer,calculation,512,3508,64,260,3
RunningMeanBuffer,extend/append,512,2028,64,260,4
RunningMeanSqBuffer,extend/append,512,1125,64,260,4
RunningMeanBuffer,calculation,512,8678,64,260,4
RunningMeanSqBuffer,calculation,512,3457,64,260,4
RunningMeanBuffer,extend/append,512,1492,64,260,6
RunningMeanSqBuffer,extend/append,512,897,64,260,6
RunningMeanBuffer,calculation,512,8748,64,260,6
RunningMeanSqBuffer,calculation,512,3470,64,260,6
RunningMeanBuffer,extend/append,512,1289,64,260,8
RunningMeanSqBuffer,extend/append,512,814,64,260,8
RunningMeanBuffer,calculation,512,8826,64,260,8
RunningMeanSqBuffer,calculation,512,3436,64,260,8
RunningMeanBuffer,extend/append,512,944,64,260,12
RunningMeanSqBuffer,extend/append,512,708,64,260,12
RunningMeanBuffer,calculation,512,8683,64,260,12
RunningMeanSqBuffer,calculation,512,3430,64,260,12
RunningMeanBuffer,extend/append,512,913,64,260,16
RunningMeanSqBuffer,extend/append,512,673,64,260,16
RunningMeanBuffer,calculation,512,8749,64,260,16
RunningMeanSqBuffer,calculation,512,3396,64,260,16
RunningMeanBuffer,extend/append,512,747,64,260,24
RunningMeanSqBuffer,extend/append,512,629,64,260,24
RunningMeanBuffer,calculation,512,8715,64,260,24
RunningMeanSqBuffer,calculation,512,3429,64,260,24
RunningMeanBuffer,extend/append,512,677,64,260,32
RunningMeanSqBuffer,extend/append,512,569,64,260,32
RunningMeanBuffer,calculation,512,8730,64,260,32
RunningMeanSqBuffer,calculation,512,3413,64,260,32
RunningMeanBuffer,extend/append,512,568,64,260,48
RunningMeanSqBuffer,extend/append,512,536,64,260,48
RunningMeanBuffer,calculation,512,8679,64,260,48
RunningMeanSqBuffer,calculation,512,3425,64,260,48
RunningMeanBuffer,extend/append,512,579,64,260,64
RunningMeanSqBuffer,extend/append,512,544,64,260,64
RunningMeanBuffer,calculation,512,12002,64,260,64
RunningMeanSqBuffer,calculation,512,3431,64,260,64
RunningMeanBuffer,extend/append,1024,6917,64,260,1
RunningMeanSqBuffer,extend/append,1024,3068,64,260,1
RunningMeanBuffer,calculation,1024,8781,64,260,1
RunningMeanSqBuffer,calculation,1024,3540,64,260,1
RunningMeanBuffer,extend/append,1024,3737,64,260,2
RunningMeanSqBuffer,extend/append,1024,1818,64,260,2
RunningMeanBuffer,calculation,1024,8756,64,260,2
RunningMeanSqBuffer,calculation,1024,3527,64,260,2
RunningMeanBuffer,extend/append,1024,2691,64,260,3
RunningMeanSqBuffer,extend/append,1024,1373,64,260,3
RunningMeanBuffer,calculation,1024,8809,64,260,3
RunningMeanSqBuffer,calculation,1024,3472,64,260,3
RunningMeanBuffer,extend/append,1024,2121,64,260,4
RunningMeanSqBuffer,extend/append,1024,1453,64,260,4
RunningMeanBuffer,calculation,1024,8723,64,260,4
RunningMeanSqBuffer,calculation,1024,3432,64,260,4
RunningMeanBuffer,extend/append,1024,1520,64,260,6
RunningMeanSqBuffer,extend/append,1024,924,64,260,6
RunningMeanBuffer,calculation,1024,8704,64,260,6
RunningMeanSqBuffer,calculation,1024,3469,64,260,6
RunningMeanBuffer,extend/append,1024,1308,64,260,8
RunningMeanSqBuffer,extend/append,1024,823,64,260,8
RunningMeanBuffer,calculation,1024,8792,64,260,8
RunningMeanSqBuffer,calculation,1024,3462,64,260,8
RunningMeanBuffer,extend/append,1024,962,64,260,12
RunningMeanSqBuffer,extend/append,1024,683,64,260,12
RunningMeanBuffer,calculation,1024,8798,64,260,12
RunningMeanSqBuffer,calculation,1024,3438,64,260,12
RunningMeanBuffer,extend/append,1024,924,64,260,16
RunningMeanSqBuffer,extend/append,1024,679,64,260,16
RunningMeanBuffer,calculation,1024,8747,64,260,16
RunningMeanSqBuffer,calculation,1024,3446,64,260,16
RunningMeanBuffer,extend/append,1024,761,64,260,24
RunningMeanSqBuffer,extend/append,1024,609,64,260,24
RunningMeanBuffer,calculation,1024,8727,64,260,24
RunningMeanSqBuffer,calculation,1024,3448,64,260,24
RunningMeanBuffer,extend/append,1024,701,64,260,32
RunningMeanSqBuffer,extend/append,1024,574,64,260,32
RunningMeanBuffer,calculation,1024,8791,64,260,32
RunningMeanSqBuffer,calculation,1024,3415,64,260,32
RunningMeanBuffer,extend/append,1024,565,64,260,48
RunningMeanSqBuffer,extend/append,1024,542,64,260,48
RunningMeanBuffer,calculation,1024,8683,64,260,48
RunningMeanSqBuffer,calculation,1024,3437,64,260,48
RunningMeanBuffer,extend/append,1024,560,64,260,64
RunningMeanSqBuffer,extend/append,1024,531,64,260,64
RunningMeanBuffer,calculation,1024,8676,64,260,64
RunningMeanSqBuffer,calculation,1024,3470,64,260,64
RunningMeanBuffer,extend/append,2048,7076,64,260,1
RunningMeanSqBuffer,extend/append,2048,3164,64,260,1
RunningMeanBuffer,calculation,2048,8830,64,260,1
RunningMeanSqBuffer,calculation,2048,3540,64,260,1
RunningMeanBuffer,extend/append,2048,3912,64,260,2
RunningMeanSqBuffer,extend/append,2048,1893,64,260,2
RunningMeanBuffer,calculation,2048,8810,64,260,2
RunningMeanSqBuffer,calculation,2048,3461,64,260,2
RunningMeanBuffer,extend/append,2048,2732,64,260,3
RunningMeanSqBuffer,extend/append,2048,1411,64,260,3
RunningMeanBuffer,calculation,2048,8772,64,260,3
RunningMeanSqBuffer,calculation,2048,3524,64,260,3
RunningMeanBuffer,extend/append,2048,2169,64,260,4
RunningMeanSqBuffer,extend/append,2048,1202,64,260,4
RunningMeanBuffer,calculation,2048,8785,64,260,4
RunningMeanSqBuffer,calculation,2048,3546,64,260,4
RunningMeanBuffer,extend/append,2048,1561,64,260,6
RunningMeanSqBuffer,extend/append,2048,936,64,260,6
RunningMeanBuffer,calculation,2048,8725,64,260,6
RunningMeanSqBuffer,calculation,2048,3453,64,260,6
RunningMeanBuffer,extend/append,2048,1342,64,260,8
RunningMeanSqBuffer,extend/append,2048,856,64,260,8
RunningMeanBuffer,calculation,2048,8715,64,260,8
RunningMeanSqBuffer,calculation,2048,3465,64,260,8
RunningMeanBuffer,extend/append,2048,978,64,260,12
RunningMeanSqBuffer,extend/append,2048,696,64,260,12
RunningMeanBuffer,calculation,2048,8698,64,260,12
RunningMeanSqBuffer,calculation,2048,3433,64,260,12
RunningMeanBuffer,extend/append,2048,951,64,260,16
RunningMeanSqBuffer,extend/append,2048,713,64,260,16
RunningMeanBuffer,calculation,2048,8736,64,260,16
RunningMeanSqBuffer,calculation,2048,3439,64,260,16
RunningMeanBuffer,extend/append,2048,762,64,260,24
RunningMeanSqBuffer,extend/append,2048,612,64,260,24
RunningMeanBuffer,calculation,2048,8900,64,260,24
RunningMeanSqBuffer,calculation,2048,3446,64,260,24
RunningMeanBuffer,extend/append,2048,697,64,260,32
RunningMeanSqBuffer,extend/append,2048,590,64,260,32
RunningMeanBuffer,calculation,2048,8727,64,260,32
RunningMeanSqBuffer,calculation,2048,3471,64,260,32
RunningMeanBuffer,extend/append,2048,575,64,260,48
RunningMeanSqBuffer,extend/append,2048,543,64,260,48
RunningMeanBuffer,calculation,2048,8741,64,260,48
RunningMeanSqBuffer,calculation,2048,3439,64,260,48
RunningMeanBuffer,extend/append,2048,565,64,260,64
RunningMeanSqBuffer,extend/append,2048,523,64,260,64
RunningMeanBuffer,calculation,2048,8710,64,260,64
RunningMeanSqBuffer,calculation,2048,3457,64,260,64
RunningMeanBuffer,extend/append,4096,7605,64,260,1
RunningMeanSqBuffer,extend/append,4096,3505,64,260,1
RunningMeanBuffer,calculation,4096,8826,64,260,1
RunningMeanSqBuffer,calculation,4096,3517,64,260,1
RunningMeanBuffer,extend/append,4096,4153,64,260,2
RunningMeanSqBuffer,extend/append,4096,2121,64,260,2
RunningMeanBuffer,calculation,4096,8795,64,260,2
RunningMeanSqBuffer,calculation,4096,3497,64,260,2
RunningMeanBuffer,extend/append,4096,2983,64,260,3
RunningMeanSqBuffer,extend/append,4096,1544,64,260,3
RunningMeanBuffer,calculation,4096,8819,64,260,3
RunningMeanSqBuffer,calculation,4096,3507,64,260,3
RunningMeanBuffer,extend/append,4096,2305,64,260,4
RunningMeanSqBuffer,extend/append,4096,1275,64,260,4
RunningMeanBuffer,calculation,4096,8762,64,260,4
RunningMeanSqBuffer,calculation,4096,3516,64,260,4
RunningMeanBuffer,extend/append,4096,1648,64,260,6
RunningMeanSqBuffer,extend/append,4096,1003,64,260,6
RunningMeanBuffer,calculation,4096,8784,64,260,6
RunningMeanSqBuffer,calculation,4096,3434,64,260,6
RunningMeanBuffer,extend/append,4096,1402,64,260,8
RunningMeanSqBuffer,extend/append,4096,888,64,260,8
RunningMeanBuffer,calculation,4096,8823,64,260,8
RunningMeanSqBuffer,calculation,4096,3463,64,260,8
RunningMeanBuffer,extend/append,4096,1038,64,260,12
RunningMeanSqBuffer,extend/append,4096,725,64,260,12
RunningMeanBuffer,calculation,4096,8774,64,260,12
RunningMeanSqBuffer,calculation,4096,3448,64,260,12
RunningMeanBuffer,extend/append,4096,1003,64,260,16
RunningMeanSqBuffer,extend/append,4096,697,64,260,16
RunningMeanBuffer,calculation,4096,8735,64,260,16
RunningMeanSqBuffer,calculation,4096,3424,64,260,16
RunningMeanBuffer,extend/append,4096,819,64,260,24
RunningMeanSqBuffer,extend/append,4096,642,64,260,24
RunningMeanBuffer,calculation,4096,8763,64,260,24
RunningMeanSqBuffer,calculation,4096,3418,64,260,24
RunningMeanBuffer,extend/append,4096,716,64,260,32
RunningMeanSqBuffer,extend/append,4096,615,64,260,32
RunningMeanBuffer,calculation,4096,8701,64,260,32
RunningMeanSqBuffer,calculation,4096,3455,64,260,32
RunningMeanBuffer,extend/append,4096,579,64,260,48
RunningMeanSqBuffer,extend/append,4096,538,64,260,48
RunningMeanBuffer,calculation,4096,8750,64,260,48
RunningMeanSqBuffer,calculation,4096,3453,64,260,48
RunningMeanBuffer,extend/append,4096,567,64,260,64
RunningMeanSqBuffer,extend/append,4096,539,64,260,64
RunningMeanBuffer,calculation,4096,8700,64,260,64
RunningMeanSqBuffer,calculation,4096,3426,64,260,64
RunningMeanBuffer,extend/append,8192,9858,64,260,1
RunningMeanSqBuffer,extend/append,8192,4279,64,260,1
RunningMeanBuffer,calculation,8192,8856,64,260,1
RunningMeanSqBuffer,calculation,8192,3536,64,260,1
RunningMeanBuffer,extend/append,8192,4629,64,260,2
RunningMeanSqBuffer,extend/append,8192,2315,64,260,2
RunningMeanBuffer,calculation,8192,8819,64,260,2
RunningMeanSqBuffer,calculation,8192,3538,64,260,2
RunningMeanBuffer,extend/append,8192,3235,64,260,3
RunningMeanSqBuffer,extend/append,8192,1745,64,260,3
RunningMeanBuffer,calculation,8192,8840,64,260,3
RunningMeanSqBuffer,calculation,8192,3531,64,260,3
RunningMeanBuffer,extend/append,8192,2577,64,260,4
RunningMeanSqBuffer,extend/append,8192,1388,64,260,4
RunningMeanBuffer,calculation,8192,8852,64,260,4
RunningMeanSqBuffer,calculation,8192,3495,64,260,4
RunningMeanBuffer,extend/append,8192,1831,64,260,6
RunningMeanSqBuffer,extend/append,8192,1082,64,260,6
RunningMeanBuffer,calculation,8192,8823,64,260,6
RunningMeanSqBuffer,calculation,8192,3491,64,260,6
RunningMeanBuffer,extend/append,8192,1545,64,260,8
RunningMeanSqBuffer,extend/append,8192,971,64,260,8
RunningMeanBuffer,calculation,8192,8779,64,260,8
RunningMeanSqBuffer,calculation,8192,3517,64,260,8
RunningMeanBuffer,extend/append,8192,1114,64,260,12
RunningMeanSqBuffer,extend/append,8192,772,64,260,12
RunningMeanBuffer,calculation,8192,8782,64,260,12
RunningMeanSqBuffer,calculation,8192,3443,64,260,12
RunningMeanBuffer,extend/append,8192,1062,64,260,16
RunningMeanSqBuffer,extend/append,8192,783,64,260,16
RunningMeanBuffer,calculation,8192,8777,64,260,16
RunningMeanSqBuffer,calculation,8192,3472,64,260,16
RunningMeanBuffer,extend/append,8192,832,64,260,24
RunningMeanSqBuffer,extend/append,8192,651,64,260,24
RunningMeanBuffer,calculation,8192,8729,64,260,24
RunningMeanSqBuffer,calculation,8192,3451,64,260,24
RunningMeanBuffer,extend/append,8192,754,64,260,32
RunningMeanSqBuffer,extend/append,8192,636,64,260,32
RunningMeanBuffer,calculation,8192,8764,64,260,32
RunningMeanSqBuffer,calculation,8192,3499,64,260,32
RunningMeanBuffer,extend/append,8192,613,64,260,48
RunningMeanSqBuffer,extend/append,8192,566,64,260,48
RunningMeanBuffer,calculation,8192,8690,64,260,48
RunningMeanSqBuffer,calculation,8192,3443,64,260,48
RunningMeanBuffer,extend/append,8192,615,64,260,64
RunningMeanSqBuffer,extend/append,8192,547,64,260,64
RunningMeanBuffer,calculation,8192,8775,64,260,64
RunningMeanSqBuffer,calculation,8192,3434,64,260,64
RunningMeanBuffer,extend/append,16384,10571,64,260,1
RunningMeanSqBuffer,extend/append,16384,67541,64,260,1
RunningMeanBuffer,calculation,16384,8931,64,260,1
RunningMeanSqBuffer,calculation,16384,4301,64,260,1
RunningMeanBuffer,extend/append,16384,5620,64,260,2
RunningMeanSqBuffer,extend/append,16384,35789,64,260,2
RunningMeanBuffer,calculation,16384,8961,64,260,2
RunningMeanSqBuffer,calculation,16384,4343,64,260,2
RunningMeanBuffer,extend/append,16384,3956,64,260,3
RunningMeanSqBuffer,extend/append,16384,23175,64,260,3
RunningMeanBuffer,calculation,16384,8989,64,260,3
RunningMeanSqBuffer,calculation,16384,4365,64,260,3
RunningMeanBuffer,extend/append,16384,3002,64,260,4
RunningMeanSqBuffer,extend/append,16384,18971,64,260,4
RunningMeanBuffer,calculation,16384,8896,64,260,4
RunningMeanSqBuffer,calculation,16384,4652,64,260,4
RunningMeanBuffer,extend/append,16384,2166,64,260,6
RunningMeanSqBuffer,extend/append,16384,15595,64,260,6
RunningMeanBuffer,calculation,16384,8902,64,260,6
RunningMeanSqBuffer,calculation,16384,4401,64,260,6
RunningMeanBuffer,extend/append,16384,1815,64,260,8
RunningMeanSqBuffer,extend/append,16384,11942,64,260,8
RunningMeanBuffer,calculation,16384,8914,64,260,8
RunningMeanSqBuffer,calculation,16384,4553,64,260,8
RunningMeanBuffer,extend/append,16384,1268,64,260,12
RunningMeanSqBuffer,extend/append,16384,5869,64,260,12
RunningMeanBuffer,calculation,16384,8888,64,260,12
RunningMeanSqBuffer,calculation,16384,4311,64,260,12
RunningMeanBuffer,extend/append,16384,1212,64,260,16
RunningMeanSqBuffer,extend/append,16384,6620,64,260,16
RunningMeanBuffer,calculation,16384,8939,64,260,16
RunningMeanSqBuffer,calculation,16384,4317,64,260,16
RunningMeanBuffer,extend/append,16384,942,64,260,24
RunningMeanSqBuffer,extend/append,16384,6951,64,260,24
RunningMeanBuffer,calculation,16384,8874,64,260,24
RunningMeanSqBuffer,calculation,16384,4316,64,260,24
RunningMeanBuffer,extend/append,16384,846,64,260,32
RunningMeanSqBuffer,extend/append,16384,5305,64,260,32
RunningMeanBuffer,calculation,16384,8832,64,260,32
RunningMeanSqBuffer,calculation,16384,4539,64,260,32
RunningMeanBuffer,extend/append,16384,693,64,260,48
RunningMeanSqBuffer,extend/append,16384,1772,64,260,48
RunningMeanBuffer,calculation,16384,8894,64,260,48
RunningMeanSqBuffer,calculation,16384,4254,64,260,48
RunningMeanBuffer,extend/append,16384,653,64,260,64
RunningMeanSqBuffer,extend/append,16384,2451,64,260,64
RunningMeanBuffer,calculation,16384,8920,64,260,64
RunningMeanSqBuffer,calculation,16384,4229,64,260,64
RunningMeanBuffer,extend/append,32768,14842,64,260,1
RunningMeanSqBuffer,extend/append,32768,68143,64,260,1
RunningMeanBuffer,calculation,32768,9153,64,260,1
RunningMeanSqBuffer,calculation,32768,5349,64,260,1
RunningMeanBuffer,extend/append,32768,7669,64,260,2
RunningMeanSqBuffer,extend/append,32768,34273,64,260,2
RunningMeanBuffer,calculation,32768,8973,64,260,2
RunningMeanSqBuffer,calculation,32768,4401,64,260,2
RunningMeanBuffer,extend/append,32768,5308,64,260,3
RunningMeanSqBuffer,extend/append,32768,22441,64,260,3
RunningMeanBuffer,calculation,32768,8982,64,260,3
RunningMeanSqBuffer,calculation,32768,4445,64,260,3
RunningMeanBuffer,extend/append,32768,4063,64,260,4
RunningMeanSqBuffer,extend/append,32768,18496,64,260,4
RunningMeanBuffer,calculation,32768,8985,64,260,4
RunningMeanSqBuffer,calculation,32768,4448,64,260,4
RunningMeanBuffer,extend/append,32768,2816,64,260,6
RunningMeanSqBuffer,extend/append,32768,13645,64,260,6
RunningMeanBuffer,calculation,32768,8860,64,260,6
RunningMeanSqBuffer,calculation,32768,4478,64,260,6
RunningMeanBuffer,extend/append,32768,2361,64,260,8
RunningMeanSqBuffer,extend/append,32768,12232,64,260,8
RunningMeanBuffer,calculation,32768,8895,64,260,8
RunningMeanSqBuffer,calculation,32768,4617,64,260,8
RunningMeanBuffer,extend/append,32768,1589,64,260,12
RunningMeanSqBuffer,extend/append,32768,7215,64,260,12
RunningMeanBuffer,calculation,32768,8952,64,260,12
RunningMeanSqBuffer,calculation,32768,4235,64,260,12
RunningMeanBuffer,extend/append,32768,1505,64,260,16
RunningMeanSqBuffer,extend/append,32768,11776,64,260,16
RunningMeanBuffer,calculation,32768,8935,64,260,16
RunningMeanSqBuffer,calculation,32768,4184,64,260,16
RunningMeanBuffer,extend/append,32768,1116,64,260,24
RunningMeanSqBuffer,extend/append,32768,7579,64,260,24
RunningMeanBuffer,calculation,32768,8906,64,260,24
RunningMeanSqBuffer,calculation,32768,4530,64,260,24
RunningMeanBuffer,extend/append,32768,1016,64,260,32
RunningMeanSqBuffer,extend/append,32768,7971,64,260,32
RunningMeanBuffer,calculation,32768,8835,64,260,32
RunningMeanSqBuffer,calculation,32768,4036,64,260,32
RunningMeanBuffer,extend/append,32768,759,64,260,48
RunningMeanSqBuffer,extend/append,32768,2013,64,260,48
RunningMeanBuffer,calculation,32768,8919,64,260,48
RunningMeanSqBuffer,calculation,32768,4198,64,260,48
RunningMeanBuffer,extend/append,32768,737,64,260,64
RunningMeanSqBuffer,extend/append,32768,1887,64,260,64
RunningMeanBuffer,calculation,32768,8883,64,260,64
RunningMeanSqBuffer,calculation,32768,4922,64,260,64
RunningMeanBuffer,extend/append,65536,22956,64,260,1
RunningMeanSqBuffer,extend/append,65536,67051,64,260,1
RunningMeanBuffer,calculation,65536,9049,64,260,1
RunningMeanSqBuffer,calculation,65536,4298,64,260,1
RunningMeanBuffer,extend/append,65536,11855,64,260,2
RunningMeanSqBuffer,extend/append,65536,34975,64,260,2
RunningMeanBuffer,calculation,65536,8985,64,260,2
RunningMeanSqBuffer,calculation,65536,4360,64,260,2
RunningMeanBuffer,extend/append,65536,8074,64,260,3
RunningMeanSqBuffer,extend/append,65536,24299,64,260,3
RunningMeanBuffer,calculation,65536,9014,64,260,3
RunningMeanSqBuffer,calculation,65536,4330,64,260,3
RunningMeanBuffer,extend/append,65536,6116,64,260,4
RunningMeanSqBuffer,extend/append,65536,18777,64,260,4
RunningMeanBuffer,calculation,65536,8995,64,260,4
RunningMeanSqBuffer,calculation,65536,5230,64,260,4
RunningMeanBuffer,extend/append,65536,4193,64,260,6
RunningMeanSqBuffer,extend/append,65536,12105,64,260,6
RunningMeanBuffer,calculation,65536,8993,64,260,6
RunningMeanSqBuffer,calculation,65536,4160,64,260,6
RunningMeanBuffer,extend/append,65536,3495,64,260,8
RunningMeanSqBuffer,extend/append,65536,14786,64,260,8
RunningMeanBuffer,calculation,65536,8978,64,260,8
RunningMeanSqBuffer,calculation,65536,4357,64,260,8
RunningMeanBuffer,extend/append,65536,2275,64,260,12
RunningMeanSqBuffer,extend/append,65536,11183,64,260,12
RunningMeanBuffer,calculation,65536,8957,64,260,12
RunningMeanSqBuffer,calculation,65536,4270,64,260,12
RunningMeanBuffer,extend/append,65536,2070,64,260,16
RunningMeanSqBuffer,extend/append,65536,6896,64,260,16
RunningMeanBuffer,calculation,65536,8918,64,260,16
RunningMeanSqBuffer,calculation,65536,4226,64,260,16
RunningMeanBuffer,extend/append,65536,1568,64,260,24
RunningMeanSqBuffer,extend/append,65536,9604,64,260,24
RunningMeanBuffer,calculation,65536,8940,64,260,24
RunningMeanSqBuffer,calculation,65536,4120,64,260,24
RunningMeanBuffer,extend/append,65536,1310,64,260,32
RunningMeanSqBuffer,extend/append,65536,4851,64,260,32
RunningMeanBuffer,calculation,65536,8914,64,260,32
RunningMeanSqBuffer,calculation,65536,4225,64,260,32
RunningMeanBuffer,extend/append,65536,898,64,260,48
RunningMeanSqBuffer,extend/append,65536,2120,64,260,48
RunningMeanBuffer,calculation,65536,8894,64,260,48
RunningMeanSqBuffer,calculation,65536,4091,64,260,48
RunningMeanBuffer,extend/append,65536,907,64,260,64
RunningMeanSqBuffer,extend/append,65536,2616,64,260,64
RunningMeanBuffer,calculation,65536,9024,64,260,64
RunningMeanSqBuffer,calculation,65536,4129,64,260,64
RunningMeanBuffer,extend/append,131072,41209,64,260,1
RunningMeanSqBuffer,extend/append,131072,65857,64,260,1
RunningMeanBuffer,calculation,131072,9129,64,260,1
RunningMeanSqBuffer,calculation,131072,4293,64,260,1
RunningMeanBuffer,extend/append,131072,20930,64,260,2
RunningMeanSqBuffer,extend/append,131072,35228,64,260,2
RunningMeanBuffer,calculation,131072,9037,64,260,2
RunningMeanSqBuffer,calculation,131072,5175,64,260,2
RunningMeanBuffer,extend/append,131072,14044,64,260,3
RunningMeanSqBuffer,extend/append,131072,24022,64,260,3
RunningMeanBuffer,calculation,131072,9108,64,260,3
RunningMeanSqBuffer,calculation,131072,4273,64,260,3
RunningMeanBuffer,extend/append,131072,10563,64,260,4
RunningMeanSqBuffer,extend/append,131072,18820,64,260,4
RunningMeanBuffer,calculation,131072,9010,64,260,4
RunningMeanSqBuffer,calculation,131072,4356,64,260,4
RunningMeanBuffer,extend/append,131072,7156,64,260,6
RunningMeanSqBuffer,extend/append,131072,13964,64,260,6
RunningMeanBuffer,calculation,131072,8983,64,260,6
RunningMeanSqBuffer,calculation,131072,4281,64,260,6
RunningMeanBuffer,extend/append,131072,5704,64,260,8
RunningMeanSqBuffer,extend/append,131072,11872,64,260,8
RunningMeanBuffer,calculation,131072,9004,64,260,8
RunningMeanSqBuffer,calculation,131072,4133,64,260,8
RunningMeanBuffer,extend/append,131072,3605,64,260,12
RunningMeanSqBuffer,extend/append,131072,17551,64,260,12
RunningMeanBuffer,calculation,131072,8904,64,260,12
RunningMeanSqBuffer,calculation,131072,4762,64,260,12
RunningMeanBuffer,extend/append,131072,3366,64,260,16
RunningMeanSqBuffer,extend/append,131072,6074,64,260,16
RunningMeanBuffer,calculation,131072,9127,64,260,16
RunningMeanSqBuffer,calculation,131072,4430,64,260,16
RunningMeanBuffer,extend/append,131072,2257,64,260,24
RunningMeanSqBuffer,extend/append,131072,9990,64,260,24
RunningMeanBuffer,calculation,131072,8936,64,260,24
RunningMeanSqBuffer,calculation,131072,4391,64,260,24
RunningMeanBuffer,extend/append,131072,1902,64,260,32
RunningMeanSqBuffer,extend/append,131072,4592,64,260,32
RunningMeanBuffer,calculation,131072,8944,64,260,32
RunningMeanSqBuffer,calculation,131072,4138,64,260,32
RunningMeanBuffer,extend/append,131072,1315,64,260,48
RunningMeanSqBuffer,extend/append,131072,2920,64,260,48
RunningMeanBuffer,calculation,131072,8924,64,260,48
RunningMeanSqBuffer,calculation,131072,4110,64,260,48
RunningMeanBuffer,extend/append,131072,1258,64,260,64
RunningMeanSqBuffer,extend/append,131072,4538,64,260,64
RunningMeanBuffer,calculation,131072,8937,64,260,64
RunningMeanSqBuffer,calculation,131072,4540,64,260,64
RunningMeanBuffer,extend/append,262144,230122,64,260,1
RunningMeanSqBuffer,extend/append,262144,77651,64,260,1
RunningMeanBuffer,calculation,262144,9285,64,260,1
RunningMeanSqBuffer,calculation,262144,4826,64,260,1
RunningMeanBuffer,extend/append,262144,118414,64,260,2
RunningMeanSqBuffer,extend/append,262144,39883,64,260,2
RunningMeanBuffer,calculation,262144,9158,64,260,2
RunningMeanSqBuffer,calculation,262144,4739,64,260,2
RunningMeanBuffer,extend/append,262144,77350,64,260,3
RunningMeanSqBuffer,extend/append,262144,28551,64,260,3
RunningMeanBuffer,calculation,262144,9141,64,260,3
RunningMeanSqBuffer,calculation,262144,4556,64,260,3
RunningMeanBuffer,extend/append,262144,57549,64,260,4
RunningMeanSqBuffer,extend/append,262144,21804,64,260,4
RunningMeanBuffer,calculation,262144,9136,64,260,4
RunningMeanSqBuffer,calculation,262144,4884,64,260,4
RunningMeanBuffer,extend/append,262144,37971,64,260,6
RunningMeanSqBuffer,extend/append,262144,15785,64,260,6
RunningMeanBuffer,calculation,262144,8999,64,260,6
RunningMeanSqBuffer,calculation,262144,4788,64,260,6
RunningMeanBuffer,extend/append,262144,30451,64,260,8
RunningMeanSqBuffer,extend/append,262144,10740,64,260,8
RunningMeanBuffer,calculation,262144,8995,64,260,8
RunningMeanSqBuffer,calculation,262144,4806,64,260,8
RunningMeanBuffer,extend/append,262144,18354,64,260,12
RunningMeanSqBuffer,extend/append,262144,9068,64,260,12
RunningMeanBuffer,calculation,262144,9051,64,260,12
RunningMeanSqBuffer,calculation,262144,4518,64,260,12
RunningMeanBuffer,extend/append,262144,16354,64,260,16
RunningMeanSqBuffer,extend/append,262144,10274,64,260,16
RunningMeanBuffer,calculation,262144,9166,64,260,16
RunningMeanSqBuffer,calculation,262144,4585,64,260,16
RunningMeanBuffer,extend/append,262144,10659,64,260,24
RunningMeanSqBuffer,extend/append,262144,7872,64,260,24
RunningMeanBuffer,calculation,262144,9084,64,260,24
RunningMeanSqBuffer,calculation,262144,4664,64,260,24
RunningMeanBuffer,extend/append,262144,8616,64,260,32
RunningMeanSqBuffer,extend/append,262144,9010,64,260,32
RunningMeanBuffer,calculation,262144,9022,64,260,32
RunningMeanSqBuffer,calculation,262144,4846,64,260,32
RunningMeanBuffer,extend/append,262144,4586,64,260,48
RunningMeanSqBuffer,extend/append,262144,2397,64,260,48
RunningMeanBuffer,calculation,262144,9013,64,260,48
RunningMeanSqBuffer,calculation,262144,4664,64,260,48
RunningMeanBuffer,extend/append,262144,4557,64,260,64
RunningMeanSqBuffer,extend/append,262144,2333,64,260,64
RunningMeanBuffer,calculation,262144,9060,64,260,64
RunningMeanSqBuffer,calculation,262144,4538,64,260,64
RunningMeanBuffer,extend/append,524288,454666,64,260,1
RunningMeanSqBuffer,extend/append,524288,110469,64,260,1
RunningMeanBuffer,calculation,524288,9147,64,260,1
RunningMeanSqBuffer,calculation,524288,5674,64,260,1
RunningMeanBuffer,extend/append,524288,230357,64,260,2
RunningMeanSqBuffer,extend/append,524288,57784,64,260,2
RunningMeanBuffer,calculation,524288,9468,64,260,2
RunningMeanSqBuffer,calculation,524288,5134,64,260,2
RunningMeanBuffer,extend/append,524288,151766,64,260,3
RunningMeanSqBuffer,extend/append,524288,38797,64,260,3
RunningMeanBuffer,calculation,524288,9514,64,260,3
RunningMeanSqBuffer,calculation,524288,5335,64,260,3
RunningMeanBuffer,extend/append,524288,113523,64,260,4
RunningMeanSqBuffer,extend/append,524288,31610,64,260,4
RunningMeanBuffer,calculation,524288,9398,64,260,4
RunningMeanSqBuffer,calculation,524288,5237,64,260,4
RunningMeanBuffer,extend/append,524288,74537,64,260,6
RunningMeanSqBuffer,extend/append,524288,27467,64,260,6
RunningMeanBuffer,calculation,524288,9062,64,260,6
RunningMeanSqBuffer,calculation,524288,5169,64,260,6
RunningMeanBuffer,extend/append,524288,59613,64,260,8
RunningMeanSqBuffer,extend/append,524288,40071,64,260,8
RunningMeanBuffer,calculation,524288,9347,64,260,8
RunningMeanSqBuffer,calculation,524288,5111,64,260,8
RunningMeanBuffer,extend/append,524288,35765,64,260,12
RunningMeanSqBuffer,extend/append,524288,15974,64,260,12
RunningMeanBuffer,calculation,524288,9399,64,260,12
RunningMeanSqBuffer,calculation,524288,4837,64,260,12
RunningMeanBuffer,extend/append,524288,32046,64,260,16
RunningMeanSqBuffer,extend/append,524288,21149,64,260,16
RunningMeanBuffer,calculation,524288,9349,64,260,16
RunningMeanSqBuffer,calculation,524288,5044,64,260,16
RunningMeanBuffer,extend/append,524288,20161,64,260,24
RunningMeanSqBuffer,extend/append,524288,12103,64,260,24
RunningMeanBuffer,calculation,524288,9086,64,260,24
RunningMeanSqBuffer,calculation,524288,5045,64,260,24
RunningMeanBuffer,extend/append,524288,16394,64,260,32
RunningMeanSqBuffer,extend/append,524288,8583,64,260,32
RunningMeanBuffer,calculation,524288,9088,64,260,32
RunningMeanSqBuffer,calculation,524288,5220,64,260,32
RunningMeanBuffer,extend/append,524288,8398,64,260,48
RunningMeanSqBuffer,extend/append,524288,4493,64,260,48
RunningMeanBuffer,calculation,524288,9107,64,260,48
RunningMeanSqBuffer,calculation,524288,5032,64,260,48
RunningMeanBuffer,extend/append,524288,8317,64,260,64
RunningMeanSqBuffer,extend/append,524288,3944,64,260,64
RunningMeanBuffer,calculation,524288,9151,64,260,64
RunningMeanSqBuffer,calculation,524288,5113,64,260,64
RunningMeanBuffer,extend/append,1048576,917977,64,260,1
RunningMeanSqBuffer,extend/append,1048576,205011,64,260,1
RunningMeanBuffer,calculation,1048576,9626,64,260,1
RunningMeanSqBuffer,calculation,1048576,5061,64,260,1
RunningMeanBuffer,extend/append,1048576,454272,64,260,2
RunningMeanSqBuffer,extend/append,1048576,106241,64,260,2
RunningMeanBuffer,calculation,1048576,9376,64,260,2
RunningMeanSqBuffer,calculation,1048576,4779,64,260,2
RunningMeanBuffer,extend/append,1048576,299679,64,260,3
RunningMeanSqBuffer,extend/append,1048576,70967,64,260,3
RunningMeanBuffer,calculation,1048576,9270,64,260,3
RunningMeanSqBuffer,calculation,1048576,4617,64,260,3
RunningMeanBuffer,extend/append,1048576,228317,64,260,4
RunningMeanSqBuffer,extend/append,1048576,76391,64,260,4
RunningMeanBuffer,calculation,1048576,9412,64,260,4
RunningMeanSqBuffer,calculation,1048576,4767,64,260,4
RunningMeanBuffer,extend/append,1048576,146882,64,260,6
RunningMeanSqBuffer,extend/append,1048576,46577,64,260,6
RunningMeanBuffer,calculation,1048576,9450,64,260,6
RunningMeanSqBuffer,calculation,1048576,4771,64,260,6
RunningMeanBuffer,extend/append,1048576,115859,64,260,8
RunningMeanSqBuffer,extend/append,1048576,32723,64,260,8
RunningMeanBuffer,calculation,1048576,9321,64,260,8
RunningMeanSqBuffer,calculation,1048576,4696,64,260,8
RunningMeanBuffer,extend/append,1048576,70281,64,260,12
RunningMeanSqBuffer,extend/append,1048576,19776,64,260,12
RunningMeanBuffer,calculation,1048576,9412,64,260,12
RunningMeanSqBuffer,calculation,1048576,4406,64,260,12
RunningMeanBuffer,extend/append,1048576,62591,64,260,16
RunningMeanSqBuffer,extend/append,1048576,20525,64,260,16
RunningMeanBuffer,calculation,1048576,9430,64,260,16
RunningMeanSqBuffer,calculation,1048576,4875,64,260,16
RunningMeanBuffer,extend/append,1048576,39185,64,260,24
RunningMeanSqBuffer,extend/append,1048576,15874,64,260,24
RunningMeanBuffer,calculation,1048576,9315,64,260,24
RunningMeanSqBuffer,calculation,1048576,4792,64,260,24
RunningMeanBuffer,extend/append,1048576,31666,64,260,32
RunningMeanSqBuffer,extend/append,1048576,9668,64,260,32
RunningMeanBuffer,calculation,1048576,9259,64,260,32
RunningMeanSqBuffer,calculation,1048576,4511,64,260,32
RunningMeanBuffer,extend/append,1048576,16034,64,260,48
RunningMeanSqBuffer,extend/append,1048576,5770,64,260,48
RunningMeanBuffer,calculation,1048576,9400,64,260,48
RunningMeanSqBuffer,calculation,1048576,4246,64,260,48
RunningMeanBuffer,extend/append,1048576,16171,64,260,64
RunningMeanSqBuffer,extend/append,1048576,5144,64,260,64
RunningMeanBuffer,calculation,1048576,9453,64,260,64
RunningMeanSqBuffer,calculation,1048576,4478,64,260,64
RunningMeanBuffer,extend/append,2097152,1798885,64,260,1
RunningMeanSqBuffer,extend/append,2097152,397077,64,260,1
RunningMeanBuffer,calculation,2097152,9720,64,260,1
RunningMeanSqBuffer,calculation,2097152,6152,64,260,1
RunningMeanBuffer,extend/append,2097152,910683,64,260,2
RunningMeanSqBuffer,extend/append,2097152,208957,64,260,2
RunningMeanBuffer,calculation,2097152,9803,64,260,2
RunningMeanSqBuffer,calculation,2097152,5807,64,260,2
RunningMeanBuffer,extend/append,2097152,600638,64,260,3
RunningMeanSqBuffer,extend/append,2097152,146198,64,260,3
RunningMeanBuffer,calculation,2097152,9778,64,260,3
RunningMeanSqBuffer,calculation,2097152,5712,64,260,3
RunningMeanBuffer,extend/append,2097152,450855,64,260,4
RunningMeanSqBuffer,extend/append,2097152,116903,64,260,4
RunningMeanBuffer,calculation,2097152,9740,64,260,4
RunningMeanSqBuffer,calculation,2097152,5686,64,260,4
RunningMeanBuffer,extend/append,2097152,294149,64,260,6
RunningMeanSqBuffer,extend/append,2097152,74654,64,260,6
RunningMeanBuffer,calculation,2097152,9585,64,260,6
RunningMeanSqBuffer,calculation,2097152,5725,64,260,6
RunningMeanBuffer,extend/append,2097152,232717,64,260,8
RunningMeanSqBuffer,extend/append,2097152,64059,64,260,8
RunningMeanBuffer,calculation,2097152,9730,64,260,8
RunningMeanSqBuffer,calculation,2097152,5661,64,260,8
RunningMeanBuffer,extend/append,2097152,141632,64,260,12
RunningMeanSqBuffer,extend/append,2097152,39264,64,260,12
RunningMeanBuffer,calculation,2097152,9673,64,260,12
RunningMeanSqBuffer,calculation,2097152,5762,64,260,12
RunningMeanBuffer,extend/append,2097152,124541,64,260,16
RunningMeanSqBuffer,extend/append,2097152,31669,64,260,16
RunningMeanBuffer,calculation,2097152,9617,64,260,16
RunningMeanSqBuffer,calculation,2097152,5644,64,260,16
RunningMeanBuffer,extend/append,2097152,78717,64,260,24
RunningMeanSqBuffer,extend/append,2097152,20994,64,260,24
RunningMeanBuffer,calculation,2097152,9516,64,260,24
RunningMeanSqBuffer,calculation,2097152,5598,64,260,24
RunningMeanBuffer,extend/append,2097152,62389,64,260,32
RunningMeanSqBuffer,extend/append,2097152,16494,64,260,32
RunningMeanBuffer,calculation,2097152,9734,64,260,32
RunningMeanSqBuffer,calculation,2097152,5567,64,260,32
RunningMeanBuffer,extend/append,2097152,32075,64,260,48
RunningMeanSqBuffer,extend/append,2097152,9474,64,260,48
RunningMeanBuffer,calculation,2097152,9523,64,260,48
RunningMeanSqBuffer,calculation,2097152,5651,64,260,48
RunningMeanBuffer,extend/append,2097152,31879,64,260,64
RunningMeanSqBuffer,extend/append,2097152,9029,64,260,64
RunningMeanBuffer,calculation,2097152,9652,64,260,64
RunningMeanSqBuffer,calculation,2097152,5720,64,260,64
RunningMeanBuffer,extend/append,4194304,3613357,64,260,1
RunningMeanSqBuffer,extend/append,4194304,790670,64,260,1
RunningMeanBuffer,calculation,4194304,10307,64,260,1
RunningMeanSqBuffer,calculation,4194304,6189,64,260,1
RunningMeanBuffer,extend/append,4194304,1818276,64,260,2
RunningMeanSqBuffer,extend/append,4194304,404133,64,260,2
RunningMeanBuffer,calculation,4194304,10801,64,260,2
RunningMeanSqBuffer,calculation,4194304,6035,64,260,2
RunningMeanBuffer,extend/append,4194304,1205048,64,260,3
RunningMeanSqBuffer,extend/append,4194304,268747,64,260,3
RunningMeanBuffer,calculation,4194304,11092,64,260,3
RunningMeanSqBuffer,calculation,4194304,5858,64,260,3
RunningMeanBuffer,extend/append,4194304,894424,64,260,4
RunningMeanSqBuffer,extend/append,4194304,199388,64,260,4
RunningMeanBuffer,calculation,4194304,10987,64,260,4
RunningMeanSqBuffer,calculation,4194304,5988,64,260,4
RunningMeanBuffer,extend/append,4194304,585784,64,260,6
RunningMeanSqBuffer,extend/append,4194304,137085,64,260,6
RunningMeanBuffer,calculation,4194304,10227,64,260,6
RunningMeanSqBuffer,calculation,4194304,5876,64,260,6
RunningMeanBuffer,extend/append,4194304,470335,64,260,8
RunningMeanSqBuffer,extend/append,4194304,107296,64,260,8
RunningMeanBuffer,calculation,4194304,10252,64,260,8
RunningMeanSqBuffer,calculation,4194304,5578,64,260,8
RunningMeanBuffer,extend/append,4194304,279850,64,260,12
RunningMeanSqBuffer,extend/append,4194304,64076,64,260,12
RunningMeanBuffer,calculation,4194304,10846,64,260,12
RunningMeanSqBuffer,calculation,4194304,5757,64,260,12
RunningMeanBuffer,extend/append,4194304,248063,64,260,16
RunningMeanSqBuffer,extend/append,4194304,58328,64,260,16
RunningMeanBuffer,calculation,4194304,9891,64,260,16
RunningMeanSqBuffer,calculation,4194304,5665,64,260,16
RunningMeanBuffer,extend/append,4194304,157168,64,260,24
RunningMeanSqBuffer,extend/append,4194304,36791,64,260,24
RunningMeanBuffer,calculation,4194304,9915,64,260,24
RunningMeanSqBuffer,calculation,4194304,5638,64,260,24
RunningMeanBuffer,extend/append,4194304,124244,64,260,32
RunningMeanSqBuffer,extend/append,4194304,29573,64,260,32
RunningMeanBuffer,calculation,4194304,10784,64,260,32
RunningMeanSqBuffer,calculation,4194304,5453,64,260,32
RunningMeanBuffer,extend/append,4194304,62365,64,260,48
RunningMeanSqBuffer,extend/append,4194304,15430,64,260,48
RunningMeanBuffer,calculation,4194304,9926,64,260,48
RunningMeanSqBuffer,calculation,4194304,5681,64,260,48
RunningMeanBuffer,extend/append,4194304,62729,64,260,64
RunningMeanSqBuffer,extend/append,4194304,15279,64,260,64
RunningMeanBuffer,calculation,4194304,10632,64,260,64
RunningMeanSqBuffer,calculation,4194304,5494,64,260,64
RunningMeanBuffer,extend/append,8388608,7235588,64,260,1
RunningMeanSqBuffer,extend/append,8388608,1576407,64,260,1
RunningMeanBuffer,calculation,8388608,10528,64,260,1
RunningMeanSqBuffer,calculation,8388608,6500,64,260,1
RunningMeanBuffer,extend/append,8388608,3625503,64,260,2
RunningMeanSqBuffer,extend/append,8388608,800175,64,260,2
RunningMeanBuffer,calculation,8388608,12526,64,260,2
RunningMeanSqBuffer,calculation,8388608,6677,64,260,2
RunningMeanBuffer,extend/append,8388608,2421193,64,260,3
RunningMeanSqBuffer,extend/append,8388608,533643,64,260,3
RunningMeanBuffer,calculation,8388608,10573,64,260,3
RunningMeanSqBuffer,calculation,8388608,6292,64,260,3
RunningMeanBuffer,extend/append,8388608,1786270,64,260,4
RunningMeanSqBuffer,extend/append,8388608,396530,64,260,4
RunningMeanBuffer,calculation,8388608,10423,64,260,4
RunningMeanSqBuffer,calculation,8388608,6352,64,260,4
RunningMeanBuffer,extend/append,8388608,1173391,64,260,6
RunningMeanSqBuffer,extend/append,8388608,261608,64,260,6
RunningMeanBuffer,calculation,8388608,10376,64,260,6
RunningMeanSqBuffer,calculation,8388608,6109,64,260,6
RunningMeanBuffer,extend/append,8388608,924887,64,260,8
RunningMeanSqBuffer,extend/append,8388608,209539,64,260,8
RunningMeanBuffer,calculation,8388608,10460,64,260,8
RunningMeanSqBuffer,calculation,8388608,6256,64,260,8
RunningMeanBuffer,extend/append,8388608,560422,64,260,12
RunningMeanSqBuffer,extend/append,8388608,128115,64,260,12
RunningMeanBuffer,calculation,8388608,10681,64,260,12
RunningMeanSqBuffer,calculation,8388608,6214,64,260,12
RunningMeanBuffer,extend/append,8388608,500369,64,260,16
RunningMeanSqBuffer,extend/append,8388608,112131,64,260,16
RunningMeanBuffer,calculation,8388608,11117,64,260,16
RunningMeanSqBuffer,calculation,8388608,6212,64,260,16
RunningMeanBuffer,extend/append,8388608,312847,64,260,24
RunningMeanSqBuffer,extend/append,8388608,71565,64,260,24
RunningMeanBuffer,calculation,8388608,10265,64,260,24
RunningMeanSqBuffer,calculation,8388608,6279,64,260,24
RunningMeanBuffer,extend/append,8388608,247685,64,260,32
RunningMeanSqBuffer,extend/append,8388608,56152,64,260,32
RunningMeanBuffer,calculation,8388608,10130,64,260,32
RunningMeanSqBuffer,calculation,8388608,6119,64,260,32
RunningMeanBuffer,extend/append,8388608,123882,64,260,48
RunningMeanSqBuffer,extend/append,8388608,29022,64,260,48
RunningMeanBuffer,calculation,8388608,11386,64,260,48
RunningMeanSqBuffer,calculation,8388608,6261,64,260,48
RunningMeanBuffer,extend/append,8388608,124311,64,260,64
RunningMeanSqBuffer,extend/append,8388608,28818,64,260,64
RunningMeanBuffer,calculation,8388608,10332,64,260,64
RunningMeanSqBuffer,calculation,8388608,6050,64,260,64
RunningMeanBuffer,extend/append,512,6682,128,260,1
RunningMeanSqBuffer,extend/append,512,3026,128,260,1
RunningMeanBuffer,calculation,512,9242,128,260,1
RunningMeanSqBuffer,calculation,512,3935,128,260,1
RunningMeanBuffer,extend/append,512,3698,128,260,2
RunningMeanSqBuffer,extend/append,512,1805,128,260,2
RunningMeanBuffer,calculation,512,9200,128,260,2
RunningMeanSqBuffer,calculation,512,3854,128,260,2
RunningMeanBuffer,extend/append,512,2583,128,260,3
RunningMeanSqBuffer,extend/append,512,1392,128,260,3
RunningMeanBuffer,calculation,512,9285,128,260,3
RunningMeanSqBuffer,calculation,512,3894,128,260,3
RunningMeanBuffer,extend/append,512,2036,128,260,4
RunningMeanSqBuffer,extend/append,512,1147,128,260,4
RunningMeanBuffer,calculation,512,9240,128,260,4
RunningMeanSqBuffer,calculation,512,3851,128,260,4
RunningMeanBuffer,extend/append,512,1531,128,260,6
RunningMeanSqBuffer,extend/append,512,933,128,260,6
RunningMeanBuffer,calculation,512,9222,128,260,6
RunningMeanSqBuffer,calculation,512,3841,128,260,6
RunningMeanBuffer,extend/append,512,1281,128,260,8
RunningMeanSqBuffer,extend/append,512,860,128,260,8
RunningMeanBuffer,calculation,512,9222,128,260,8
RunningMeanSqBuffer,calculation,512,3804,128,260,8
RunningMeanBuffer,extend/append,512,964,128,260,12
RunningMeanSqBuffer,extend/append,512,700,128,260,12
RunningMeanBuffer,calculation,512,9197,128,260,12
RunningMeanSqBuffer,calculation,512,3884,128,260,12
RunningMeanBuffer,extend/append,512,923,128,260,16
RunningMeanSqBuffer,extend/append,512,688,128,260,16
RunningMeanBuffer,calculation,512,9183,128,260,16
RunningMeanSqBuffer,calculation,512,3832,128,260,16
RunningMeanBuffer,extend/append,512,773,128,260,24
RunningMeanSqBuffer,extend/append,512,610,128,260,24
RunningMeanBuffer,calculation,512,9236,128,260,24
RunningMeanSqBuffer,calculation,512,3935,128,260,24
RunningMeanBuffer,extend/append,512,702,128,260,32
RunningMeanSqBuffer,extend/append,512,590,128,260,32
RunningMeanBuffer,calculation,512,9181,128,260,32
RunningMeanSqBuffer,calculation,512,3824,128,260,32
RunningMeanBuffer,extend/append,512,580,128,260,48
RunningMeanSqBuffer,extend/append,512,541,128,260,48
RunningMeanBuffer,calculation,512,9189,128,260,48
RunningMeanSqBuffer,calculation,512,3843,128,260,48
RunningMeanBuffer,extend/append,512,575,128,260,64
RunningMeanSqBuffer,extend/append,512,542,128,260,64
RunningMeanBuffer,calculation,512,9112,128,260,64
RunningMeanSqBuffer,calculation,512,3825,128,260,64
RunningMeanBuffer,extend/append,1024,6887,128,260,1
RunningMeanSqBuffer,extend/append,1024,3064,128,260,1
RunningMeanBuffer,calculation,1024,9333,128,260,1
RunningMeanSqBuffer,calculation,1024,3929,128,260,1
RunningMeanBuffer,extend/append,1024,3763,128,260,2
RunningMeanSqBuffer,extend/append,1024,1838,128,260,2
RunningMeanBuffer,calculation,1024,9215,128,260,2
RunningMeanSqBuffer,calculation,1024,3958,128,260,2
RunningMeanBuffer,extend/append,1024,2665,128,260,3
RunningMeanSqBuffer,extend/append,1024,1373,128,260,3
RunningMeanBuffer,calculation,1024,9234,128,260,3
RunningMeanSqBuffer,calculation,1024,3864,128,260,3
RunningMeanBuffer,extend/append,1024,2106,128,260,4
RunningMeanSqBuffer,extend/append,1024,1177,128,260,4
RunningMeanBuffer,calculation,1024,9271,128,260,4
RunningMeanSqBuffer,calculation,1024,3856,128,260,4
RunningMeanBuffer,extend/append,1024,1547,128,260,6
RunningMeanSqBuffer,extend/append,1024,1008,128,260,6
RunningMeanBuffer,calculation,1024,9232,128,260,6
RunningMeanSqBuffer,calculation,1024,3874,128,260,6
RunningMeanBuffer,extend/append,1024,1325,128,260,8
RunningMeanSqBuffer,extend/append,1024,823,128,260,8
RunningMeanBuffer,calculation,1024,9139,128,260,8
RunningMeanSqBuffer,calculation,1024,3816,128,260,8
RunningMeanBuffer,extend/append,1024,973,128,260,12
RunningMeanSqBuffer,extend/append,1024,691,128,260,12
RunningMeanBuffer,calculation,1024,9161,128,260,12
RunningMeanSqBuffer,calculation,1024,3804,128,260,12
RunningMeanBuffer,extend/append,1024,939,128,260,16
RunningMeanSqBuffer,extend/append,1024,688,128,260,16
RunningMeanBuffer,calculation,1024,9156,128,260,16
RunningMeanSqBuffer,calculation,1024,3828,128,260,16
RunningMeanBuffer,extend/append,1024,780,128,260,24
RunningMeanSqBuffer,extend/append,1024,630,128,260,24
RunningMeanBuffer,calculation,1024,9149,128,260,24
RunningMeanSqBuffer,calculation,1024,3815,128,260,24
RunningMeanBuffer,extend/append,1024,708,128,260,32
RunningMeanSqBuffer,extend/append,1024,601,128,260,32
RunningMeanBuffer,calculation,1024,9143,128,260,32
RunningMeanSqBuffer,calculation,1024,3851,128,260,32
RunningMeanBuffer,extend/append,1024,587,128,260,48
RunningMeanSqBuffer,extend/append,1024,538,128,260,48
RunningMeanBuffer,calculation,1024,9146,128,260,48
RunningMeanSqBuffer,calculation,1024,3842,128,260,48
RunningMeanBuffer,extend/append,1024,588,128,260,64
RunningMeanSqBuffer,extend/append,1024,538,128,260,64
RunningMeanBuffer,calculation,1024,9175,128,260,64
RunningMeanSqBuffer,calculation,1024,3886,128,260,64
RunningMeanBuffer,extend/append,2048,7173,128,260,1
RunningMeanSqBuffer,extend/append,2048,3163,128,260,1
RunningMeanBuffer,calculation,2048,9274,128,260,1
RunningMeanSqBuffer,calculation,2048,3912,128,260,1
RunningMeanBuffer,extend/append,2048,3905,128,260,2
RunningMeanSqBuffer,extend/append,2048,1864,128,260,2
RunningMeanBuffer,calculation,2048,9244,128,260,2
RunningMeanSqBuffer,calculation,2048,3875,128,260,2
RunningMeanBuffer,extend/append,2048,2772,128,260,3
RunningMeanSqBuffer,extend/append,2048,1439,128,260,3
RunningMeanBuffer,calculation,2048,9291,128,260,3
RunningMeanSqBuffer,calculation,2048,3906,128,260,3
RunningMeanBuffer,extend/append,2048,2159,128,260,4
RunningMeanSqBuffer,extend/append,2048,1190,128,260,4
RunningMeanBuffer,calculation,2048,9282,128,260,4
RunningMeanSqBuffer,calculation,2048,3885,128,260,4
RunningMeanBuffer,extend/append,2048,1563,128,260,6
RunningMeanSqBuffer,extend/append,2048,964,128,260,6
RunningMeanBuffer,calculation,2048,9202,128,260,6
RunningMeanSqBuffer,calculation,2048,3835,128,260,6
RunningMeanBuffer,extend/append,2048,1350,128,260,8
RunningMeanSqBuffer,extend/append,2048,845,128,260,8
RunningMeanBuffer,calculation,2048,9190,128,260,8
RunningMeanSqBuffer,calculation,2048,3843,128,260,8
RunningMeanBuffer,extend/append,2048,992,128,260,12
RunningMeanSqBuffer,extend/append,2048,705,128,260,12
RunningMeanBuffer,calculation,2048,9251,128,260,12
RunningMeanSqBuffer,calculation,2048,3838,128,260,12
RunningMeanBuffer,extend/append,2048,967,128,260,16
RunningMeanSqBuffer,extend/append,2048,695,128,260,16
RunningMeanBuffer,calculation,2048,9274,128,260,16
RunningMeanSqBuffer,calculation,2048,3830,128,260,16
RunningMeanBuffer,extend/append,2048,774,128,260,24
RunningMeanSqBuffer,extend/append,2048,625,128,260,24
RunningMeanBuffer,calculation,2048,9190,128,260,24
RunningMeanSqBuffer,calculation,2048,3850,128,260,24
RunningMeanBuffer,extend/append,2048,736,128,260,32
RunningMeanSqBuffer,extend/append,2048,598,128,260,32
RunningMeanBuffer,calculation,2048,9329,128,260,32
RunningMeanSqBuffer,calculation,2048,3841,128,260,32
RunningMeanBuffer,extend/append,2048,600,128,260,48
RunningMeanSqBuffer,extend/append,2048,538,128,260,48
RunningMeanBuffer,calculation,2048,9171,128,260,48
RunningMeanSqBuffer,calculation,2048,3827,128,260,48
RunningMeanBuffer,extend/append,2048,594,128,260,64
RunningMeanSqBuffer,extend/append,2048,554,128,260,64
RunningMeanBuffer,calculation,2048,9193,128,260,64
RunningMeanSqBuffer,calculation,2048,4391,128,260,64
RunningMeanBuffer,extend/append,4096,7557,128,260,1
RunningMeanSqBuffer,extend/append,4096,3493,128,260,1
RunningMeanBuffer,calculation,4096,9214,128,260,1
RunningMeanSqBuffer,calculation,4096,3903,128,260,1
RunningMeanBuffer,extend/append,4096,4221,128,260,2
RunningMeanSqBuffer,extend/append,4096,2076,128,260,2
RunningMeanBuffer,calculation,4096,9295,128,260,2
RunningMeanSqBuffer,calculation,4096,3905,128,260,2
RunningMeanBuffer,extend/append,4096,2954,128,260,3
RunningMeanSqBuffer,extend/append,4096,1525,128,260,3
RunningMeanBuffer,calculation,4096,9297,128,260,3
RunningMeanSqBuffer,calculation,4096,3910,128,260,3
RunningMeanBuffer,extend/append,4096,2302,128,260,4
RunningMeanSqBuffer,extend/append,4096,1285,128,260,4
RunningMeanBuffer,calculation,4096,9347,128,260,4
RunningMeanSqBuffer,calculation,4096,3895,128,260,4
RunningMeanBuffer,extend/append,4096,1670,128,260,6
RunningMeanSqBuffer,extend/append,4096,1017,128,260,6
RunningMeanBuffer,calculation,4096,9243,128,260,6
RunningMeanSqBuffer,calculation,4096,3842,128,260,6
RunningMeanBuffer,extend/append,4096,1424,128,260,8
RunningMeanSqBuffer,extend/append,4096,897,128,260,8
RunningMeanBuffer,calculation,4096,9179,128,260,8
RunningMeanSqBuffer,calculation,4096,3875,128,260,8
RunningMeanBuffer,extend/append,4096,1024,128,260,12
RunningMeanSqBuffer,extend/append,4096,738,128,260,12
RunningMeanBuffer,calculation,4096,9239,128,260,12
RunningMeanSqBuffer,calculation,4096,3889,128,260,12
RunningMeanBuffer,extend/append,4096,1009,128,260,16
RunningMeanSqBuffer,extend/append,4096,723,128,260,16
RunningMeanBuffer,calculation,4096,9103,128,260,16
RunningMeanSqBuffer,calculation,4096,3930,128,260,16
RunningMeanBuffer,extend/append,4096,791,128,260,24
RunningMeanSqBuffer,extend/append,4096,650,128,260,24
RunningMeanBuffer,calculation,4096,9156,128,260,24
RunningMeanSqBuffer,calculation,4096,3853,128,260,24
RunningMeanBuffer,extend/append,4096,754,128,260,32
RunningMeanSqBuffer,extend/append,4096,612,128,260,32
RunningMeanBuffer,calculation,4096,9236,128,260,32
RunningMeanSqBuffer,calculation,4096,3830,128,260,32
RunningMeanBuffer,extend/append,4096,587,128,260,48
RunningMeanSqBuffer,extend/append,4096,566,128,260,48
RunningMeanBuffer,calculation,4096,9206,128,260,48
RunningMeanSqBuffer,calculation,4096,3854,128,260,48
RunningMeanBuffer,extend/append,4096,603,128,260,64
RunningMeanSqBuffer,extend/append,4096,543,128,260,64
RunningMeanBuffer,calculation,4096,9249,128,260,64
RunningMeanSqBuffer,calculation,4096,3892,128,260,64
RunningMeanBuffer,extend/append,8192,8657,128,260,1
RunningMeanSqBuffer,extend/append,8192,3997,128,260,1
RunningMeanBuffer,calculation,8192,9273,128,260,1
RunningMeanSqBuffer,calculation,8192,3933,128,260,1
RunningMeanBuffer,extend/append,8192,4706,128,260,2
RunningMeanSqBuffer,extend/append,8192,2337,128,260,2
RunningMeanBuffer,calculation,8192,9316,128,260,2
RunningMeanSqBuffer,calculation,8192,3926,128,260,2
RunningMeanBuffer,extend/append,8192,3315,128,260,3
RunningMeanSqBuffer,extend/append,8192,1710,128,260,3
RunningMeanBuffer,calculation,8192,9346,128,260,3
RunningMeanSqBuffer,calculation,8192,3953,128,260,3
RunningMeanBuffer,extend/append,8192,2590,128,260,4
RunningMeanSqBuffer,extend/append,8192,1430,128,260,4
RunningMeanBuffer,calculation,8192,9372,128,260,4
RunningMeanSqBuffer,calculation,8192,3898,128,260,4
RunningMeanBuffer,extend/append,8192,1875,128,260,6
RunningMeanSqBuffer,extend/append,8192,1099,128,260,6
RunningMeanBuffer,calculation,8192,9361,128,260,6
RunningMeanSqBuffer,calculation,8192,3842,128,260,6
RunningMeanBuffer,extend/append,8192,1657,128,260,8
RunningMeanSqBuffer,extend/append,8192,961,128,260,8
RunningMeanBuffer,calculation,8192,9236,128,260,8
RunningMeanSqBuffer,calculation,8192,3888,128,260,8
RunningMeanBuffer,extend/append,8192,1165,128,260,12
RunningMeanSqBuffer,extend/append,8192,771,128,260,12
RunningMeanBuffer,calculation,8192,9262,128,260,12
RunningMeanSqBuffer,calculation,8192,3873,128,260,12
RunningMeanBuffer,extend/append,8192,1082,128,260,16
RunningMeanSqBuffer,extend/append,8192,784,128,260,16
RunningMeanBuffer,calculation,8192,9194,128,260,16
RunningMeanSqBuffer,calculation,8192,3902,128,260,16
RunningMeanBuffer,extend/append,8192,843,128,260,24
RunningMeanSqBuffer,extend/append,8192,677,128,260,24
RunningMeanBuffer,calculation,8192,9283,128,260,24
RunningMeanSqBuffer,calculation,8192,3858,128,260,24
RunningMeanBuffer,extend/append,8192,822,128,260,32
RunningMeanSqBuffer,extend/append,8192,645,128,260,32
RunningMeanBuffer,calculation,8192,9248,128,260,32
RunningMeanSqBuffer,calculation,8192,3864,128,260,32
RunningMeanBuffer,extend/append,8192,617,128,260,48
RunningMeanSqBuffer,extend/append,8192,553,128,260,48
RunningMeanBuffer,calculation,8192,9421,128,260,48
RunningMeanSqBuffer,calculation,8192,3858,128,260,48
RunningMeanBuffer,extend/append,8192,614,128,260,64
RunningMeanSqBuffer,extend/append,8192,558,128,260,64
RunningMeanBuffer,calculation,8192,9532,128,260,64
RunningMeanSqBuffer,calculation,8192,3857,128,260,64
RunningMeanBuffer,extend/append,16384,10842,128,260,1
RunningMeanSqBuffer,extend/append,16384,76506,128,260,1
RunningMeanBuffer,calculation,16384,9396,128,260,1
RunningMeanSqBuffer,calculation,16384,6202,128,260,1
RunningMeanBuffer,extend/append,16384,5803,128,260,2
RunningMeanSqBuffer,extend/append,16384,33337,128,260,2
RunningMeanBuffer,calculation,16384,9346,128,260,2
RunningMeanSqBuffer,calculation,16384,5209,128,260,2
RunningMeanBuffer,extend/append,16384,3976,128,260,3
RunningMeanSqBuffer,extend/append,16384,22728,128,260,3
RunningMeanBuffer,calculation,16384,9398,128,260,3
RunningMeanSqBuffer,calculation,16384,5168,128,260,3
RunningMeanBuffer,extend/append,16384,3100,128,260,4
RunningMeanSqBuffer,extend/append,16384,18543,128,260,4
RunningMeanBuffer,calculation,16384,9387,128,260,4
RunningMeanSqBuffer,calculation,16384,4877,128,260,4
RunningMeanBuffer,extend/append,16384,2195,128,260,6
RunningMeanSqBuffer,extend/append,16384,13362,128,260,6
RunningMeanBuffer,calculation,16384,9302,128,260,6
RunningMeanSqBuffer,calculation,16384,5372,128,260,6
RunningMeanBuffer,extend/append,16384,1837,128,260,8
RunningMeanSqBuffer,extend/append,16384,9669,128,260,8
RunningMeanBuffer,calculation,16384,9234,128,260,8
RunningMeanSqBuffer,calculation,16384,5373,128,260,8
RunningMeanBuffer,extend/append,16384,1292,128,260,12
RunningMeanSqBuffer,extend/append,16384,5939,128,260,12
RunningMeanBuffer,calculation,16384,9281,128,260,12
RunningMeanSqBuffer,calculation,16384,4961,128,260,12
RunningMeanBuffer,extend/append,16384,1252,128,260,16
RunningMeanSqBuffer,extend/append,16384,6218,128,260,16
RunningMeanBuffer,calculation,16384,9253,128,260,16
RunningMeanSqBuffer,calculation,16384,5024,128,260,16
RunningMeanBuffer,extend/append,16384,960,128,260,24
RunningMeanSqBuffer,extend/append,16384,3842,128,260,24
RunningMeanBuffer,calculation,16384,9387,128,260,24
RunningMeanSqBuffer,calculation,16384,4961,128,260,24
RunningMeanBuffer,extend/append,16384,880,128,260,32
RunningMeanSqBuffer,extend/append,16384,3138,128,260,32
RunningMeanBuffer,calculation,16384,9301,128,260,32
RunningMeanSqBuffer,calculation,16384,4883,128,260,32
RunningMeanBuffer,extend/append,16384,684,128,260,48
RunningMeanSqBuffer,extend/append,16384,1914,128,260,48
RunningMeanBuffer,calculation,16384,9399,128,260,48
RunningMeanSqBuffer,calculation,16384,4899,128,260,48
RunningMeanBuffer,extend/append,16384,675,128,260,64
RunningMeanSqBuffer,extend/append,16384,1936,128,260,64
RunningMeanBuffer,calculation,16384,9422,128,260,64
RunningMeanSqBuffer,calculation,16384,5340,128,260,64
RunningMeanBuffer,extend/append,32768,14900,128,260,1
RunningMeanSqBuffer,extend/append,32768,67972,128,260,1
RunningMeanBuffer,calculation,32768,9434,128,260,1
RunningMeanSqBuffer,calculation,32768,5517,128,260,1
RunningMeanBuffer,extend/append,32768,7836,128,260,2
RunningMeanSqBuffer,extend/append,32768,34279,128,260,2
RunningMeanBuffer,calculation,32768,9384,128,260,2
RunningMeanSqBuffer,calculation,32768,6324,128,260,2
RunningMeanBuffer,extend/append,32768,5355,128,260,3
RunningMeanSqBuffer,extend/append,32768,23404,128,260,3
RunningMeanBuffer,calculation,32768,9316,128,260,3
RunningMeanSqBuffer,calculation,32768,4721,128,260,3
RunningMeanBuffer,extend/append,32768,4130,128,260,4
RunningMeanSqBuffer,extend/append,32768,17795,128,260,4
RunningMeanBuffer,calculation,32768,9293,128,260,4
RunningMeanSqBuffer,calculation,32768,4813,128,260,4
RunningMeanBuffer,extend/append,32768,2869,128,260,6
RunningMeanSqBuffer,extend/append,32768,11843,128,260,6
RunningMeanBuffer,calculation,32768,9339,128,260,6
RunningMeanSqBuffer,calculation,32768,4935,128,260,6
RunningMeanBuffer,extend/append,32768,2382,128,260,8
RunningMeanSqBuffer,extend/append,32768,11185,128,260,8
RunningMeanBuffer,calculation,32768,9395,128,260,8
RunningMeanSqBuffer,calculation,32768,4945,128,260,8
RunningMeanBuffer,extend/append,32768,1630,128,260,12
RunningMeanSqBuffer,extend/append,32768,6207,128,260,12
RunningMeanBuffer,calculation,32768,9367,128,260,12
RunningMeanSqBuffer,calculation,32768,4822,128,260,12
RunningMeanBuffer,extend/append,32768,1545,128,260,16
RunningMeanSqBuffer,extend/append,32768,6183,128,260,16
RunningMeanBuffer,calculation,32768,9336,128,260,16
RunningMeanSqBuffer,calculation,32768,4990,128,260,16
RunningMeanBuffer,extend/append,32768,1148,128,260,24
RunningMeanSqBuffer,extend/append,32768,8455,128,260,24
RunningMeanBuffer,calculation,32768,9405,128,260,24
RunningMeanSqBuffer,calculation,32768,4809,128,260,24
RunningMeanBuffer,extend/append,32768,1018,128,260,32
RunningMeanSqBuffer,extend/append,32768,4911,128,260,32
RunningMeanBuffer,calculation,32768,9356,128,260,32
RunningMeanSqBuffer,calculation,32768,4898,128,260,32
RunningMeanBuffer,extend/append,32768,733,128,260,48
RunningMeanSqBuffer,extend/append,32768,1968,128,260,48
RunningMeanBuffer,calculation,32768,9285,128,260,48
RunningMeanSqBuffer,calculation,32768,5599,128,260,48
RunningMeanBuffer,extend/append,32768,745,128,260,64
RunningMeanSqBuffer,extend/append,32768,1949,128,260,64
RunningMeanBuffer,calculation,32768,9349,128,260,64
RunningMeanSqBuffer,calculation,32768,4929,128,260,64
RunningMeanBuffer,extend/append,65536,23095,128,260,1
RunningMeanSqBuffer,extend/append,65536,69132,128,260,1
RunningMeanBuffer,calculation,65536,9560,128,260,1
RunningMeanSqBuffer,calculation,65536,6423,128,260,1
RunningMeanBuffer,extend/append,65536,11996,128,260,2
RunningMeanSqBuffer,extend/append,65536,34011,128,260,2
RunningMeanBuffer,calculation,65536,9483,128,260,2
RunningMeanSqBuffer,calculation,65536,4795,128,260,2
RunningMeanBuffer,extend/append,65536,8136,128,260,3
RunningMeanSqBuffer,extend/append,65536,23502,128,260,3
RunningMeanBuffer,calculation,65536,9467,128,260,3
RunningMeanSqBuffer,calculation,65536,4865,128,260,3
RunningMeanBuffer,extend/append,65536,6398,128,260,4
RunningMeanSqBuffer,extend/append,65536,17284,128,260,4
RunningMeanBuffer,calculation,65536,9514,128,260,4
RunningMeanSqBuffer,calculation,65536,4855,128,260,4
RunningMeanBuffer,extend/append,65536,4255,128,260,6
RunningMeanSqBuffer,extend/append,65536,12872,128,260,6
RunningMeanBuffer,calculation,65536,9363,128,260,6
RunningMeanSqBuffer,calculation,65536,4729,128,260,6
RunningMeanBuffer,extend/append,65536,3460,128,260,8
RunningMeanSqBuffer,extend/append,65536,11717,128,260,8
RunningMeanBuffer,calculation,65536,9323,128,260,8
RunningMeanSqBuffer,calculation,65536,4670,128,260,8
RunningMeanBuffer,extend/append,65536,2258,128,260,12
RunningMeanSqBuffer,extend/append,65536,6189,128,260,12
RunningMeanBuffer,calculation,65536,9379,128,260,12
RunningMeanSqBuffer,calculation,65536,4737,128,260,12
RunningMeanBuffer,extend/append,65536,2131,128,260,16
RunningMeanSqBuffer,extend/append,65536,6720,128,260,16
RunningMeanBuffer,calculation,65536,9449,128,260,16
RunningMeanSqBuffer,calculation,65536,5135,128,260,16
RunningMeanBuffer,extend/append,65536,1530,128,260,24
RunningMeanSqBuffer,extend/append,65536,3790,128,260,24
RunningMeanBuffer,calculation,65536,9387,128,260,24
RunningMeanSqBuffer,calculation,65536,4802,128,260,24
RunningMeanBuffer,extend/append,65536,1313,128,260,32
RunningMeanSqBuffer,extend/append,65536,5741,128,260,32
RunningMeanBuffer,calculation,65536,9406,128,260,32
RunningMeanSqBuffer,calculation,65536,4660,128,260,32
RunningMeanBuffer,extend/append,65536,927,128,260,48
RunningMeanSqBuffer,extend/append,65536,3377,128,260,48
RunningMeanBuffer,calculation,65536,9364,128,260,48
RunningMeanSqBuffer,calculation,65536,4807,128,260,48
RunningMeanBuffer,extend/append,65536,961,128,260,64
RunningMeanSqBuffer,extend/append,65536,1982,128,260,64
RunningMeanBuffer,calculation,65536,9310,128,260,64
RunningMeanSqBuffer,calculation,65536,5813,128,260,64
RunningMeanBuffer,extend/append,131072,41078,128,260,1
RunningMeanSqBuffer,extend/append,131072,66292,128,260,1
RunningMeanBuffer,calculation,131072,9499,128,260,1
RunningMeanSqBuffer,calculation,131072,5114,128,260,1
RunningMeanBuffer,extend/append,131072,21047,128,260,2
RunningMeanSqBuffer,extend/append,131072,35444,128,260,2
RunningMeanBuffer,calculation,131072,9723,128,260,2
RunningMeanSqBuffer,calculation,131072,4794,128,260,2
RunningMeanBuffer,extend/append,131072,14277,128,260,3
RunningMeanSqBuffer,extend/append,131072,28601,128,260,3
RunningMeanBuffer,calculation,131072,9991,128,260,3
RunningMeanSqBuffer,calculation,131072,4998,128,260,3
RunningMeanBuffer,extend/append,131072,10560,128,260,4
RunningMeanSqBuffer,extend/append,131072,19342,128,260,4
RunningMeanBuffer,calculation,131072,9501,128,260,4
RunningMeanSqBuffer,calculation,131072,4752,128,260,4
RunningMeanBuffer,extend/append,131072,7202,128,260,6
RunningMeanSqBuffer,extend/append,131072,12973,128,260,6
RunningMeanBuffer,calculation,131072,9474,128,260,6
RunningMeanSqBuffer,calculation,131072,5617,128,260,6
RunningMeanBuffer,extend/append,131072,5765,128,260,8
RunningMeanSqBuffer,extend/append,131072,12482,128,260,8
RunningMeanBuffer,calculation,131072,9442,128,260,8
RunningMeanSqBuffer,calculation,131072,4644,128,260,8
RunningMeanBuffer,extend/append,131072,3610,128,260,12
RunningMeanSqBuffer,extend/append,131072,9088,128,260,12
RunningMeanBuffer,calculation,131072,9398,128,260,12
RunningMeanSqBuffer,calculation,131072,4844,128,260,12
RunningMeanBuffer,extend/append,131072,3302,128,260,16
RunningMeanSqBuffer,extend/append,131072,6794,128,260,16
RunningMeanBuffer,calculation,131072,9540,128,260,16
RunningMeanSqBuffer,calculation,131072,4691,128,260,16
RunningMeanBuffer,extend/append,131072,2292,128,260,24
RunningMeanSqBuffer,extend/append,131072,5816,128,260,24
RunningMeanBuffer,calculation,131072,9411,128,260,24
RunningMeanSqBuffer,calculation,131072,5173,128,260,24
RunningMeanBuffer,extend/append,131072,1923,128,260,32
RunningMeanSqBuffer,extend/append,131072,3708,128,260,32
RunningMeanBuffer,calculation,131072,9385,128,260,32
RunningMeanSqBuffer,calculation,131072,5467,128,260,32
RunningMeanBuffer,extend/append,131072,1244,128,260,48
RunningMeanSqBuffer,extend/append,131072,3060,128,260,48
RunningMeanBuffer,calculation,131072,9436,128,260,48
RunningMeanSqBuffer,calculation,131072,4594,128,260,48
RunningMeanBuffer,extend/append,131072,1283,128,260,64
RunningMeanSqBuffer,extend/append,131072,2407,128,260,64
RunningMeanBuffer,calculation,131072,9513,128,260,64
RunningMeanSqBuffer,calculation,131072,5317,128,260,64
RunningMeanBuffer,extend/append,262144,229580,128,260,1
RunningMeanSqBuffer,extend/append,262144,76105,128,260,1
RunningMeanBuffer,calculation,262144,9540,128,260,1
RunningMeanSqBuffer,calculation,262144,5469,128,260,1
RunningMeanBuffer,extend/append,262144,116182,128,260,2
RunningMeanSqBuffer,extend/append,262144,42333,128,260,2
RunningMeanBuffer,calculation,262144,9589,128,260,2
RunningMeanSqBuffer,calculation,262144,5225,128,260,2
RunningMeanBuffer,extend/append,262144,78270,128,260,3
RunningMeanSqBuffer,extend/append,262144,44060,128,260,3
RunningMeanBuffer,calculation,262144,9570,128,260,3
RunningMeanSqBuffer,calculation,262144,5300,128,260,3
RunningMeanBuffer,extend/append,262144,57804,128,260,4
RunningMeanSqBuffer,extend/append,262144,24665,128,260,4
RunningMeanBuffer,calculation,262144,9722,128,260,4
RunningMeanSqBuffer,calculation,262144,5260,128,260,4
RunningMeanBuffer,extend/append,262144,37909,128,260,6
RunningMeanSqBuffer,extend/append,262144,25777,128,260,6
RunningMeanBuffer,calculation,262144,9690,128,260,6
RunningMeanSqBuffer,calculation,262144,5408,128,260,6
RunningMeanBuffer,extend/append,262144,30523,128,260,8
RunningMeanSqBuffer,extend/append,262144,11145,128,260,8
RunningMeanBuffer,calculation,262144,9478,128,260,8
RunningMeanSqBuffer,calculation,262144,5170,128,260,8
RunningMeanBuffer,extend/append,262144,18325,128,260,12
RunningMeanSqBuffer,extend/append,262144,7081,128,260,12
RunningMeanBuffer,calculation,262144,9985,128,260,12
RunningMeanSqBuffer,calculation,262144,5186,128,260,12
RunningMeanBuffer,extend/append,262144,16453,128,260,16
RunningMeanSqBuffer,extend/append,262144,7794,128,260,16
RunningMeanBuffer,calculation,262144,9553,128,260,16
RunningMeanSqBuffer,calculation,262144,5640,128,260,16
RunningMeanBuffer,extend/append,262144,10625,128,260,24
RunningMeanSqBuffer,extend/append,262144,6595,128,260,24
RunningMeanBuffer,calculation,262144,9500,128,260,24
RunningMeanSqBuffer,calculation,262144,5312,128,260,24
RunningMeanBuffer,extend/append,262144,8684,128,260,32
RunningMeanSqBuffer,extend/append,262144,4691,128,260,32
RunningMeanBuffer,calculation,262144,9727,128,260,32
RunningMeanSqBuffer,calculation,262144,5175,128,260,32
RunningMeanBuffer,extend/append,262144,4616,128,260,48
RunningMeanSqBuffer,extend/append,262144,3686,128,260,48
RunningMeanBuffer,calculation,262144,9668,128,260,48
RunningMeanSqBuffer,calculation,262144,5183,128,260,48
RunningMeanBuffer,extend/append,262144,4650,128,260,64
RunningMeanSqBuffer,extend/append,262144,3739,128,260,64
RunningMeanBuffer,calculation,262144,9752,128,260,64
RunningMeanSqBuffer,calculation,262144,5451,128,260,64
RunningMeanBuffer,extend/append,524288,457601,128,260,1
RunningMeanSqBuffer,extend/append,524288,112358,128,260,1
RunningMeanBuffer,calculation,524288,10175,128,260,1
RunningMeanSqBuffer,calculation,524288,6340,128,260,1
RunningMeanBuffer,extend/append,524288,231273,128,260,2
RunningMeanSqBuffer,extend/append,524288,56828,128,260,2
RunningMeanBuffer,calculation,524288,9975,128,260,2
RunningMeanSqBuffer,calculation,524288,5954,128,260,2
RunningMeanBuffer,extend/append,524288,152750,128,260,3
RunningMeanSqBuffer,extend/append,524288,43008,128,260,3
RunningMeanBuffer,calculation,524288,9969,128,260,3
RunningMeanSqBuffer,calculation,524288,5944,128,260,3
RunningMeanBuffer,extend/append,524288,113529,128,260,4
RunningMeanSqBuffer,extend/append,524288,36653,128,260,4
RunningMeanBuffer,calculation,524288,10007,128,260,4
RunningMeanSqBuffer,calculation,524288,5802,128,260,4
RunningMeanBuffer,extend/append,524288,75300,128,260,6
RunningMeanSqBuffer,extend/append,524288,21023,128,260,6
RunningMeanBuffer,calculation,524288,9906,128,260,6
RunningMeanSqBuffer,calculation,524288,5783,128,260,6
RunningMeanBuffer,extend/append,524288,59438,128,260,8
RunningMeanSqBuffer,extend/append,524288,26530,128,260,8
RunningMeanBuffer,calculation,524288,9763,128,260,8
RunningMeanSqBuffer,calculation,524288,5976,128,260,8
RunningMeanBuffer,extend/append,524288,35855,128,260,12
RunningMeanSqBuffer,extend/append,524288,20734,128,260,12
RunningMeanBuffer,calculation,524288,9643,128,260,12
RunningMeanSqBuffer,calculation,524288,5649,128,260,12
RunningMeanBuffer,extend/append,524288,31697,128,260,16
RunningMeanSqBuffer,extend/append,524288,16996,128,260,16
RunningMeanBuffer,calculation,524288,9746,128,260,16
RunningMeanSqBuffer,calculation,524288,5785,128,260,16
RunningMeanBuffer,extend/append,524288,20119,128,260,24
RunningMeanSqBuffer,extend/append,524288,10283,128,260,24
RunningMeanBuffer,calculation,524288,9691,128,260,24
RunningMeanSqBuffer,calculation,524288,5843,128,260,24
RunningMeanBuffer,extend/append,524288,16127,128,260,32
RunningMeanSqBuffer,extend/append,524288,10080,128,260,32
RunningMeanBuffer,calculation,524288,10057,128,260,32
RunningMeanSqBuffer,calculation,524288,6134,128,260,32
RunningMeanBuffer,extend/append,524288,8565,128,260,48
RunningMeanSqBuffer,extend/append,524288,4816,128,260,48
RunningMeanBuffer,calculation,524288,9923,128,260,48
RunningMeanSqBuffer,calculation,524288,6131,128,260,48
RunningMeanBuffer,extend/append,524288,8463,128,260,64
RunningMeanSqBuffer,extend/append,524288,5280,128,260,64
RunningMeanBuffer,calculation,524288,9849,128,260,64
RunningMeanSqBuffer,calculation,524288,5591,128,260,64
RunningMeanBuffer,extend/append,1048576,901532,128,260,1
RunningMeanSqBuffer,extend/append,1048576,206707,128,260,1
RunningMeanBuffer,calculation,1048576,10363,128,260,1
RunningMeanSqBuffer,calculation,1048576,5744,128,260,1
RunningMeanBuffer,extend/append,1048576,459340,128,260,2
RunningMeanSqBuffer,extend/append,1048576,106852,128,260,2
RunningMeanBuffer,calculation,1048576,10358,128,260,2
RunningMeanSqBuffer,calculation,1048576,5430,128,260,2
RunningMeanBuffer,extend/append,1048576,301524,128,260,3
RunningMeanSqBuffer,extend/append,1048576,74106,128,260,3
RunningMeanBuffer,calculation,1048576,10346,128,260,3
RunningMeanSqBuffer,calculation,1048576,5227,128,260,3
RunningMeanBuffer,extend/append,1048576,227048,128,260,4
RunningMeanSqBuffer,extend/append,1048576,87036,128,260,4
RunningMeanBuffer,calculation,1048576,10357,128,260,4
RunningMeanSqBuffer,calculation,1048576,5687,128,260,4
RunningMeanBuffer,extend/append,1048576,147880,128,260,6
RunningMeanSqBuffer,extend/append,1048576,55734,128,260,6
RunningMeanBuffer,calculation,1048576,9908,128,260,6
RunningMeanSqBuffer,calculation,1048576,5482,128,260,6
RunningMeanBuffer,extend/append,1048576,118324,128,260,8
RunningMeanSqBuffer,extend/append,1048576,42157,128,260,8
RunningMeanBuffer,calculation,1048576,9949,128,260,8
RunningMeanSqBuffer,calculation,1048576,5347,128,260,8
RunningMeanBuffer,extend/append,1048576,70410,128,260,12
RunningMeanSqBuffer,extend/append,1048576,29025,128,260,12
RunningMeanBuffer,calculation,1048576,10120,128,260,12
RunningMeanSqBuffer,calculation,1048576,5304,128,260,12
RunningMeanBuffer,extend/append,1048576,62327,128,260,16
RunningMeanSqBuffer,extend/append,1048576,23925,128,260,16
RunningMeanBuffer,calculation,1048576,9933,128,260,16
RunningMeanSqBuffer,calculation,1048576,5592,128,260,16
RunningMeanBuffer,extend/append,1048576,39489,128,260,24
RunningMeanSqBuffer,extend/append,1048576,15316,128,260,24
RunningMeanBuffer,calculation,1048576,10276,128,260,24
RunningMeanSqBuffer,calculation,1048576,5485,128,260,24
RunningMeanBuffer,extend/append,1048576,31819,128,260,32
RunningMeanSqBuffer,extend/append,1048576,12541,128,260,32
RunningMeanBuffer,calculation,1048576,9839,128,260,32
RunningMeanSqBuffer,calculation,1048576,5594,128,260,32
RunningMeanBuffer,extend/append,1048576,16084,128,260,48
RunningMeanSqBuffer,extend/append,1048576,7155,128,260,48
RunningMeanBuffer,calculation,1048576,10431,128,260,48
RunningMeanSqBuffer,calculation,1048576,5105,128,260,48
RunningMeanBuffer,extend/append,1048576,16574,128,260,64
RunningMeanSqBuffer,extend/append,1048576,5906,128,260,64
RunningMeanBuffer,calculation,1048576,10104,128,260,64
RunningMeanSqBuffer,calculation,1048576,5182,128,260,64
RunningMeanBuffer,extend/append,2097152,1795171,128,260,1
RunningMeanSqBuffer,extend/append,2097152,396764,128,260,1
RunningMeanBuffer,calculation,2097152,10335,128,260,1
RunningMeanSqBuffer,calculation,2097152,6848,128,260,1
RunningMeanBuffer,extend/append,2097152,919010,128,260,2
RunningMeanSqBuffer,extend/append,2097152,217618,128,260,2
RunningMeanBuffer,calculation,2097152,10520,128,260,2
RunningMeanSqBuffer,calculation,2097152,6833,128,260,2
RunningMeanBuffer,extend/append,2097152,600563,128,260,3
RunningMeanSqBuffer,extend/append,2097152,162160,128,260,3
RunningMeanBuffer,calculation,2097152,10436,128,260,3
RunningMeanSqBuffer,calculation,2097152,6507,128,260,3
RunningMeanBuffer,extend/append,2097152,445862,128,260,4
RunningMeanSqBuffer,extend/append,2097152,112371,128,260,4
RunningMeanBuffer,calculation,2097152,10552,128,260,4
RunningMeanSqBuffer,calculation,2097152,6607,128,260,4
RunningMeanBuffer,extend/append,2097152,293693,128,260,6
RunningMeanSqBuffer,extend/append,2097152,73704,128,260,6
RunningMeanBuffer,calculation,2097152,10557,128,260,6
RunningMeanSqBuffer,calculation,2097152,6660,128,260,6
RunningMeanBuffer,extend/append,2097152,231313,128,260,8
RunningMeanSqBuffer,extend/append,2097152,58526,128,260,8
RunningMeanBuffer,calculation,2097152,10303,128,260,8
RunningMeanSqBuffer,calculation,2097152,6429,128,260,8
RunningMeanBuffer,extend/append,2097152,139438,128,260,12
RunningMeanSqBuffer,extend/append,2097152,35305,128,260,12
RunningMeanBuffer,calculation,2097152,10017,128,260,12
RunningMeanSqBuffer,calculation,2097152,6405,128,260,12
RunningMeanBuffer,extend/append,2097152,125551,128,260,16
RunningMeanSqBuffer,extend/append,2097152,32005,128,260,16
RunningMeanBuffer,calculation,2097152,10367,128,260,16
RunningMeanSqBuffer,calculation,2097152,6503,128,260,16
RunningMeanBuffer,extend/append,2097152,77636,128,260,24
RunningMeanSqBuffer,extend/append,2097152,20322,128,260,24
RunningMeanBuffer,calculation,2097152,10224,128,260,24
RunningMeanSqBuffer,calculation,2097152,6518,128,260,24
RunningMeanBuffer,extend/append,2097152,62475,128,260,32
RunningMeanSqBuffer,extend/append,2097152,17385,128,260,32
RunningMeanBuffer,calculation,2097152,10300,128,260,32
RunningMeanSqBuffer,calculation,2097152,6486,128,260,32
RunningMeanBuffer,extend/append,2097152,32015,128,260,48
RunningMeanSqBuffer,extend/append,2097152,8756,128,260,48
RunningMeanBuffer,calculation,2097152,10243,128,260,48
RunningMeanSqBuffer,calculation,2097152,6489,128,260,48
RunningMeanBuffer,extend/append,2097152,32060,128,260,64
RunningMeanSqBuffer,extend/append,2097152,9164,128,260,64
RunningMeanBuffer,calculation,2097152,10404,128,260,64
RunningMeanSqBuffer,calculation,2097152,6443,128,260,64
RunningMeanBuffer,extend/append,4194304,3640800,128,260,1
RunningMeanSqBuffer,extend/append,4194304,795858,128,260,1
RunningMeanBuffer,calculation,4194304,11139,128,260,1
RunningMeanSqBuffer,calculation,4194304,7030,128,260,1
RunningMeanBuffer,extend/append,4194304,1822139,128,260,2
RunningMeanSqBuffer,extend/append,4194304,404874,128,260,2
RunningMeanBuffer,calculation,4194304,11755,128,260,2
RunningMeanSqBuffer,calculation,4194304,7037,128,260,2
RunningMeanBuffer,extend/append,4194304,1199985,128,260,3
RunningMeanSqBuffer,extend/append,4194304,268916,128,260,3
RunningMeanBuffer,calculation,4194304,10740,128,260,3
RunningMeanSqBuffer,calculation,4194304,7001,128,260,3
RunningMeanBuffer,extend/append,4194304,895404,128,260,4
RunningMeanSqBuffer,extend/append,4194304,200158,128,260,4
RunningMeanBuffer,calculation,4194304,10811,128,260,4
RunningMeanSqBuffer,calculation,4194304,6883,128,260,4
RunningMeanBuffer,extend/append,4194304,584586,128,260,6
RunningMeanSqBuffer,extend/append,4194304,131427,128,260,6
RunningMeanBuffer,calculation,4194304,11291,128,260,6
RunningMeanSqBuffer,calculation,4194304,6701,128,260,6
RunningMeanBuffer,extend/append,4194304,462587,128,260,8
RunningMeanSqBuffer,extend/append,4194304,105340,128,260,8
RunningMeanBuffer,calculation,4194304,11052,128,260,8
RunningMeanSqBuffer,calculation,4194304,6974,128,260,8
RunningMeanBuffer,extend/append,4194304,278950,128,260,12
RunningMeanSqBuffer,extend/append,4194304,63634,128,260,12
RunningMeanBuffer,calculation,4194304,11474,128,260,12
RunningMeanSqBuffer,calculation,4194304,6799,128,260,12
RunningMeanBuffer,extend/append,4194304,248409,128,260,16
RunningMeanSqBuffer,extend/append,4194304,56070,128,260,16
RunningMeanBuffer,calculation,4194304,11452,128,260,16
RunningMeanSqBuffer,calculation,4194304,6730,128,260,16
RunningMeanBuffer,extend/append,4194304,155224,128,260,24
RunningMeanSqBuffer,extend/append,4194304,37210,128,260,24
RunningMeanBuffer,calculation,4194304,11385,128,260,24
RunningMeanSqBuffer,calculation,4194304,6590,128,260,24
RunningMeanBuffer,extend/append,4194304,123827,128,260,32
RunningMeanSqBuffer,extend/append,4194304,29176,128,260,32
RunningMeanBuffer,calculation,4194304,11525,128,260,32
RunningMeanSqBuffer,calculation,4194304,6465,128,260,32
RunningMeanBuffer,extend/append,4194304,62789,128,260,48
RunningMeanSqBuffer,extend/append,4194304,14978,128,260,48
RunningMeanBuffer,calculation,4194304,11180,128,260,48
RunningMeanSqBuffer,calculation,4194304,6850,128,260,48
RunningMeanBuffer,extend/append,4194304,62761,128,260,64
RunningMeanSqBuffer,extend/append,4194304,14747,128,260,64
RunningMeanBuffer,calculation,4194304,11731,128,260,64
RunningMeanSqBuffer,calculation,4194304,6477,128,260,64
RunningMeanBuffer,extend/append,8388608,7267113,128,260,1
RunningMeanSqBuffer,extend/append,8388608,1580037,128,260,1
RunningMeanBuffer,calculation,8388608,11441,128,260,1
RunningMeanSqBuffer,calculation,8388608,7976,128,260,1
RunningMeanBuffer,extend/append,8388608,3654979,128,260,2
RunningMeanSqBuffer,extend/append,8388608,798148,128,260,2
RunningMeanBuffer,calculation,8388608,11338,128,260,2
RunningMeanSqBuffer,calculation,8388608,8138,128,260,2
RunningMeanBuffer,extend/append,8388608,2397006,128,260,3
RunningMeanSqBuffer,extend/append,8388608,537686,128,260,3
RunningMeanBuffer,calculation,8388608,11267,128,260,3
RunningMeanSqBuffer,calculation,8388608,7780,128,260,3
RunningMeanBuffer,extend/append,8388608,1781551,128,260,4
RunningMeanSqBuffer,extend/append,8388608,400382,128,260,4
RunningMeanBuffer,calculation,8388608,10970,128,260,4
RunningMeanSqBuffer,calculation,8388608,7820,128,260,4
RunningMeanBuffer,extend/append,8388608,1181743,128,260,6
RunningMeanSqBuffer,extend/append,8388608,264809,128,260,6
RunningMeanBuffer,calculation,8388608,12497,128,260,6
RunningMeanSqBuffer,calculation,8388608,7793,128,260,6
RunningMeanBuffer,extend/append,8388608,922009,128,260,8
RunningMeanSqBuffer,extend/append,8388608,209849,128,260,8
RunningMeanBuffer,calculation,8388608,10762,128,260,8
RunningMeanSqBuffer,calculation,8388608,7621,128,260,8
RunningMeanBuffer,extend/append,8388608,556709,128,260,12
RunningMeanSqBuffer,extend/append,8388608,126005,128,260,12
RunningMeanBuffer,calculation,8388608,11230,128,260,12
RunningMeanSqBuffer,calculation,8388608,7645,128,260,12
RunningMeanBuffer,extend/append,8388608,491671,128,260,16
RunningMeanSqBuffer,extend/append,8388608,111514,128,260,16
RunningMeanBuffer,calculation,8388608,11087,128,260,16
RunningMeanSqBuffer,calculation,8388608,7606,128,260,16
RunningMeanBuffer,extend/append,8388608,308205,128,260,24
RunningMeanSqBuffer,extend/append,8388608,70066,128,260,24
RunningMeanBuffer,calculation,8388608,11148,128,260,24
RunningMeanSqBuffer,calculation,8388608,7453,128,260,24
RunningMeanBuffer,extend/append,8388608,246664,128,260,32
RunningMeanSqBuffer,extend/append,8388608,56351,128,260,32
RunningMeanBuffer,calculation,8388608,10983,128,260,32
RunningMeanSqBuffer,calculation,8388608,7474,128,260,32
RunningMeanBuffer,extend/append,8388608,123340,128,260,48
RunningMeanSqBuffer,extend/append,8388608,28442,128,260,48
RunningMeanBuffer,calculation,8388608,10765,128,260,48
RunningMeanSqBuffer,calculation,8388608,7440,128,260,48
RunningMeanBuffer,extend/append,8388608,123897,128,260,64
RunningMeanSqBuffer,extend/append,8388608,28896,128,260,64
RunningMeanBuffer,calculation,8388608,10522,128,260,64
RunningMeanSqBuffer,calculation,8388608,7433,128,260,64
RunningMeanBuffer,extend/append,512,5346,256,260,1
RunningMeanSqBuffer,extend/append,512,2518,256,260,1
RunningMeanBuffer,calculation,512,9041,256,260,1
RunningMeanSqBuffer,calculation,512,3713,256,260,1
RunningMeanBuffer,extend/append,512,3010,256,260,2
RunningMeanSqBuffer,extend/append,512,1593,256,260,2
RunningMeanBuffer,calculation,512,9045,256,260,2
RunningMeanSqBuffer,calculation,512,3730,256,260,2
RunningMeanBuffer,extend/append,512,2212,256,260,3
RunningMeanSqBuffer,extend/append,512,1233,256,260,3
RunningMeanBuffer,calculation,512,9063,256,260,3
RunningMeanSqBuffer,calculation,512,3664,256,260,3
RunningMeanBuffer,extend/append,512,1798,256,260,4
RunningMeanSqBuffer,extend/append,512,1043,256,260,4
RunningMeanBuffer,calculation,512,8990,256,260,4
RunningMeanSqBuffer,calculation,512,3685,256,260,4
RunningMeanBuffer,extend/append,512,1337,256,260,6
RunningMeanSqBuffer,extend/append,512,883,256,260,6
RunningMeanBuffer,calculation,512,9034,256,260,6
RunningMeanSqBuffer,calculation,512,3687,256,260,6
RunningMeanBuffer,extend/append,512,1134,256,260,8
RunningMeanSqBuffer,extend/append,512,791,256,260,8
RunningMeanBuffer,calculation,512,8925,256,260,8
RunningMeanSqBuffer,calculation,512,3629,256,260,8
RunningMeanBuffer,extend/append,512,881,256,260,12
RunningMeanSqBuffer,extend/append,512,675,256,260,12
RunningMeanBuffer,calculation,512,8992,256,260,12
RunningMeanSqBuffer,calculation,512,3629,256,260,12
RunningMeanBuffer,extend/append,512,847,256,260,16
RunningMeanSqBuffer,extend/append,512,692,256,260,16
RunningMeanBuffer,calculation,512,9000,256,260,16
RunningMeanSqBuffer,calculation,512,3621,256,260,16
RunningMeanBuffer,extend/append,512,707,256,260,24
RunningMeanSqBuffer,extend/append,512,614,256,260,24
RunningMeanBuffer,calculation,512,8995,256,260,24
RunningMeanSqBuffer,calculation,512,3638,256,260,24
RunningMeanBuffer,extend/append,512,674,256,260,32
RunningMeanSqBuffer,extend/append,512,605,256,260,32
RunningMeanBuffer,calculation,512,9046,256,260,32
RunningMeanSqBuffer,calculation,512,3633,256,260,32
RunningMeanBuffer,extend/append,512,591,256,260,48
RunningMeanSqBuffer,extend/append,512,554,256,260,48
RunningMeanBuffer,calculation,512,8888,256,260,48
RunningMeanSqBuffer,calculation,512,3649,256,260,48
RunningMeanBuffer,extend/append,512,587,256,260,64
RunningMeanSqBuffer,extend/append,512,558,256,260,64
RunningMeanBuffer,calculation,512,8957,256,260,64
RunningMeanSqBuffer,calculation,512,3608,256,260,64
RunningMeanBuffer,extend/append,1024,7071,256,260,1
RunningMeanSqBuffer,extend/append,1024,3093,256,260,1
RunningMeanBuffer,calculation,1024,9141,256,260,1
RunningMeanSqBuffer,calculation,1024,3740,256,260,1
RunningMeanBuffer,extend/append,1024,3837,256,260,2
RunningMeanSqBuffer,extend/append,1024,1861,256,260,2
RunningMeanBuffer,calculation,1024,9122,256,260,2
RunningMeanSqBuffer,calculation,1024,3665,256,260,2
RunningMeanBuffer,extend/append,1024,2785,256,260,3
RunningMeanSqBuffer,extend/append,1024,1402,256,260,3
RunningMeanBuffer,calculation,1024,9007,256,260,3
RunningMeanSqBuffer,calculation,1024,3678,256,260,3
RunningMeanBuffer,extend/append,1024,2152,256,260,4
RunningMeanSqBuffer,extend/append,1024,1222,256,260,4
RunningMeanBuffer,calculation,1024,9036,256,260,4
RunningMeanSqBuffer,calculation,1024,3721,256,260,4
RunningMeanBuffer,extend/append,1024,1601,256,260,6
RunningMeanSqBuffer,extend/append,1024,965,256,260,6
RunningMeanBuffer,calculation,1024,9162,256,260,6
RunningMeanSqBuffer,calculation,1024,3726,256,260,6
RunningMeanBuffer,extend/append,1024,1354,256,260,8
RunningMeanSqBuffer,extend/append,1024,856,256,260,8
RunningMeanBuffer,calculation,1024,9107,256,260,8
RunningMeanSqBuffer,calculation,1024,3623,256,260,8
RunningMeanBuffer,extend/append,1024,1043,256,260,12
RunningMeanSqBuffer,extend/append,1024,713,256,260,12
RunningMeanBuffer,calculation,1024,9012,256,260,12
RunningMeanSqBuffer,calculation,1024,3608,256,260,12
RunningMeanBuffer,extend/append,1024,976,256,260,16
RunningMeanSqBuffer,extend/append,1024,765,256,260,16
RunningMeanBuffer,calculation,1024,8944,256,260,16
RunningMeanSqBuffer,calculation,1024,3627,256,260,16
RunningMeanBuffer,extend/append,1024,804,256,260,24
RunningMeanSqBuffer,extend/append,1024,643,256,260,24
RunningMeanBuffer,calculation,1024,8970,256,260,24
RunningMeanSqBuffer,calculation,1024,3660,256,260,24
RunningMeanBuffer,extend/append,1024,736,256,260,32
RunningMeanSqBuffer,extend/append,1024,614,256,260,32
RunningMeanBuffer,calculation,1024,8936,256,260,32
RunningMeanSqBuffer,calculation,1024,3646,256,260,32
RunningMeanBuffer,extend/append,1024,601,256,260,48
RunningMeanSqBuffer,extend/append,1024,552,256,260,48
RunningMeanBuffer,calculation,1024,9025,256,260,48
RunningMeanSqBuffer,calculation,1024,3601,256,260,48
RunningMeanBuffer,extend/append,1024,598,256,260,64
RunningMeanSqBuffer,extend/append,1024,574,256,260,64
RunningMeanBuffer,calculation,1024,9033,256,260,64
RunningMeanSqBuffer,calculation,1024,3641,256,260,64
RunningMeanBuffer,extend/append,2048,7286,256,260,1
RunningMeanSqBuffer,extend/append,2048,3234,256,260,1
RunningMeanBuffer,calculation,2048,9054,256,260,1
RunningMeanSqBuffer,calculation,2048,3742,256,260,1
RunningMeanBuffer,extend/append,2048,3983,256,260,2
RunningMeanSqBuffer,extend/append,2048,1958,256,260,2
RunningMeanBuffer,calculation,2048,9125,256,260,2
RunningMeanSqBuffer,calculation,2048,3720,256,260,2
RunningMeanBuffer,extend/append,2048,2774,256,260,3
RunningMeanSqBuffer,extend/append,2048,1455,256,260,3
RunningMeanBuffer,calculation,2048,9091,256,260,3
RunningMeanSqBuffer,calculation,2048,3666,256,260,3
RunningMeanBuffer,extend/append,2048,2305,256,260,4
RunningMeanSqBuffer,extend/append,2048,1195,256,260,4
RunningMeanBuffer,calculation,2048,9017,256,260,4
RunningMeanSqBuffer,calculation,2048,3639,256,260,4
RunningMeanBuffer,extend/append,2048,1652,256,260,6
RunningMeanSqBuffer,extend/append,2048,980,256,260,6
RunningMeanBuffer,calculation,2048,9031,256,260,6
RunningMeanSqBuffer,calculation,2048,3661,256,260,6
RunningMeanBuffer,extend/append,2048,1410,256,260,8
RunningMeanSqBuffer,extend/append,2048,896,256,260,8
RunningMeanBuffer,calculation,2048,9153,256,260,8
RunningMeanSqBuffer,calculation,2048,3623,256,260,8
RunningMeanBuffer,extend/append,2048,1043,256,260,12
RunningMeanSqBuffer,extend/append,2048,748,256,260,12
RunningMeanBuffer,calculation,2048,9001,256,260,12
RunningMeanSqBuffer,calculation,2048,3667,256,260,12
RunningMeanBuffer,extend/append,2048,1000,256,260,16
RunningMeanSqBuffer,extend/append,2048,718,256,260,16
RunningMeanBuffer,calculation,2048,9012,256,260,16
RunningMeanSqBuffer,calculation,2048,3620,256,260,16
RunningMeanBuffer,extend/append,2048,815,256,260,24
RunningMeanSqBuffer,extend/append,2048,648,256,260,24
RunningMeanBuffer,calculation,2048,8874,256,260,24
RunningMeanSqBuffer,calculation,2048,3643,256,260,24
RunningMeanBuffer,extend/append,2048,869,256,260,32
RunningMeanSqBuffer,extend/append,2048,607,256,260,32
RunningMeanBuffer,calculation,2048,8933,256,260,32
RunningMeanSqBuffer,calculation,2048,3641,256,260,32
RunningMeanBuffer,extend/append,2048,605,256,260,48
RunningMeanSqBuffer,extend/append,2048,612,256,260,48
RunningMeanBuffer,calculation,2048,8952,256,260,48
RunningMeanSqBuffer,calculation,2048,3638,256,260,48
RunningMeanBuffer,extend/append,2048,610,256,260,64
RunningMeanSqBuffer,extend/append,2048,568,256,260,64
RunningMeanBuffer,calculation,2048,9038,256,260,64
RunningMeanSqBuffer,calculation,2048,3604,256,260,64
RunningMeanBuffer,extend/append,4096,7782,256,260,1
RunningMeanSqBuffer,extend/append,4096,3553,256,260,1
RunningMeanBuffer,calculation,4096,9081,256,260,1
RunningMeanSqBuffer,calculation,4096,3709,256,260,1
RunningMeanBuffer,extend/append,4096,4210,256,260,2
RunningMeanSqBuffer,extend/append,4096,2119,256,260,2
RunningMeanBuffer,calculation,4096,9174,256,260,2
RunningMeanSqBuffer,calculation,4096,3702,256,260,2
RunningMeanBuffer,extend/append,4096,2959,256,260,3
RunningMeanSqBuffer,extend/append,4096,1579,256,260,3
RunningMeanBuffer,calculation,4096,9009,256,260,3
RunningMeanSqBuffer,calculation,4096,3680,256,260,3
RunningMeanBuffer,extend/append,4096,2335,256,260,4
RunningMeanSqBuffer,extend/append,4096,1305,256,260,4
RunningMeanBuffer,calculation,4096,8975,256,260,4
RunningMeanSqBuffer,calculation,4096,3688,256,260,4
RunningMeanBuffer,extend/append,4096,1718,256,260,6
RunningMeanSqBuffer,extend/append,4096,1043,256,260,6
RunningMeanBuffer,calculation,4096,9063,256,260,6
RunningMeanSqBuffer,calculation,4096,3689,256,260,6
RunningMeanBuffer,extend/append,4096,1477,256,260,8
RunningMeanSqBuffer,extend/append,4096,965,256,260,8
RunningMeanBuffer,calculation,4096,9067,256,260,8
RunningMeanSqBuffer,calculation,4096,3668,256,260,8
RunningMeanBuffer,extend/append,4096,1122,256,260,12
RunningMeanSqBuffer,extend/append,4096,764,256,260,12
RunningMeanBuffer,calculation,4096,9143,256,260,12
RunningMeanSqBuffer,calculation,4096,3651,256,260,12
RunningMeanBuffer,extend/append,4096,1030,256,260,16
RunningMeanSqBuffer,extend/append,4096,747,256,260,16
RunningMeanBuffer,calculation,4096,8977,256,260,16
RunningMeanSqBuffer,calculation,4096,3625,256,260,16
RunningMeanBuffer,extend/append,4096,823,256,260,24
RunningMeanSqBuffer,extend/append,4096,672,256,260,24
RunningMeanBuffer,calculation,4096,9032,256,260,24
RunningMeanSqBuffer,calculation,4096,3733,256,260,24
RunningMeanBuffer,extend/append,4096,742,256,260,32
RunningMeanSqBuffer,extend/append,4096,635,256,260,32
RunningMeanBuffer,calculation,4096,8988,256,260,32
RunningMeanSqBuffer,calculation,4096,3651,256,260,32
RunningMeanBuffer,extend/append,4096,615,256,260,48
RunningMeanSqBuffer,extend/append,4096,586,256,260,48
RunningMeanBuffer,calculation,4096,8996,256,260,48
RunningMeanSqBuffer,calculation,4096,3648,256,260,48
RunningMeanBuffer,extend/append,4096,613,256,260,64
RunningMeanSqBuffer,extend/append,4096,589,256,260,64
RunningMeanBuffer,calculation,4096,9014,256,260,64
RunningMeanSqBuffer,calculation,4096,3644,256,260,64
RunningMeanBuffer,extend/append,8192,8822,256,260,1
RunningMeanSqBuffer,extend/append,8192,4056,256,260,1
RunningMeanBuffer,calculation,8192,9140,256,260,1
RunningMeanSqBuffer,calculation,8192,3758,256,260,1
RunningMeanBuffer,extend/append,8192,4766,256,260,2
RunningMeanSqBuffer,extend/append,8192,2346,256,260,2
RunningMeanBuffer,calculation,8192,9103,256,260,2
RunningMeanSqBuffer,calculation,8192,3751,256,260,2
RunningMeanBuffer,extend/append,8192,3377,256,260,3
RunningMeanSqBuffer,extend/append,8192,1777,256,260,3
RunningMeanBuffer,calculation,8192,9153,256,260,3
RunningMeanSqBuffer,calculation,8192,3774,256,260,3
RunningMeanBuffer,extend/append,8192,2655,256,260,4
RunningMeanSqBuffer,extend/append,8192,1447,256,260,4
RunningMeanBuffer,calculation,8192,9120,256,260,4
RunningMeanSqBuffer,calculation,8192,3689,256,260,4
RunningMeanBuffer,extend/append,8192,1900,256,260,6
RunningMeanSqBuffer,extend/append,8192,1129,256,260,6
RunningMeanBuffer,calculation,8192,9136,256,260,6
RunningMeanSqBuffer,calculation,8192,3665,256,260,6
RunningMeanBuffer,extend/append,8192,1627,256,260,8
RunningMeanSqBuffer,extend/append,8192,999,256,260,8
RunningMeanBuffer,calculation,8192,9052,256,260,8
RunningMeanSqBuffer,calculation,8192,3670,256,260,8
RunningMeanBuffer,extend/append,8192,1145,256,260,12
RunningMeanSqBuffer,extend/append,8192,796,256,260,12
RunningMeanBuffer,calculation,8192,9067,256,260,12
RunningMeanSqBuffer,calculation,8192,3663,256,260,12
RunningMeanBuffer,extend/append,8192,1116,256,260,16
RunningMeanSqBuffer,extend/append,8192,816,256,260,16
RunningMeanBuffer,calculation,8192,8953,256,260,16
RunningMeanSqBuffer,calculation,8192,3718,256,260,16
RunningMeanBuffer,extend/append,8192,879,256,260,24
RunningMeanSqBuffer,extend/append,8192,688,256,260,24
RunningMeanBuffer,calculation,8192,9137,256,260,24
RunningMeanSqBuffer,calculation,8192,3674,256,260,24
RunningMeanBuffer,extend/append,8192,815,256,260,32
RunningMeanSqBuffer,extend/append,8192,660,256,260,32
RunningMeanBuffer,calculation,8192,9162,256,260,32
RunningMeanSqBuffer,calculation,8192,3654,256,260,32
RunningMeanBuffer,extend/append,8192,636,256,260,48
RunningMeanSqBuffer,extend/append,8192,583,256,260,48
RunningMeanBuffer,calculation,8192,9040,256,260,48
RunningMeanSqBuffer,calculation,8192,3718,256,260,48
RunningMeanBuffer,extend/append,8192,634,256,260,64
RunningMeanSqBuffer,extend/append,8192,596,256,260,64
RunningMeanBuffer,calculation,8192,9106,256,260,64
RunningMeanSqBuffer,calculation,8192,3706,256,260,64
RunningMeanBuffer,extend/append,16384,10954,256,260,1
RunningMeanSqBuffer,extend/append,16384,74103,256,260,1
RunningMeanBuffer,calculation,16384,9211,256,260,1
RunningMeanSqBuffer,calculation,16384,5114,256,260,1
RunningMeanBuffer,extend/append,16384,5814,256,260,2
RunningMeanSqBuffer,extend/append,16384,36200,256,260,2
RunningMeanBuffer,calculation,16384,9174,256,260,2
RunningMeanSqBuffer,calculation,16384,4872,256,260,2
RunningMeanBuffer,extend/append,16384,4108,256,260,3
RunningMeanSqBuffer,extend/append,16384,22905,256,260,3
RunningMeanBuffer,calculation,16384,9152,256,260,3
RunningMeanSqBuffer,calculation,16384,4783,256,260,3
RunningMeanBuffer,extend/append,16384,3160,256,260,4
RunningMeanSqBuffer,extend/append,16384,18214,256,260,4
RunningMeanBuffer,calculation,16384,9101,256,260,4
RunningMeanSqBuffer,calculation,16384,5017,256,260,4
RunningMeanBuffer,extend/append,16384,2284,256,260,6
RunningMeanSqBuffer,extend/append,16384,11923,256,260,6
RunningMeanBuffer,calculation,16384,9124,256,260,6
RunningMeanSqBuffer,calculation,16384,4909,256,260,6
RunningMeanBuffer,extend/append,16384,1864,256,260,8
RunningMeanSqBuffer,extend/append,16384,11903,256,260,8
RunningMeanBuffer,calculation,16384,9050,256,260,8
RunningMeanSqBuffer,calculation,16384,4655,256,260,8
RunningMeanBuffer,extend/append,16384,1328,256,260,12
RunningMeanSqBuffer,extend/append,16384,6102,256,260,12
RunningMeanBuffer,calculation,16384,9105,256,260,12
RunningMeanSqBuffer,calculation,16384,4650,256,260,12
RunningMeanBuffer,extend/append,16384,1262,256,260,16
RunningMeanSqBuffer,extend/append,16384,6499,256,260,16
RunningMeanBuffer,calculation,16384,9072,256,260,16
RunningMeanSqBuffer,calculation,16384,4548,256,260,16
RunningMeanBuffer,extend/append,16384,994,256,260,24
RunningMeanSqBuffer,extend/append,16384,4705,256,260,24
RunningMeanBuffer,calculation,16384,9120,256,260,24
RunningMeanSqBuffer,calculation,16384,4745,256,260,24
RunningMeanBuffer,extend/append,16384,882,256,260,32
RunningMeanSqBuffer,extend/append,16384,3968,256,260,32
RunningMeanBuffer,calculation,16384,9120,256,260,32
RunningMeanSqBuffer,calculation,16384,4917,256,260,32
RunningMeanBuffer,extend/append,16384,685,256,260,48
RunningMeanSqBuffer,extend/append,16384,1999,256,260,48
RunningMeanBuffer,calculation,16384,9067,256,260,48
RunningMeanSqBuffer,calculation,16384,4663,256,260,48
RunningMeanBuffer,extend/append,16384,693,256,260,64
RunningMeanSqBuffer,extend/append,16384,2623,256,260,64
RunningMeanBuffer,calculation,16384,9223,256,260,64
RunningMeanSqBuffer,calculation,16384,4727,256,260,64
RunningMeanBuffer,extend/append,32768,14881,256,260,1
RunningMeanSqBuffer,extend/append,32768,67785,256,260,1
RunningMeanBuffer,calculation,32768,9263,256,260,1
RunningMeanSqBuffer,calculation,32768,4939,256,260,1
RunningMeanBuffer,extend/append,32768,7887,256,260,2
RunningMeanSqBuffer,extend/append,32768,37315,256,260,2
RunningMeanBuffer,calculation,32768,9216,256,260,2
RunningMeanSqBuffer,calculation,32768,4849,256,260,2
RunningMeanBuffer,extend/append,32768,5526,256,260,3
RunningMeanSqBuffer,extend/append,32768,24625,256,260,3
RunningMeanBuffer,calculation,32768,9270,256,260,3
RunningMeanSqBuffer,calculation,32768,4935,256,260,3
RunningMeanBuffer,extend/append,32768,4411,256,260,4
RunningMeanSqBuffer,extend/append,32768,18205,256,260,4
RunningMeanBuffer,calculation,32768,9285,256,260,4
RunningMeanSqBuffer,calculation,32768,4882,256,260,4
RunningMeanBuffer,extend/append,32768,3123,256,260,6
RunningMeanSqBuffer,extend/append,32768,13085,256,260,6
RunningMeanBuffer,calculation,32768,9189,256,260,6
RunningMeanSqBuffer,calculation,32768,5714,256,260,6
RunningMeanBuffer,extend/append,32768,2497,256,260,8
RunningMeanSqBuffer,extend/append,32768,9495,256,260,8
RunningMeanBuffer,calculation,32768,9222,256,260,8
RunningMeanSqBuffer,calculation,32768,4696,256,260,8
RunningMeanBuffer,extend/append,32768,1644,256,260,12
RunningMeanSqBuffer,extend/append,32768,8538,256,260,12
RunningMeanBuffer,calculation,32768,9280,256,260,12
RunningMeanSqBuffer,calculation,32768,4702,256,260,12
RunningMeanBuffer,extend/append,32768,1616,256,260,16
RunningMeanSqBuffer,extend/append,32768,5973,256,260,16
RunningMeanBuffer,calculation,32768,9674,256,260,16
RunningMeanSqBuffer,calculation,32768,4776,256,260,16
RunningMeanBuffer,extend/append,32768,1179,256,260,24
RunningMeanSqBuffer,extend/append,32768,4579,256,260,24
RunningMeanBuffer,calculation,32768,9072,256,260,24
RunningMeanSqBuffer,calculation,32768,4697,256,260,24
RunningMeanBuffer,extend/append,32768,1035,256,260,32
RunningMeanSqBuffer,extend/append,32768,5350,256,260,32
RunningMeanBuffer,calculation,32768,9424,256,260,32
RunningMeanSqBuffer,calculation,32768,4918,256,260,32
RunningMeanBuffer,extend/append,32768,806,256,260,48
RunningMeanSqBuffer,extend/append,32768,2009,256,260,48
RunningMeanBuffer,calculation,32768,9118,256,260,48
RunningMeanSqBuffer,calculation,32768,4618,256,260,48
RunningMeanBuffer,extend/append,32768,752,256,260,64
RunningMeanSqBuffer,extend/append,32768,1972,256,260,64
RunningMeanBuffer,calculation,32768,9153,256,260,64
RunningMeanSqBuffer,calculation,32768,5043,256,260,64
RunningMeanBuffer,extend/append,65536,23011,256,260,1
RunningMeanSqBuffer,extend/append,65536,67434,256,260,1
RunningMeanBuffer,calculation,65536,9271,256,260,1
RunningMeanSqBuffer,calculation,65536,4794,256,260,1
RunningMeanBuffer,extend/append,65536,12073,256,260,2
RunningMeanSqBuffer,extend/append,65536,37777,256,260,2
RunningMeanBuffer,calculation,65536,9264,256,260,2
RunningMeanSqBuffer,calculation,65536,4722,256,260,2
RunningMeanBuffer,extend/append,65536,8301,256,260,3
RunningMeanSqBuffer,extend/append,65536,26255,256,260,3
RunningMeanBuffer,calculation,65536,9198,256,260,3
RunningMeanSqBuffer,calculation,65536,4622,256,260,3
RunningMeanBuffer,extend/append,65536,6234,256,260,4
RunningMeanSqBuffer,extend/append,65536,20635,256,260,4
RunningMeanBuffer,calculation,65536,9255,256,260,4
RunningMeanSqBuffer,calculation,65536,4627,256,260,4
RunningMeanBuffer,extend/append,65536,4253,256,260,6
RunningMeanSqBuffer,extend/append,65536,14193,256,260,6
RunningMeanBuffer,calculation,65536,9218,256,260,6
RunningMeanSqBuffer,calculation,65536,4665,256,260,6
RunningMeanBuffer,extend/append,65536,3558,256,260,8
RunningMeanSqBuffer,extend/append,65536,16457,256,260,8
RunningMeanBuffer,calculation,65536,9292,256,260,8
RunningMeanSqBuffer,calculation,65536,4598,256,260,8
RunningMeanBuffer,extend/append,65536,2339,256,260,12
RunningMeanSqBuffer,extend/append,65536,6396,256,260,12
RunningMeanBuffer,calculation,65536,9256,256,260,12
RunningMeanSqBuffer,calculation,65536,4539,256,260,12
RunningMeanBuffer,extend/append,65536,2141,256,260,16
RunningMeanSqBuffer,extend/append,65536,6541,256,260,16
RunningMeanBuffer,calculation,65536,9113,256,260,16
RunningMeanSqBuffer,calculation,65536,4685,256,260,16
RunningMeanBuffer,extend/append,65536,1539,256,260,24
RunningMeanSqBuffer,extend/append,65536,6818,256,260,24
RunningMeanBuffer,calculation,65536,9227,256,260,24
RunningMeanSqBuffer,calculation,65536,4667,256,260,24
RunningMeanBuffer,extend/append,65536,1330,256,260,32
RunningMeanSqBuffer,extend/append,65536,4354,256,260,32
RunningMeanBuffer,calculation,65536,9243,256,260,32
RunningMeanSqBuffer,calculation,65536,5592,256,260,32
RunningMeanBuffer,extend/append,65536,972,256,260,48
RunningMeanSqBuffer,extend/append,65536,2077,256,260,48
RunningMeanBuffer,calculation,65536,9163,256,260,48
RunningMeanSqBuffer,calculation,65536,4484,256,260,48
RunningMeanBuffer,extend/append,65536,1048,256,260,64
RunningMeanSqBuffer,extend/append,65536,2175,256,260,64
RunningMeanBuffer,calculation,65536,9199,256,260,64
RunningMeanSqBuffer,calculation,65536,4469,256,260,64
RunningMeanBuffer,extend/append,131072,41345,256,260,1
RunningMeanSqBuffer,extend/append,131072,69534,256,260,1
RunningMeanBuffer,calculation,131072,9343,256,260,1
RunningMeanSqBuffer,calculation,131072,4832,256,260,1
RunningMeanBuffer,extend/append,131072,21438,256,260,2
RunningMeanSqBuffer,extend/append,131072,38308,256,260,2
RunningMeanBuffer,calculation,131072,9337,256,260,2
RunningMeanSqBuffer,calculation,131072,4699,256,260,2
RunningMeanBuffer,extend/append,131072,14341,256,260,3
RunningMeanSqBuffer,extend/append,131072,26763,256,260,3
RunningMeanBuffer,calculation,131072,9558,256,260,3
RunningMeanSqBuffer,calculation,131072,4514,256,260,3
RunningMeanBuffer,extend/append,131072,10829,256,260,4
RunningMeanSqBuffer,extend/append,131072,20988,256,260,4
RunningMeanBuffer,calculation,131072,9349,256,260,4
RunningMeanSqBuffer,calculation,131072,4470,256,260,4
RunningMeanBuffer,extend/append,131072,7143,256,260,6
RunningMeanSqBuffer,extend/append,131072,13842,256,260,6
RunningMeanBuffer,calculation,131072,9277,256,260,6
RunningMeanSqBuffer,calculation,131072,4453,256,260,6
RunningMeanBuffer,extend/append,131072,6218,256,260,8
RunningMeanSqBuffer,extend/append,131072,10689,256,260,8
RunningMeanBuffer,calculation,131072,9271,256,260,8
RunningMeanSqBuffer,calculation,131072,4970,256,260,8
RunningMeanBuffer,extend/append,131072,3823,256,260,12
RunningMeanSqBuffer,extend/append,131072,16700,256,260,12
RunningMeanBuffer,calculation,131072,9270,256,260,12
RunningMeanSqBuffer,calculation,131072,4486,256,260,12
RunningMeanBuffer,extend/append,131072,3537,256,260,16
RunningMeanSqBuffer,extend/append,131072,7679,256,260,16
RunningMeanBuffer,calculation,131072,9302,256,260,16
RunningMeanSqBuffer,calculation,131072,4481,256,260,16
RunningMeanBuffer,extend/append,131072,2317,256,260,24
RunningMeanSqBuffer,extend/append,131072,8587,256,260,24
RunningMeanBuffer,calculation,131072,9387,256,260,24
RunningMeanSqBuffer,calculation,131072,4645,256,260,24
RunningMeanBuffer,extend/append,131072,2008,256,260,32
RunningMeanSqBuffer,extend/append,131072,3710,256,260,32
RunningMeanBuffer,calculation,131072,9280,256,260,32
RunningMeanSqBuffer,calculation,131072,4627,256,260,32
RunningMeanBuffer,extend/append,131072,1284,256,260,48
RunningMeanSqBuffer,extend/append,131072,2333,256,260,48
RunningMeanBuffer,calculation,131072,9295,256,260,48
RunningMeanSqBuffer,calculation,131072,4252,256,260,48
RunningMeanBuffer,extend/append,131072,1289,256,260,64
RunningMeanSqBuffer,extend/append,131072,2232,256,260,64
RunningMeanBuffer,calculation,131072,9208,256,260,64
RunningMeanSqBuffer,calculation,131072,4366,256,260,64
RunningMeanBuffer,extend/append,262144,230463,256,260,1
RunningMeanSqBuffer,extend/append,262144,80357,256,260,1
RunningMeanBuffer,calculation,262144,9413,256,260,1
RunningMeanSqBuffer,calculation,262144,5401,256,260,1
RunningMeanBuffer,extend/append,262144,116435,256,260,2
RunningMeanSqBuffer,extend/append,262144,40544,256,260,2
RunningMeanBuffer,calculation,262144,9372,256,260,2
RunningMeanSqBuffer,calculation,262144,5342,256,260,2
RunningMeanBuffer,extend/append,262144,77249,256,260,3
RunningMeanSqBuffer,extend/append,262144,36590,256,260,3
RunningMeanBuffer,calculation,262144,9497,256,260,3
RunningMeanSqBuffer,calculation,262144,4835,256,260,3
RunningMeanBuffer,extend/append,262144,58729,256,260,4
RunningMeanSqBuffer,extend/append,262144,21546,256,260,4
RunningMeanBuffer,calculation,262144,9392,256,260,4
RunningMeanSqBuffer,calculation,262144,4693,256,260,4
RunningMeanBuffer,extend/append,262144,38300,256,260,6
RunningMeanSqBuffer,extend/append,262144,16147,256,260,6
RunningMeanBuffer,calculation,262144,9346,256,260,6
RunningMeanSqBuffer,calculation,262144,5002,256,260,6
RunningMeanBuffer,extend/append,262144,30123,256,260,8
RunningMeanSqBuffer,extend/append,262144,14851,256,260,8
RunningMeanBuffer,calculation,262144,9324,256,260,8
RunningMeanSqBuffer,calculation,262144,5088,256,260,8
RunningMeanBuffer,extend/append,262144,18335,256,260,12
RunningMeanSqBuffer,extend/append,262144,10870,256,260,12
RunningMeanBuffer,calculation,262144,9332,256,260,12
RunningMeanSqBuffer,calculation,262144,5190,256,260,12
RunningMeanBuffer,extend/append,262144,16730,256,260,16
RunningMeanSqBuffer,extend/append,262144,10843,256,260,16
RunningMeanBuffer,calculation,262144,9385,256,260,16
RunningMeanSqBuffer,calculation,262144,4904,256,260,16
RunningMeanBuffer,extend/append,262144,10675,256,260,24
RunningMeanSqBuffer,extend/append,262144,6956,256,260,24
RunningMeanBuffer,calculation,262144,9551,256,260,24
RunningMeanSqBuffer,calculation,262144,4953,256,260,24
RunningMeanBuffer,extend/append,262144,8829,256,260,32
RunningMeanSqBuffer,extend/append,262144,7943,256,260,32
RunningMeanBuffer,calculation,262144,9350,256,260,32
RunningMeanSqBuffer,calculation,262144,5022,256,260,32
RunningMeanBuffer,extend/append,262144,4774,256,260,48
RunningMeanSqBuffer,extend/append,262144,3825,256,260,48
RunningMeanBuffer,calculation,262144,9582,256,260,48
RunningMeanSqBuffer,calculation,262144,5127,256,260,48
RunningMeanBuffer,extend/append,262144,4697,256,260,64
RunningMeanSqBuffer,extend/append,262144,2602,256,260,64
RunningMeanBuffer,calculation,262144,9351,256,260,64
RunningMeanSqBuffer,calculation,262144,4674,256,260,64
RunningMeanBuffer,extend/append,524288,450962,256,260,1
RunningMeanSqBuffer,extend/append,524288,112301,256,260,1
RunningMeanBuffer,calculation,524288,9773,256,260,1
RunningMeanSqBuffer,calculation,524288,5530,256,260,1
RunningMeanBuffer,extend/append,524288,228485,256,260,2
RunningMeanSqBuffer,extend/append,524288,59141,256,260,2
RunningMeanBuffer,calculation,524288,10058,256,260,2
RunningMeanSqBuffer,calculation,524288,5565,256,260,2
RunningMeanBuffer,extend/append,524288,152158,256,260,3
RunningMeanSqBuffer,extend/append,524288,40304,256,260,3
RunningMeanBuffer,calculation,524288,9449,256,260,3
RunningMeanSqBuffer,calculation,524288,5310,256,260,3
RunningMeanBuffer,extend/append,524288,113473,256,260,4
RunningMeanSqBuffer,extend/append,524288,32275,256,260,4
RunningMeanBuffer,calculation,524288,9450,256,260,4
RunningMeanSqBuffer,calculation,524288,5280,256,260,4
RunningMeanBuffer,extend/append,524288,73995,256,260,6
RunningMeanSqBuffer,extend/append,524288,21479,256,260,6
RunningMeanBuffer,calculation,524288,9492,256,260,6
RunningMeanSqBuffer,calculation,524288,5529,256,260,6
RunningMeanBuffer,extend/append,524288,58605,256,260,8
RunningMeanSqBuffer,extend/append,524288,28806,256,260,8
RunningMeanBuffer,calculation,524288,9474,256,260,8
RunningMeanSqBuffer,calculation,524288,5414,256,260,8
RunningMeanBuffer,extend/append,524288,35513,256,260,12
RunningMeanSqBuffer,extend/append,524288,17504,256,260,12
RunningMeanBuffer,calculation,524288,9577,256,260,12
RunningMeanSqBuffer,calculation,524288,5420,256,260,12
RunningMeanBuffer,extend/append,524288,31754,256,260,16
RunningMeanSqBuffer,extend/append,524288,19999,256,260,16
RunningMeanBuffer,calculation,524288,9446,256,260,16
RunningMeanSqBuffer,calculation,524288,5316,256,260,16
RunningMeanBuffer,extend/append,524288,20779,256,260,24
RunningMeanSqBuffer,extend/append,524288,11815,256,260,24
RunningMeanBuffer,calculation,524288,9650,256,260,24
RunningMeanSqBuffer,calculation,524288,5421,256,260,24
RunningMeanBuffer,extend/append,524288,16255,256,260,32
RunningMeanSqBuffer,extend/append,524288,11370,256,260,32
RunningMeanBuffer,calculation,524288,9417,256,260,32
RunningMeanSqBuffer,calculation,524288,5219,256,260,32
RunningMeanBuffer,extend/append,524288,8738,256,260,48
RunningMeanSqBuffer,extend/append,524288,4492,256,260,48
RunningMeanBuffer,calculation,524288,9498,256,260,48
RunningMeanSqBuffer,calculation,524288,5023,256,260,48
RunningMeanBuffer,extend/append,524288,8790,256,260,64
RunningMeanSqBuffer,extend/append,524288,5054,256,260,64
RunningMeanBuffer,calculation,524288,9485,256,260,64
RunningMeanSqBuffer,calculation,524288,5336,256,260,64
RunningMeanBuffer,extend/append,1048576,897294,256,260,1
RunningMeanSqBuffer,extend/append,1048576,205718,256,260,1
RunningMeanBuffer,calculation,1048576,9755,256,260,1
RunningMeanSqBuffer,calculation,1048576,5204,256,260,1
RunningMeanBuffer,extend/append,1048576,457954,256,260,2
RunningMeanSqBuffer,extend/append,1048576,112068,256,260,2
RunningMeanBuffer,calculation,1048576,9734,256,260,2
RunningMeanSqBuffer,calculation,1048576,5094,256,260,2
RunningMeanBuffer,extend/append,1048576,300197,256,260,3
RunningMeanSqBuffer,extend/append,1048576,85421,256,260,3
RunningMeanBuffer,calculation,1048576,9822,256,260,3
RunningMeanSqBuffer,calculation,1048576,4923,256,260,3
RunningMeanBuffer,extend/append,1048576,227781,256,260,4
RunningMeanSqBuffer,extend/append,1048576,68577,256,260,4
RunningMeanBuffer,calculation,1048576,9882,256,260,4
RunningMeanSqBuffer,calculation,1048576,5149,256,260,4
RunningMeanBuffer,extend/append,1048576,146776,256,260,6
RunningMeanSqBuffer,extend/append,1048576,43586,256,260,6
RunningMeanBuffer,calculation,1048576,9689,256,260,6
RunningMeanSqBuffer,calculation,1048576,4819,256,260,6
RunningMeanBuffer,extend/append,1048576,116680,256,260,8
RunningMeanSqBuffer,extend/append,1048576,36532,256,260,8
RunningMeanBuffer,calculation,1048576,9680,256,260,8
RunningMeanSqBuffer,calculation,1048576,5162,256,260,8
RunningMeanBuffer,extend/append,1048576,70410,256,260,12
RunningMeanSqBuffer,extend/append,1048576,23142,256,260,12
RunningMeanBuffer,calculation,1048576,9597,256,260,12
RunningMeanSqBuffer,calculation,1048576,5028,256,260,12
RunningMeanBuffer,extend/append,1048576,62499,256,260,16
RunningMeanSqBuffer,extend/append,1048576,19104,256,260,16
RunningMeanBuffer,calculation,1048576,9779,256,260,16
RunningMeanSqBuffer,calculation,1048576,4914,256,260,16
RunningMeanBuffer,extend/append,1048576,39417,256,260,24
RunningMeanSqBuffer,extend/append,1048576,13374,256,260,24
RunningMeanBuffer,calculation,1048576,9815,256,260,24
RunningMeanSqBuffer,calculation,1048576,4674,256,260,24
RunningMeanBuffer,extend/append,1048576,32336,256,260,32
RunningMeanSqBuffer,extend/append,1048576,12740,256,260,32
RunningMeanBuffer,calculation,1048576,9702,256,260,32
RunningMeanSqBuffer,calculation,1048576,5005,256,260,32
RunningMeanBuffer,extend/append,1048576,16081,256,260,48
RunningMeanSqBuffer,extend/append,1048576,6001,256,260,48
RunningMeanBuffer,calculation,1048576,9753,256,260,48
RunningMeanSqBuffer,calculation,1048576,4770,256,260,48
RunningMeanBuffer,extend/append,1048576,16166,256,260,64
RunningMeanSqBuffer,extend/append,1048576,5702,256,260,64
RunningMeanBuffer,calculation,1048576,9784,256,260,64
RunningMeanSqBuffer,calculation,1048576,5027,256,260,64
RunningMeanBuffer,extend/append,2097152,1805541,256,260,1
RunningMeanSqBuffer,extend/append,2097152,395995,256,260,1
RunningMeanBuffer,calculation,2097152,10108,256,260,1
RunningMeanSqBuffer,calculation,2097152,6432,256,260,1
RunningMeanBuffer,extend/append,2097152,904799,256,260,2
RunningMeanSqBuffer,extend/append,2097152,219336,256,260,2
RunningMeanBuffer,calculation,2097152,9954,256,260,2
RunningMeanSqBuffer,calculation,2097152,6219,256,260,2
RunningMeanBuffer,extend/append,2097152,601235,256,260,3
RunningMeanSqBuffer,extend/append,2097152,144464,256,260,3
RunningMeanBuffer,calculation,2097152,10195,256,260,3
RunningMeanSqBuffer,calculation,2097152,6321,256,260,3
RunningMeanBuffer,extend/append,2097152,448407,256,260,4
RunningMeanSqBuffer,extend/append,2097152,108614,256,260,4
RunningMeanBuffer,calculation,2097152,10314,256,260,4
RunningMeanSqBuffer,calculation,2097152,6037,256,260,4
RunningMeanBuffer,extend/append,2097152,292351,256,260,6
RunningMeanSqBuffer,extend/append,2097152,77484,256,260,6
RunningMeanBuffer,calculation,2097152,9987,256,260,6
RunningMeanSqBuffer,calculation,2097152,6277,256,260,6
RunningMeanBuffer,extend/append,2097152,231079,256,260,8
RunningMeanSqBuffer,extend/append,2097152,63551,256,260,8
RunningMeanBuffer,calculation,2097152,9976,256,260,8
RunningMeanSqBuffer,calculation,2097152,6050,256,260,8
RunningMeanBuffer,extend/append,2097152,142020,256,260,12
RunningMeanSqBuffer,extend/append,2097152,39063,256,260,12
RunningMeanBuffer,calculation,2097152,10206,256,260,12
RunningMeanSqBuffer,calculation,2097152,6090,256,260,12
RunningMeanBuffer,extend/append,2097152,123701,256,260,16
RunningMeanSqBuffer,extend/append,2097152,35139,256,260,16
RunningMeanBuffer,calculation,2097152,9855,256,260,16
RunningMeanSqBuffer,calculation,2097152,6095,256,260,16
RunningMeanBuffer,extend/append,2097152,78661,256,260,24
RunningMeanSqBuffer,extend/append,2097152,21937,256,260,24
RunningMeanBuffer,calculation,2097152,9914,256,260,24
RunningMeanSqBuffer,calculation,2097152,6064,256,260,24
RunningMeanBuffer,extend/append,2097152,62347,256,260,32
RunningMeanSqBuffer,extend/append,2097152,19204,256,260,32
RunningMeanBuffer,calculation,2097152,9769,256,260,32
RunningMeanSqBuffer,calculation,2097152,6032,256,260,32
RunningMeanBuffer,extend/append,2097152,31465,256,260,48
RunningMeanSqBuffer,extend/append,2097152,9669,256,260,48
RunningMeanBuffer,calculation,2097152,9884,256,260,48
RunningMeanSqBuffer,calculation,2097152,6006,256,260,48
RunningMeanBuffer,extend/append,2097152,31553,256,260,64
RunningMeanSqBuffer,extend/append,2097152,9681,256,260,64
RunningMeanBuffer,calculation,2097152,9940,256,260,64
RunningMeanSqBuffer,calculation,2097152,6013,256,260,64
RunningMeanBuffer,extend/append,4194304,3581885,256,260,1
RunningMeanSqBuffer,extend/append,4194304,800122,256,260,1
RunningMeanBuffer,calculation,4194304,10898,256,260,1
RunningMeanSqBuffer,calculation,4194304,6390,256,260,1
RunningMeanBuffer,extend/append,4194304,1807573,256,260,2
RunningMeanSqBuffer,extend/append,4194304,425622,256,260,2
RunningMeanBuffer,calculation,4194304,11311,256,260,2
RunningMeanSqBuffer,calculation,4194304,6639,256,260,2
RunningMeanBuffer,extend/append,4194304,1199001,256,260,3
RunningMeanSqBuffer,extend/append,4194304,276087,256,260,3
RunningMeanBuffer,calculation,4194304,10817,256,260,3
RunningMeanSqBuffer,calculation,4194304,6606,256,260,3
RunningMeanBuffer,extend/append,4194304,889394,256,260,4
RunningMeanSqBuffer,extend/append,4194304,208841,256,260,4
RunningMeanBuffer,calculation,4194304,11513,256,260,4
RunningMeanSqBuffer,calculation,4194304,6110,256,260,4
RunningMeanBuffer,extend/append,4194304,584754,256,260,6
RunningMeanSqBuffer,extend/append,4194304,136785,256,260,6
RunningMeanBuffer,calculation,4194304,10740,256,260,6
RunningMeanSqBuffer,calculation,4194304,6511,256,260,6
RunningMeanBuffer,extend/append,4194304,460393,256,260,8
RunningMeanSqBuffer,extend/append,4194304,107051,256,260,8
RunningMeanBuffer,calculation,4194304,10265,256,260,8
RunningMeanSqBuffer,calculation,4194304,6255,256,260,8
RunningMeanBuffer,extend/append,4194304,278843,256,260,12
RunningMeanSqBuffer,extend/append,4194304,67353,256,260,12
RunningMeanBuffer,calculation,4194304,10285,256,260,12
RunningMeanSqBuffer,calculation,4194304,6330,256,260,12
RunningMeanBuffer,extend/append,4194304,247982,256,260,16
RunningMeanSqBuffer,extend/append,4194304,62630,256,260,16
RunningMeanBuffer,calculation,4194304,10950,256,260,16
RunningMeanSqBuffer,calculation,4194304,6123,256,260,16
RunningMeanBuffer,extend/append,4194304,156399,256,260,24
RunningMeanSqBuffer,extend/append,4194304,36570,256,260,24
RunningMeanBuffer,calculation,4194304,10355,256,260,24
RunningMeanSqBuffer,calculation,4194304,6275,256,260,24
RunningMeanBuffer,extend/append,4194304,124062,256,260,32
RunningMeanSqBuffer,extend/append,4194304,29733,256,260,32
RunningMeanBuffer,calculation,4194304,10333,256,260,32
RunningMeanSqBuffer,calculation,4194304,6020,256,260,32
RunningMeanBuffer,extend/append,4194304,62435,256,260,48
RunningMeanSqBuffer,extend/append,4194304,15209,256,260,48
RunningMeanBuffer,calculation,4194304,10490,256,260,48
RunningMeanSqBuffer,calculation,4194304,6283,256,260,48
RunningMeanBuffer,extend/append,4194304,62325,256,260,64
RunningMeanSqBuffer,extend/append,4194304,15878,256,260,64
RunningMeanBuffer,calculation,4194304,10953,256,260,64
RunningMeanSqBuffer,calculation,4194304,6139,256,260,64
RunningMeanBuffer,extend/append,8388608,7196633,256,260,1
RunningMeanSqBuffer,extend/append,8388608,1564557,256,260,1
RunningMeanBuffer,calculation,8388608,12516,256,260,1
RunningMeanSqBuffer,calculation,8388608,7779,256,260,1
RunningMeanBuffer,extend/append,8388608,3632555,256,260,2
RunningMeanSqBuffer,extend/append,8388608,798620,256,260,2
RunningMeanBuffer,calculation,8388608,10475,256,260,2
RunningMeanSqBuffer,calculation,8388608,7758,256,260,2
RunningMeanBuffer,extend/append,8388608,2411379,256,260,3
RunningMeanSqBuffer,extend/append,8388608,531677,256,260,3
RunningMeanBuffer,calculation,8388608,11006,256,260,3
RunningMeanSqBuffer,calculation,8388608,7596,256,260,3
RunningMeanBuffer,extend/append,8388608,1784212,256,260,4
RunningMeanSqBuffer,extend/append,8388608,410215,256,260,4
RunningMeanBuffer,calculation,8388608,11162,256,260,4
RunningMeanSqBuffer,calculation,8388608,7761,256,260,4
RunningMeanBuffer,extend/append,8388608,1178883,256,260,6
RunningMeanSqBuffer,extend/append,8388608,261422,256,260,6
RunningMeanBuffer,calculation,8388608,12666,256,260,6
RunningMeanSqBuffer,calculation,8388608,7257,256,260,6
RunningMeanBuffer,extend/append,8388608,921358,256,260,8
RunningMeanSqBuffer,extend/append,8388608,210736,256,260,8
RunningMeanBuffer,calculation,8388608,10968,256,260,8
RunningMeanSqBuffer,calculation,8388608,7236,256,260,8
RunningMeanBuffer,extend/append,8388608,552865,256,260,12
RunningMeanSqBuffer,extend/append,8388608,126926,256,260,12
RunningMeanBuffer,calculation,8388608,10975,256,260,12
RunningMeanSqBuffer,calculation,8388608,6956,256,260,12
RunningMeanBuffer,extend/append,8388608,495380,256,260,16
RunningMeanSqBuffer,extend/append,8388608,113193,256,260,16
RunningMeanBuffer,calculation,8388608,12256,256,260,16
RunningMeanSqBuffer,calculation,8388608,7257,256,260,16
RunningMeanBuffer,extend/append,8388608,309064,256,260,24
RunningMeanSqBuffer,extend/append,8388608,71020,256,260,24
RunningMeanBuffer,calculation,8388608,11288,256,260,24
RunningMeanSqBuffer,calculation,8388608,6886,256,260,24
RunningMeanBuffer,extend/append,8388608,246849,256,260,32
RunningMeanSqBuffer,extend/append,8388608,57577,256,260,32
RunningMeanBuffer,calculation,8388608,10791,256,260,32
RunningMeanSqBuffer,calculation,8388608,7006,256,260,32
RunningMeanBuffer,extend/append,8388608,123643,256,260,48
RunningMeanSqBuffer,extend/append,8388608,28718,256,260,48
RunningMeanBuffer,calculation,8388608,12369,256,260,48
RunningMeanSqBuffer,calculation,8388608,7069,256,260,48
RunningMeanBuffer,extend/append,8388608,125175,256,260,64
RunningMeanSqBuffer,extend/append,8388608,29269,256,260,64
RunningMeanBuffer,calculation,8388608,10356,256,260,64
RunningMeanSqBuffer,calculation,8388608,6930,256,260,64
RunningMeanBuffer,extend/append,512,4269,512,260,1
RunningMeanSqBuffer,extend/append,512,2068,512,260,1
RunningMeanBuffer,calculation,512,4459,512,260,1
RunningMeanSqBuffer,calculation,512,2468,512,260,1
RunningMeanBuffer,extend/append,512,2412,512,260,2
RunningMeanSqBuffer,extend/append,512,1404,512,260,2
RunningMeanBuffer,calculation,512,4467,512,260,2
RunningMeanSqBuffer,calculation,512,2451,512,260,2
RunningMeanBuffer,extend/append,512,1784,512,260,3
RunningMeanSqBuffer,extend/append,512,1140,512,260,3
RunningMeanBuffer,calculation,512,4426,512,260,3
RunningMeanSqBuffer,calculation,512,2435,512,260,3
RunningMeanBuffer,extend/append,512,1511,512,260,4
RunningMeanSqBuffer,extend/append,512,992,512,260,4
RunningMeanBuffer,calculation,512,4461,512,260,4
RunningMeanSqBuffer,calculation,512,2425,512,260,4
RunningMeanBuffer,extend/append,512,1174,512,260,6
RunningMeanSqBuffer,extend/append,512,859,512,260,6
RunningMeanBuffer,calculation,512,4418,512,260,6
RunningMeanSqBuffer,calculation,512,2446,512,260,6
RunningMeanBuffer,extend/append,512,1058,512,260,8
RunningMeanSqBuffer,extend/append,512,795,512,260,8
RunningMeanBuffer,calculation,512,4437,512,260,8
RunningMeanSqBuffer,calculation,512,2398,512,260,8
RunningMeanBuffer,extend/append,512,835,512,260,12
RunningMeanSqBuffer,extend/append,512,696,512,260,12
RunningMeanBuffer,calculation,512,4408,512,260,12
RunningMeanSqBuffer,calculation,512,2405,512,260,12
RunningMeanBuffer,extend/append,512,827,512,260,16
RunningMeanSqBuffer,extend/append,512,734,512,260,16
RunningMeanBuffer,calculation,512,4422,512,260,16
RunningMeanSqBuffer,calculation,512,2393,512,260,16
RunningMeanBuffer,extend/append,512,730,512,260,24
RunningMeanSqBuffer,extend/append,512,671,512,260,24
RunningMeanBuffer,calculation,512,4415,512,260,24
RunningMeanSqBuffer,calculation,512,2368,512,260,24
RunningMeanBuffer,extend/append,512,696,512,260,32
RunningMeanSqBuffer,extend/append,512,637,512,260,32
RunningMeanBuffer,calculation,512,4402,512,260,32
RunningMeanSqBuffer,calculation,512,2381,512,260,32
RunningMeanBuffer,extend/append,512,618,512,260,48
RunningMeanSqBuffer,extend/append,512,624,512,260,48
RunningMeanBuffer,calculation,512,4466,512,260,48
RunningMeanSqBuffer,calculation,512,2383,512,260,48
RunningMeanBuffer,extend/append,512,610,512,260,64
RunningMeanSqBuffer,extend/append,512,623,512,260,64
RunningMeanBuffer,calculation,512,4320,512,260,64
RunningMeanSqBuffer,calculation,512,2407,512,260,64
RunningMeanBuffer,extend/append,1024,5647,512,260,1
RunningMeanSqBuffer,extend/append,1024,2693,512,260,1
RunningMeanBuffer,calculation,1024,9368,512,260,1
RunningMeanSqBuffer,calculation,1024,3878,512,260,1
RunningMeanBuffer,extend/append,1024,3215,512,260,2
RunningMeanSqBuffer,extend/append,1024,1689,512,260,2
RunningMeanBuffer,calculation,1024,9462,512,260,2
RunningMeanSqBuffer,calculation,1024,3863,512,260,2
RunningMeanBuffer,extend/append,1024,2365,512,260,3
RunningMeanSqBuffer,extend/append,1024,1328,512,260,3
RunningMeanBuffer,calculation,1024,9392,512,260,3
RunningMeanSqBuffer,calculation,1024,3890,512,260,3
RunningMeanBuffer,extend/append,1024,1925,512,260,4
RunningMeanSqBuffer,extend/append,1024,1156,512,260,4
RunningMeanBuffer,calculation,1024,9391,512,260,4
RunningMeanSqBuffer,calculation,1024,3843,512,260,4
RunningMeanBuffer,extend/append,1024,1411,512,260,6
RunningMeanSqBuffer,extend/append,1024,945,512,260,6
RunningMeanBuffer,calculation,1024,9386,512,260,6
RunningMeanSqBuffer,calculation,1024,3811,512,260,6
RunningMeanBuffer,extend/append,1024,1249,512,260,8
RunningMeanSqBuffer,extend/append,1024,879,512,260,8
RunningMeanBuffer,calculation,1024,9386,512,260,8
RunningMeanSqBuffer,calculation,1024,3883,512,260,8
RunningMeanBuffer,extend/append,1024,967,512,260,12
RunningMeanSqBuffer,extend/append,1024,752,512,260,12
RunningMeanBuffer,calculation,1024,9323,512,260,12
RunningMeanSqBuffer,calculation,1024,3794,512,260,12
RunningMeanBuffer,extend/append,1024,948,512,260,16
RunningMeanSqBuffer,extend/append,1024,750,512,260,16
RunningMeanBuffer,calculation,1024,9258,512,260,16
RunningMeanSqBuffer,calculation,1024,3836,512,260,16
RunningMeanBuffer,extend/append,1024,813,512,260,24
RunningMeanSqBuffer,extend/append,1024,707,512,260,24
RunningMeanBuffer,calculation,1024,9335,512,260,24
RunningMeanSqBuffer,calculation,1024,3795,512,260,24
RunningMeanBuffer,extend/append,1024,758,512,260,32
RunningMeanSqBuffer,extend/append,1024,669,512,260,32
RunningMeanBuffer,calculation,1024,9333,512,260,32
RunningMeanSqBuffer,calculation,1024,3803,512,260,32
RunningMeanBuffer,extend/append,1024,659,512,260,48
RunningMeanSqBuffer,extend/append,1024,632,512,260,48
RunningMeanBuffer,calculation,1024,9321,512,260,48
RunningMeanSqBuffer,calculation,1024,3780,512,260,48
RunningMeanBuffer,extend/append,1024,665,512,260,64
RunningMeanSqBuffer,extend/append,1024,633,512,260,64
RunningMeanBuffer,calculation,1024,9336,512,260,64
RunningMeanSqBuffer,calculation,1024,3765,512,260,64
RunningMeanBuffer,extend/append,2048,7388,512,260,1
RunningMeanSqBuffer,extend/append,2048,3323,512,260,1
RunningMeanBuffer,calculation,2048,9323,512,260,1
RunningMeanSqBuffer,calculation,2048,3892,512,260,1
RunningMeanBuffer,extend/append,2048,4023,512,260,2
RunningMeanSqBuffer,extend/append,2048,2070,512,260,2
RunningMeanBuffer,calculation,2048,9461,512,260,2
RunningMeanSqBuffer,calculation,2048,3865,512,260,2
RunningMeanBuffer,extend/append,2048,2897,512,260,3
RunningMeanSqBuffer,extend/append,2048,1546,512,260,3
RunningMeanBuffer,calculation,2048,9389,512,260,3
RunningMeanSqBuffer,calculation,2048,3828,512,260,3
RunningMeanBuffer,extend/append,2048,2312,512,260,4
RunningMeanSqBuffer,extend/append,2048,1321,512,260,4
RunningMeanBuffer,calculation,2048,9364,512,260,4
RunningMeanSqBuffer,calculation,2048,3825,512,260,4
RunningMeanBuffer,extend/append,2048,1704,512,260,6
RunningMeanSqBuffer,extend/append,2048,1048,512,260,6
RunningMeanBuffer,calculation,2048,9417,512,260,6
RunningMeanSqBuffer,calculation,2048,3820,512,260,6
RunningMeanBuffer,extend/append,2048,1460,512,260,8
RunningMeanSqBuffer,extend/append,2048,959,512,260,8
RunningMeanBuffer,calculation,2048,9385,512,260,8
RunningMeanSqBuffer,calculation,2048,3856,512,260,8
RunningMeanBuffer,extend/append,2048,1096,512,260,12
RunningMeanSqBuffer,extend/append,2048,808,512,260,12
RunningMeanBuffer,calculation,2048,9296,512,260,12
RunningMeanSqBuffer,calculation,2048,3775,512,260,12
RunningMeanBuffer,extend/append,2048,1099,512,260,16
RunningMeanSqBuffer,extend/append,2048,808,512,260,16
RunningMeanBuffer,calculation,2048,9334,512,260,16
RunningMeanSqBuffer,calculation,2048,3841,512,260,16
RunningMeanBuffer,extend/append,2048,893,512,260,24
RunningMeanSqBuffer,extend/append,2048,709,512,260,24
RunningMeanBuffer,calculation,2048,9380,512,260,24
RunningMeanSqBuffer,calculation,2048,3817,512,260,24
RunningMeanBuffer,extend/append,2048,819,512,260,32
RunningMeanSqBuffer,extend/append,2048,696,512,260,32
RunningMeanBuffer,calculation,2048,9431,512,260,32
RunningMeanSqBuffer,calculation,2048,3815,512,260,32
RunningMeanBuffer,extend/append,2048,677,512,260,48
RunningMeanSqBuffer,extend/append,2048,655,512,260,48
RunningMeanBuffer,calculation,2048,9351,512,260,48
RunningMeanSqBuffer,calculation,2048,3796,512,260,48
RunningMeanBuffer,extend/append,2048,714,512,260,64
RunningMeanSqBuffer,extend/append,2048,655,512,260,64
RunningMeanBuffer,calculation,2048,9407,512,260,64
RunningMeanSqBuffer,calculation,2048,3818,512,260,64
RunningMeanBuffer,extend/append,4096,7800,512,260,1
RunningMeanSqBuffer,extend/append,4096,3672,512,260,1
RunningMeanBuffer,calculation,4096,9502,512,260,1
RunningMeanSqBuffer,calculation,4096,3941,512,260,1
RunningMeanBuffer,extend/append,4096,4380,512,260,2
RunningMeanSqBuffer,extend/append,4096,2189,512,260,2
RunningMeanBuffer,calculation,4096,9461,512,260,2
RunningMeanSqBuffer,calculation,4096,3870,512,260,2
RunningMeanBuffer,extend/append,4096,3028,512,260,3
RunningMeanSqBuffer,extend/append,4096,1665,512,260,3
RunningMeanBuffer,calculation,4096,9396,512,260,3
RunningMeanSqBuffer,calculation,4096,3854,512,260,3
RunningMeanBuffer,extend/append,4096,2433,512,260,4
RunningMeanSqBuffer,extend/append,4096,1433,512,260,4
RunningMeanBuffer,calculation,4096,9422,512,260,4
RunningMeanSqBuffer,calculation,4096,3850,512,260,4
RunningMeanBuffer,extend/append,4096,1801,512,260,6
RunningMeanSqBuffer,extend/append,4096,1117,512,260,6
RunningMeanBuffer,calculation,4096,9346,512,260,6
RunningMeanSqBuffer,calculation,4096,3837,512,260,6
RunningMeanBuffer,extend/append,4096,1529,512,260,8
RunningMeanSqBuffer,extend/append,4096,1021,512,260,8
RunningMeanBuffer,calculation,4096,9337,512,260,8
RunningMeanSqBuffer,calculation,4096,3831,512,260,8
RunningMeanBuffer,extend/append,4096,1129,512,260,12
RunningMeanSqBuffer,extend/append,4096,839,512,260,12
RunningMeanBuffer,calculation,4096,9353,512,260,12
RunningMeanSqBuffer,calculation,4096,3814,512,260,12
RunningMeanBuffer,extend/append,4096,1099,512,260,16
RunningMeanSqBuffer,extend/append,4096,836,512,260,16
RunningMeanBuffer,calculation,4096,9334,512,260,16
RunningMeanSqBuffer,calculation,4096,3828,512,260,16
RunningMeanBuffer,extend/append,4096,892,512,260,24
RunningMeanSqBuffer,extend/append,4096,749,512,260,24
RunningMeanBuffer,calculation,4096,9391,512,260,24
RunningMeanSqBuffer,calculation,4096,3835,512,260,24
RunningMeanBuffer,extend/append,4096,839,512,260,32
RunningMeanSqBuffer,extend/append,4096,716,512,260,32
RunningMeanBuffer,calculation,4096,9395,512,260,32
RunningMeanSqBuffer,calculation,4096,3802,512,260,32
RunningMeanBuffer,extend/append,4096,715,512,260,48
RunningMeanSqBuffer,extend/append,4096,692,512,260,48
RunningMeanBuffer,calculation,4096,9289,512,260,48
RunningMeanSqBuffer,calculation,4096,3815,512,260,48
RunningMeanBuffer,extend/append,4096,685,512,260,64
RunningMeanSqBuffer,extend/append,4096,658,512,260,64
RunningMeanBuffer,calculation,4096,9329,512,260,64
RunningMeanSqBuffer,calculation,4096,3836,512,260,64
RunningMeanBuffer,extend/append,8192,8813,512,260,1
RunningMeanSqBuffer,extend/append,8192,4178,512,260,1
RunningMeanBuffer,calculation,8192,9514,512,260,1
RunningMeanSqBuffer,calculation,8192,3951,512,260,1
RunningMeanBuffer,extend/append,8192,4798,512,260,2
RunningMeanSqBuffer,extend/append,8192,2452,512,260,2
RunningMeanBuffer,calculation,8192,9449,512,260,2
RunningMeanSqBuffer,calculation,8192,3878,512,260,2
RunningMeanBuffer,extend/append,8192,3404,512,260,3
RunningMeanSqBuffer,extend/append,8192,1853,512,260,3
RunningMeanBuffer,calculation,8192,9505,512,260,3
RunningMeanSqBuffer,calculation,8192,3879,512,260,3
RunningMeanBuffer,extend/append,8192,2705,512,260,4
RunningMeanSqBuffer,extend/append,8192,1553,512,260,4
RunningMeanBuffer,calculation,8192,9397,512,260,4
RunningMeanSqBuffer,calculation,8192,3855,512,260,4
RunningMeanBuffer,extend/append,8192,1941,512,260,6
RunningMeanSqBuffer,extend/append,8192,1206,512,260,6
RunningMeanBuffer,calculation,8192,9488,512,260,6
RunningMeanSqBuffer,calculation,8192,3912,512,260,6
RunningMeanBuffer,extend/append,8192,1733,512,260,8
RunningMeanSqBuffer,extend/append,8192,1082,512,260,8
RunningMeanBuffer,calculation,8192,9458,512,260,8
RunningMeanSqBuffer,calculation,8192,3845,512,260,8
RunningMeanBuffer,extend/append,8192,1223,512,260,12
RunningMeanSqBuffer,extend/append,8192,895,512,260,12
RunningMeanBuffer,calculation,8192,9314,512,260,12
RunningMeanSqBuffer,calculation,8192,3826,512,260,12
RunningMeanBuffer,extend/append,8192,1212,512,260,16
RunningMeanSqBuffer,extend/append,8192,881,512,260,16
RunningMeanBuffer,calculation,8192,9411,512,260,16
RunningMeanSqBuffer,calculation,8192,3842,512,260,16
RunningMeanBuffer,extend/append,8192,974,512,260,24
RunningMeanSqBuffer,extend/append,8192,771,512,260,24
RunningMeanBuffer,calculation,8192,9467,512,260,24
RunningMeanSqBuffer,calculation,8192,3832,512,260,24
RunningMeanBuffer,extend/append,8192,910,512,260,32
RunningMeanSqBuffer,extend/append,8192,731,512,260,32
RunningMeanBuffer,calculation,8192,9439,512,260,32
RunningMeanSqBuffer,calculation,8192,3826,512,260,32
RunningMeanBuffer,extend/append,8192,737,512,260,48
RunningMeanSqBuffer,extend/append,8192,679,512,260,48
RunningMeanBuffer,calculation,8192,9307,512,260,48
RunningMeanSqBuffer,calculation,8192,3825,512,260,48
RunningMeanBuffer,extend/append,8192,707,512,260,64
RunningMeanSqBuffer,extend/append,8192,669,512,260,64
RunningMeanBuffer,calculation,8192,9391,512,260,64
RunningMeanSqBuffer,calculation,8192,3844,512,260,64
RunningMeanBuffer,extend/append,16384,10939,512,260,1
RunningMeanSqBuffer,extend/append,16384,73676,512,260,1
RunningMeanBuffer,calculation,16384,9597,512,260,1
RunningMeanSqBuffer,calculation,16384,5609,512,260,1
RunningMeanBuffer,extend/append,16384,6004,512,260,2
RunningMeanSqBuffer,extend/append,16384,34307,512,260,2
RunningMeanBuffer,calculation,16384,9532,512,260,2
RunningMeanSqBuffer,calculation,16384,4991,512,260,2
RunningMeanBuffer,extend/append,16384,4153,512,260,3
RunningMeanSqBuffer,extend/append,16384,26031,512,260,3
RunningMeanBuffer,calculation,16384,9562,512,260,3
RunningMeanSqBuffer,calculation,16384,5033,512,260,3
RunningMeanBuffer,extend/append,16384,3261,512,260,4
RunningMeanSqBuffer,extend/append,16384,19480,512,260,4
RunningMeanBuffer,calculation,16384,9531,512,260,4
RunningMeanSqBuffer,calculation,16384,4948,512,260,4
RunningMeanBuffer,extend/append,16384,2331,512,260,6
RunningMeanSqBuffer,extend/append,16384,14803,512,260,6
RunningMeanBuffer,calculation,16384,9462,512,260,6
RunningMeanSqBuffer,calculation,16384,5021,512,260,6
RunningMeanBuffer,extend/append,16384,1952,512,260,8
RunningMeanSqBuffer,extend/append,16384,13080,512,260,8
RunningMeanBuffer,calculation,16384,12096,512,260,8
RunningMeanSqBuffer,calculation,16384,4916,512,260,8
RunningMeanBuffer,extend/append,16384,1405,512,260,12
RunningMeanSqBuffer,extend/append,16384,6754,512,260,12
RunningMeanBuffer,calculation,16384,9625,512,260,12
RunningMeanSqBuffer,calculation,16384,5028,512,260,12
RunningMeanBuffer,extend/append,16384,1354,512,260,16
RunningMeanSqBuffer,extend/append,16384,7402,512,260,16
RunningMeanBuffer,calculation,16384,9676,512,260,16
RunningMeanSqBuffer,calculation,16384,5006,512,260,16
RunningMeanBuffer,extend/append,16384,1052,512,260,24
RunningMeanSqBuffer,extend/append,16384,5143,512,260,24
RunningMeanBuffer,calculation,16384,9466,512,260,24
RunningMeanSqBuffer,calculation,16384,4882,512,260,24
RunningMeanBuffer,extend/append,16384,970,512,260,32
RunningMeanSqBuffer,extend/append,16384,3113,512,260,32
RunningMeanBuffer,calculation,16384,9487,512,260,32
RunningMeanSqBuffer,calculation,16384,4599,512,260,32
RunningMeanBuffer,extend/append,16384,747,512,260,48
RunningMeanSqBuffer,extend/append,16384,2991,512,260,48
RunningMeanBuffer,calculation,16384,9500,512,260,48
RunningMeanSqBuffer,calculation,16384,4598,512,260,48
RunningMeanBuffer,extend/append,16384,757,512,260,64
RunningMeanSqBuffer,extend/append,16384,3591,512,260,64
RunningMeanBuffer,calculation,16384,9490,512,260,64
RunningMeanSqBuffer,calculation,16384,4823,512,260,64
RunningMeanBuffer,extend/append,32768,15311,512,260,1
RunningMeanSqBuffer,extend/append,32768,69717,512,260,1
RunningMeanBuffer,calculation,32768,9737,512,260,1
RunningMeanSqBuffer,calculation,32768,5134,512,260,1
RunningMeanBuffer,extend/append,32768,8142,512,260,2
RunningMeanSqBuffer,extend/append,32768,35441,512,260,2
RunningMeanBuffer,calculation,32768,9704,512,260,2
RunningMeanSqBuffer,calculation,32768,5828,512,260,2
RunningMeanBuffer,extend/append,32768,5601,512,260,3
RunningMeanSqBuffer,extend/append,32768,23159,512,260,3
RunningMeanBuffer,calculation,32768,9559,512,260,3
RunningMeanSqBuffer,calculation,32768,4656,512,260,3
RunningMeanBuffer,extend/append,32768,4356,512,260,4
RunningMeanSqBuffer,extend/append,32768,17903,512,260,4
RunningMeanBuffer,calculation,32768,9598,512,260,4
RunningMeanSqBuffer,calculation,32768,4563,512,260,4
RunningMeanBuffer,extend/append,32768,3052,512,260,6
RunningMeanSqBuffer,extend/append,32768,16459,512,260,6
RunningMeanBuffer,calculation,32768,9623,512,260,6
RunningMeanSqBuffer,calculation,32768,5040,512,260,6
RunningMeanBuffer,extend/append,32768,2560,512,260,8
RunningMeanSqBuffer,extend/append,32768,14868,512,260,8
RunningMeanBuffer,calculation,32768,9631,512,260,8
RunningMeanSqBuffer,calculation,32768,4661,512,260,8
RunningMeanBuffer,extend/append,32768,1739,512,260,12
RunningMeanSqBuffer,extend/append,32768,9648,512,260,12
RunningMeanBuffer,calculation,32768,9559,512,260,12
RunningMeanSqBuffer,calculation,32768,4521,512,260,12
RunningMeanBuffer,extend/append,32768,1642,512,260,16
RunningMeanSqBuffer,extend/append,32768,8260,512,260,16
RunningMeanBuffer,calculation,32768,9481,512,260,16
RunningMeanSqBuffer,calculation,32768,4829,512,260,16
RunningMeanBuffer,extend/append,32768,1253,512,260,24
RunningMeanSqBuffer,extend/append,32768,7504,512,260,24
RunningMeanBuffer,calculation,32768,9498,512,260,24
RunningMeanSqBuffer,calculation,32768,4989,512,260,24
RunningMeanBuffer,extend/append,32768,1111,512,260,32
RunningMeanSqBuffer,extend/append,32768,4743,512,260,32
RunningMeanBuffer,calculation,32768,9541,512,260,32
RunningMeanSqBuffer,calculation,32768,5094,512,260,32
RunningMeanBuffer,extend/append,32768,851,512,260,48
RunningMeanSqBuffer,extend/append,32768,3450,512,260,48
RunningMeanBuffer,calculation,32768,9472,512,260,48
RunningMeanSqBuffer,calculation,32768,4939,512,260,48
RunningMeanBuffer,extend/append,32768,872,512,260,64
RunningMeanSqBuffer,extend/append,32768,2191,512,260,64
RunningMeanBuffer,calculation,32768,9562,512,260,64
RunningMeanSqBuffer,calculation,32768,4816,512,260,64
RunningMeanBuffer,extend/append,65536,23477,512,260,1
RunningMeanSqBuffer,extend/append,65536,73377,512,260,1
RunningMeanBuffer,calculation,65536,9573,512,260,1
RunningMeanSqBuffer,calculation,65536,4699,512,260,1
RunningMeanBuffer,extend/append,65536,12373,512,260,2
RunningMeanSqBuffer,extend/append,65536,35275,512,260,2
RunningMeanBuffer,calculation,65536,9632,512,260,2
RunningMeanSqBuffer,calculation,65536,4648,512,260,2
RunningMeanBuffer,extend/append,65536,8385,512,260,3
RunningMeanSqBuffer,extend/append,65536,23288,512,260,3
RunningMeanBuffer,calculation,65536,9615,512,260,3
RunningMeanSqBuffer,calculation,65536,4712,512,260,3
RunningMeanBuffer,extend/append,65536,6446,512,260,4
RunningMeanSqBuffer,extend/append,65536,18670,512,260,4
RunningMeanBuffer,calculation,65536,9551,512,260,4
RunningMeanSqBuffer,calculation,65536,4840,512,260,4
RunningMeanBuffer,extend/append,65536,4451,512,260,6
RunningMeanSqBuffer,extend/append,65536,13411,512,260,6
RunningMeanBuffer,calculation,65536,9583,512,260,6
RunningMeanSqBuffer,calculation,65536,4903,512,260,6
RunningMeanBuffer,extend/append,65536,3925,512,260,8
RunningMeanSqBuffer,extend/append,65536,11378,512,260,8
RunningMeanBuffer,calculation,65536,9605,512,260,8
RunningMeanSqBuffer,calculation,65536,4870,512,260,8
RunningMeanBuffer,extend/append,65536,2437,512,260,12
RunningMeanSqBuffer,extend/append,65536,14131,512,260,12
RunningMeanBuffer,calculation,65536,9472,512,260,12
RunningMeanSqBuffer,calculation,65536,4691,512,260,12
RunningMeanBuffer,extend/append,65536,2333,512,260,16
RunningMeanSqBuffer,extend/append,65536,16435,512,260,16
RunningMeanBuffer,calculation,65536,9559,512,260,16
RunningMeanSqBuffer,calculation,65536,5730,512,260,16
RunningMeanBuffer,extend/append,65536,1677,512,260,24
RunningMeanSqBuffer,extend/append,65536,4148,512,260,24
RunningMeanBuffer,calculation,65536,9506,512,260,24
RunningMeanSqBuffer,calculation,65536,4756,512,260,24
RunningMeanBuffer,extend/append,65536,1415,512,260,32
RunningMeanSqBuffer,extend/append,65536,8423,512,260,32
RunningMeanBuffer,calculation,65536,9658,512,260,32
RunningMeanSqBuffer,calculation,65536,4664,512,260,32
RunningMeanBuffer,extend/append,65536,1019,512,260,48
RunningMeanSqBuffer,extend/append,65536,3766,512,260,48
RunningMeanBuffer,calculation,65536,9642,512,260,48
RunningMeanSqBuffer,calculation,65536,4752,512,260,48
RunningMeanBuffer,extend/append,65536,1051,512,260,64
RunningMeanSqBuffer,extend/append,65536,5292,512,260,64
RunningMeanBuffer,calculation,65536,9529,512,260,64
RunningMeanSqBuffer,calculation,65536,5524,512,260,64
RunningMeanBuffer,extend/append,131072,41466,512,260,1
RunningMeanSqBuffer,extend/append,131072,70584,512,260,1
RunningMeanBuffer,calculation,131072,9685,512,260,1
RunningMeanSqBuffer,calculation,131072,5035,512,260,1
RunningMeanBuffer,extend/append,131072,21519,512,260,2
RunningMeanSqBuffer,extend/append,131072,34933,512,260,2
RunningMeanBuffer,calculation,131072,9677,512,260,2
RunningMeanSqBuffer,calculation,131072,4734,512,260,2
RunningMeanBuffer,extend/append,131072,14742,512,260,3
RunningMeanSqBuffer,extend/append,131072,26050,512,260,3
RunningMeanBuffer,calculation,131072,9702,512,260,3
RunningMeanSqBuffer,calculation,131072,4886,512,260,3
RunningMeanBuffer,extend/append,131072,11203,512,260,4
RunningMeanSqBuffer,extend/append,131072,18831,512,260,4
RunningMeanBuffer,calculation,131072,9632,512,260,4
RunningMeanSqBuffer,calculation,131072,4639,512,260,4
RunningMeanBuffer,extend/append,131072,7427,512,260,6
RunningMeanSqBuffer,extend/append,131072,13562,512,260,6
RunningMeanBuffer,calculation,131072,9589,512,260,6
RunningMeanSqBuffer,calculation,131072,4626,512,260,6
RunningMeanBuffer,extend/append,131072,5918,512,260,8
RunningMeanSqBuffer,extend/append,131072,15746,512,260,8
RunningMeanBuffer,calculation,131072,9720,512,260,8
RunningMeanSqBuffer,calculation,131072,4882,512,260,8
RunningMeanBuffer,extend/append,131072,3738,512,260,12
RunningMeanSqBuffer,extend/append,131072,10200,512,260,12
RunningMeanBuffer,calculation,131072,9633,512,260,12
RunningMeanSqBuffer,calculation,131072,5156,512,260,12
RunningMeanBuffer,extend/append,131072,3488,512,260,16
RunningMeanSqBuffer,extend/append,131072,16930,512,260,16
RunningMeanBuffer,calculation,131072,9644,512,260,16
RunningMeanSqBuffer,calculation,131072,4731,512,260,16
RunningMeanBuffer,extend/append,131072,2416,512,260,24
RunningMeanSqBuffer,extend/append,131072,7935,512,260,24
RunningMeanBuffer,calculation,131072,9596,512,260,24
RunningMeanSqBuffer,calculation,131072,4621,512,260,24
RunningMeanBuffer,extend/append,131072,2059,512,260,32
RunningMeanSqBuffer,extend/append,131072,3953,512,260,32
RunningMeanBuffer,calculation,131072,9528,512,260,32
RunningMeanSqBuffer,calculation,131072,4702,512,260,32
RunningMeanBuffer,extend/append,131072,1443,512,260,48
RunningMeanSqBuffer,extend/append,131072,5279,512,260,48
RunningMeanBuffer,calculation,131072,9552,512,260,48
RunningMeanSqBuffer,calculation,131072,4863,512,260,48
RunningMeanBuffer,extend/append,131072,1354,512,260,64
RunningMeanSqBuffer,extend/append,131072,4540,512,260,64
RunningMeanBuffer,calculation,131072,9573,512,260,64
RunningMeanSqBuffer,calculation,131072,5225,512,260,64
RunningMeanBuffer,extend/append,262144,230470,512,260,1
RunningMeanSqBuffer,extend/append,262144,77307,512,260,1
RunningMeanBuffer,calculation,262144,9814,512,260,1
RunningMeanSqBuffer,calculation,262144,5242,512,260,1
RunningMeanBuffer,extend/append,262144,117061,512,260,2
RunningMeanSqBuffer,extend/append,262144,42887,512,260,2
RunningMeanBuffer,calculation,262144,9818,512,260,2
RunningMeanSqBuffer,calculation,262144,5196,512,260,2
RunningMeanBuffer,extend/append,262144,77464,512,260,3
RunningMeanSqBuffer,extend/append,262144,30233,512,260,3
RunningMeanBuffer,calculation,262144,9989,512,260,3
RunningMeanSqBuffer,calculation,262144,5249,512,260,3
RunningMeanBuffer,extend/append,262144,57951,512,260,4
RunningMeanSqBuffer,extend/append,262144,25926,512,260,4
RunningMeanBuffer,calculation,262144,9730,512,260,4
RunningMeanSqBuffer,calculation,262144,5429,512,260,4
RunningMeanBuffer,extend/append,262144,38748,512,260,6
RunningMeanSqBuffer,extend/append,262144,18213,512,260,6
RunningMeanBuffer,calculation,262144,9672,512,260,6
RunningMeanSqBuffer,calculation,262144,5476,512,260,6
RunningMeanBuffer,extend/append,262144,30243,512,260,8
RunningMeanSqBuffer,extend/append,262144,20261,512,260,8
RunningMeanBuffer,calculation,262144,9774,512,260,8
RunningMeanSqBuffer,calculation,262144,5112,512,260,8
RunningMeanBuffer,extend/append,262144,18639,512,260,12
RunningMeanSqBuffer,extend/append,262144,8097,512,260,12
RunningMeanBuffer,calculation,262144,9693,512,260,12
RunningMeanSqBuffer,calculation,262144,5232,512,260,12
RunningMeanBuffer,extend/append,262144,16635,512,260,16
RunningMeanSqBuffer,extend/append,262144,16678,512,260,16
RunningMeanBuffer,calculation,262144,9696,512,260,16
RunningMeanSqBuffer,calculation,262144,5051,512,260,16
RunningMeanBuffer,extend/append,262144,10695,512,260,24
RunningMeanSqBuffer,extend/append,262144,10748,512,260,24
RunningMeanBuffer,calculation,262144,9708,512,260,24
RunningMeanSqBuffer,calculation,262144,5330,512,260,24
RunningMeanBuffer,extend/append,262144,8729,512,260,32
RunningMeanSqBuffer,extend/append,262144,8386,512,260,32
RunningMeanBuffer,calculation,262144,9701,512,260,32
RunningMeanSqBuffer,calculation,262144,5067,512,260,32
RunningMeanBuffer,extend/append,262144,4766,512,260,48
RunningMeanSqBuffer,extend/append,262144,4081,512,260,48
RunningMeanBuffer,calculation,262144,9729,512,260,48
RunningMeanSqBuffer,calculation,262144,5199,512,260,48
RunningMeanBuffer,extend/append,262144,4863,512,260,64
RunningMeanSqBuffer,extend/append,262144,4219,512,260,64
RunningMeanBuffer,calculation,262144,9690,512,260,64
RunningMeanSqBuffer,calculation,262144,5188,512,260,64
RunningMeanBuffer,extend/append,524288,457167,512,260,1
RunningMeanSqBuffer,extend/append,524288,113019,512,260,1
RunningMeanBuffer,calculation,524288,9935,512,260,1
RunningMeanSqBuffer,calculation,524288,6015,512,260,1
RunningMeanBuffer,extend/append,524288,231994,512,260,2
RunningMeanSqBuffer,extend/append,524288,58134,512,260,2
RunningMeanBuffer,calculation,524288,9874,512,260,2
RunningMeanSqBuffer,calculation,524288,5732,512,260,2
RunningMeanBuffer,extend/append,524288,152804,512,260,3
RunningMeanSqBuffer,extend/append,524288,39558,512,260,3
RunningMeanBuffer,calculation,524288,9919,512,260,3
RunningMeanSqBuffer,calculation,524288,5583,512,260,3
RunningMeanBuffer,extend/append,524288,113169,512,260,4
RunningMeanSqBuffer,extend/append,524288,32298,512,260,4
RunningMeanBuffer,calculation,524288,9943,512,260,4
RunningMeanSqBuffer,calculation,524288,5604,512,260,4
RunningMeanBuffer,extend/append,524288,74392,512,260,6
RunningMeanSqBuffer,extend/append,524288,34485,512,260,6
RunningMeanBuffer,calculation,524288,9828,512,260,6
RunningMeanSqBuffer,calculation,524288,5427,512,260,6
RunningMeanBuffer,extend/append,524288,59378,512,260,8
RunningMeanSqBuffer,extend/append,524288,31032,512,260,8
RunningMeanBuffer,calculation,524288,10273,512,260,8
RunningMeanSqBuffer,calculation,524288,5453,512,260,8
RunningMeanBuffer,extend/append,524288,36032,512,260,12
RunningMeanSqBuffer,extend/append,524288,21130,512,260,12
RunningMeanBuffer,calculation,524288,10282,512,260,12
RunningMeanSqBuffer,calculation,524288,5360,512,260,12
RunningMeanBuffer,extend/append,524288,32307,512,260,16
RunningMeanSqBuffer,extend/append,524288,17458,512,260,16
RunningMeanBuffer,calculation,524288,10398,512,260,16
RunningMeanSqBuffer,calculation,524288,5669,512,260,16
RunningMeanBuffer,extend/append,524288,21356,512,260,24
RunningMeanSqBuffer,extend/append,524288,12312,512,260,24
RunningMeanBuffer,calculation,524288,10329,512,260,24
RunningMeanSqBuffer,calculation,524288,5344,512,260,24
RunningMeanBuffer,extend/append,524288,16729,512,260,32
RunningMeanSqBuffer,extend/append,524288,9659,512,260,32
RunningMeanBuffer,calculation,524288,9705,512,260,32
RunningMeanSqBuffer,calculation,524288,5602,512,260,32
RunningMeanBuffer,extend/append,524288,8709,512,260,48
RunningMeanSqBuffer,extend/append,524288,6383,512,260,48
RunningMeanBuffer,calculation,524288,10159,512,260,48
RunningMeanSqBuffer,calculation,524288,5460,512,260,48
RunningMeanBuffer,extend/append,524288,8891,512,260,64
RunningMeanSqBuffer,extend/append,524288,4985,512,260,64
RunningMeanBuffer,calculation,524288,9750,512,260,64
RunningMeanSqBuffer,calculation,524288,5426,512,260,64
RunningMeanBuffer,extend/append,1048576,911057,512,260,1
RunningMeanSqBuffer,extend/append,1048576,206741,512,260,1
RunningMeanBuffer,calculation,1048576,10613,512,260,1
RunningMeanSqBuffer,calculation,1048576,5477,512,260,1
RunningMeanBuffer,extend/append,1048576,460422,512,260,2
RunningMeanSqBuffer,extend/append,1048576,106836,512,260,2
RunningMeanBuffer,calculation,1048576,10575,512,260,2
RunningMeanSqBuffer,calculation,1048576,5259,512,260,2
RunningMeanBuffer,extend/append,1048576,303116,512,260,3
RunningMeanSqBuffer,extend/append,1048576,71191,512,260,3
RunningMeanBuffer,calculation,1048576,10073,512,260,3
RunningMeanSqBuffer,calculation,1048576,5279,512,260,3
RunningMeanBuffer,extend/append,1048576,225703,512,260,4
RunningMeanSqBuffer,extend/append,1048576,85275,512,260,4
RunningMeanBuffer,calculation,1048576,9931,512,260,4
RunningMeanSqBuffer,calculation,1048576,5284,512,260,4
RunningMeanBuffer,extend/append,1048576,148125,512,260,6
RunningMeanSqBuffer,extend/append,1048576,52664,512,260,6
RunningMeanBuffer,calculation,1048576,10641,512,260,6
RunningMeanSqBuffer,calculation,1048576,5557,512,260,6
RunningMeanBuffer,extend/append,1048576,117968,512,260,8
RunningMeanSqBuffer,extend/append,1048576,43119,512,260,8
RunningMeanBuffer,calculation,1048576,10136,512,260,8
RunningMeanSqBuffer,calculation,1048576,5353,512,260,8
RunningMeanBuffer,extend/append,1048576,71534,512,260,12
RunningMeanSqBuffer,extend/append,1048576,29483,512,260,12
RunningMeanBuffer,calculation,1048576,10523,512,260,12
RunningMeanSqBuffer,calculation,1048576,5250,512,260,12
RunningMeanBuffer,extend/append,1048576,63132,512,260,16
RunningMeanSqBuffer,extend/append,1048576,23558,512,260,16
RunningMeanBuffer,calculation,1048576,10439,512,260,16
RunningMeanSqBuffer,calculation,1048576,5232,512,260,16
RunningMeanBuffer,extend/append,1048576,40184,512,260,24
RunningMeanSqBuffer,extend/append,1048576,13995,512,260,24
RunningMeanBuffer,calculation,1048576,9931,512,260,24
RunningMeanSqBuffer,calculation,1048576,5395,512,260,24
RunningMeanBuffer,extend/append,1048576,32248,512,260,32
RunningMeanSqBuffer,extend/append,1048576,13954,512,260,32
RunningMeanBuffer,calculation,1048576,10568,512,260,32
RunningMeanSqBuffer,calculation,1048576,5116,512,260,32
RunningMeanBuffer,extend/append,1048576,16485,512,260,48
RunningMeanSqBuffer,extend/append,1048576,6205,512,260,48
RunningMeanBuffer,calculation,1048576,9954,512,260,48
RunningMeanSqBuffer,calculation,1048576,5354,512,260,48
RunningMeanBuffer,extend/append,1048576,16505,512,260,64
RunningMeanSqBuffer,extend/append,1048576,7194,512,260,64
RunningMeanBuffer,calculation,1048576,9907,512,260,64
RunningMeanSqBuffer,calculation,1048576,5542,512,260,64
RunningMeanBuffer,extend/append,2097152,1808082,512,260,1
RunningMeanSqBuffer,extend/append,2097152,398523,512,260,1
RunningMeanBuffer,calculation,2097152,10784,512,260,1
RunningMeanSqBuffer,calculation,2097152,6579,512,260,1
RunningMeanBuffer,extend/append,2097152,917892,512,260,2
RunningMeanSqBuffer,extend/append,2097152,210680,512,260,2
RunningMeanBuffer,calculation,2097152,10258,512,260,2
RunningMeanSqBuffer,calculation,2097152,6374,512,260,2
RunningMeanBuffer,extend/append,2097152,600421,512,260,3
RunningMeanSqBuffer,extend/append,2097152,146653,512,260,3
RunningMeanBuffer,calculation,2097152,10541,512,260,3
RunningMeanSqBuffer,calculation,2097152,6475,512,260,3
RunningMeanBuffer,extend/append,2097152,447161,512,260,4
RunningMeanSqBuffer,extend/append,2097152,114903,512,260,4
RunningMeanBuffer,calculation,2097152,10379,512,260,4
RunningMeanSqBuffer,calculation,2097152,6495,512,260,4
RunningMeanBuffer,extend/append,2097152,296605,512,260,6
RunningMeanSqBuffer,extend/append,2097152,73599,512,260,6
RunningMeanBuffer,calculation,2097152,10615,512,260,6
RunningMeanSqBuffer,calculation,2097152,6524,512,260,6
RunningMeanBuffer,extend/append,2097152,233346,512,260,8
RunningMeanSqBuffer,extend/append,2097152,61124,512,260,8
RunningMeanBuffer,calculation,2097152,10488,512,260,8
RunningMeanSqBuffer,calculation,2097152,6359,512,260,8
RunningMeanBuffer,extend/append,2097152,140423,512,260,12
RunningMeanSqBuffer,extend/append,2097152,37963,512,260,12
RunningMeanBuffer,calculation,2097152,10233,512,260,12
RunningMeanSqBuffer,calculation,2097152,6202,512,260,12
RunningMeanBuffer,extend/append,2097152,125763,512,260,16
RunningMeanSqBuffer,extend/append,2097152,33892,512,260,16
RunningMeanBuffer,calculation,2097152,10380,512,260,16
RunningMeanSqBuffer,calculation,2097152,6471,512,260,16
RunningMeanBuffer,extend/append,2097152,78852,512,260,24
RunningMeanSqBuffer,extend/append,2097152,22067,512,260,24
RunningMeanBuffer,calculation,2097152,10393,512,260,24
RunningMeanSqBuffer,calculation,2097152,6157,512,260,24
RunningMeanBuffer,extend/append,2097152,63242,512,260,32
RunningMeanSqBuffer,extend/append,2097152,16722,512,260,32
RunningMeanBuffer,calculation,2097152,10369,512,260,32
RunningMeanSqBuffer,calculation,2097152,6291,512,260,32
RunningMeanBuffer,extend/append,2097152,32137,512,260,48
RunningMeanSqBuffer,extend/append,2097152,8693,512,260,48
RunningMeanBuffer,calculation,2097152,10233,512,260,48
RunningMeanSqBuffer,calculation,2097152,6258,512,260,48
RunningMeanBuffer,extend/append,2097152,31815,512,260,64
RunningMeanSqBuffer,extend/append,2097152,11039,512,260,64
RunningMeanBuffer,calculation,2097152,10265,512,260,64
RunningMeanSqBuffer,calculation,2097152,6245,512,260,64
RunningMeanBuffer,extend/append,4194304,3635380,512,260,1
RunningMeanSqBuffer,extend/append,4194304,797413,512,260,1
RunningMeanBuffer,calculation,4194304,11174,512,260,1
RunningMeanSqBuffer,calculation,4194304,6602,512,260,1
RunningMeanBuffer,extend/append,4194304,1809368,512,260,2
RunningMeanSqBuffer,extend/append,4194304,405970,512,260,2
RunningMeanBuffer,calculation,4194304,11738,512,260,2
RunningMeanSqBuffer,calculation,4194304,6769,512,260,2
RunningMeanBuffer,extend/append,4194304,1213630,512,260,3
RunningMeanSqBuffer,extend/append,4194304,269335,512,260,3
RunningMeanBuffer,calculation,4194304,12135,512,260,3
RunningMeanSqBuffer,calculation,4194304,6662,512,260,3
RunningMeanBuffer,extend/append,4194304,897024,512,260,4
RunningMeanSqBuffer,extend/append,4194304,199027,512,260,4
RunningMeanBuffer,calculation,4194304,11775,512,260,4
RunningMeanSqBuffer,calculation,4194304,6812,512,260,4
RunningMeanBuffer,extend/append,4194304,592465,512,260,6
RunningMeanSqBuffer,extend/append,4194304,131764,512,260,6
RunningMeanBuffer,calculation,4194304,11668,512,260,6
RunningMeanSqBuffer,calculation,4194304,6553,512,260,6
RunningMeanBuffer,extend/append,4194304,461377,512,260,8
RunningMeanSqBuffer,extend/append,4194304,106462,512,260,8
RunningMeanBuffer,calculation,4194304,10824,512,260,8
RunningMeanSqBuffer,calculation,4194304,6768,512,260,8
RunningMeanBuffer,extend/append,4194304,280282,512,260,12
RunningMeanSqBuffer,extend/append,4194304,63646,512,260,12
RunningMeanBuffer,calculation,4194304,11539,512,260,12
RunningMeanSqBuffer,calculation,4194304,6690,512,260,12
RunningMeanBuffer,extend/append,4194304,247132,512,260,16
RunningMeanSqBuffer,extend/append,4194304,57048,512,260,16
RunningMeanBuffer,calculation,4194304,11196,512,260,16
RunningMeanSqBuffer,calculation,4194304,6517,512,260,16
RunningMeanBuffer,extend/append,4194304,156425,512,260,24
RunningMeanSqBuffer,extend/append,4194304,35990,512,260,24
RunningMeanBuffer,calculation,4194304,11395,512,260,24
RunningMeanSqBuffer,calculation,4194304,6560,512,260,24
RunningMeanBuffer,extend/append,4194304,124097,512,260,32
RunningMeanSqBuffer,extend/append,4194304,28976,512,260,32
RunningMeanBuffer,calculation,4194304,10933,512,260,32
RunningMeanSqBuffer,calculation,4194304,6522,512,260,32
RunningMeanBuffer,extend/append,4194304,63045,512,260,48
RunningMeanSqBuffer,extend/append,4194304,15482,512,260,48
RunningMeanBuffer,calculation,4194304,10923,512,260,48
RunningMeanSqBuffer,calculation,4194304,6466,512,260,48
RunningMeanBuffer,extend/append,4194304,62340,512,260,64
RunningMeanSqBuffer,extend/append,4194304,14838,512,260,64
RunningMeanBuffer,calculation,4194304,11130,512,260,64
RunningMeanSqBuffer,calculation,4194304,6369,512,260,64
RunningMeanBuffer,extend/append,8388608,7215463,512,260,1
RunningMeanSqBuffer,extend/append,8388608,1580707,512,260,1
RunningMeanBuffer,calculation,8388608,11528,512,260,1
RunningMeanSqBuffer,calculation,8388608,7879,512,260,1
RunningMeanBuffer,extend/append,8388608,3667072,512,260,2
RunningMeanSqBuffer,extend/append,8388608,802633,512,260,2
RunningMeanBuffer,calculation,8388608,14056,512,260,2
RunningMeanSqBuffer,calculation,8388608,7686,512,260,2
RunningMeanBuffer,extend/append,8388608,2394200,512,260,3
RunningMeanSqBuffer,extend/append,8388608,534332,512,260,3
RunningMeanBuffer,calculation,8388608,14066,512,260,3
RunningMeanSqBuffer,calculation,8388608,7437,512,260,3
RunningMeanBuffer,extend/append,8388608,1794117,512,260,4
RunningMeanSqBuffer,extend/append,8388608,398634,512,260,4
RunningMeanBuffer,calculation,8388608,11463,512,260,4
RunningMeanSqBuffer,calculation,8388608,7793,512,260,4
RunningMeanBuffer,extend/append,8388608,1175421,512,260,6
RunningMeanSqBuffer,extend/append,8388608,266003,512,260,6
RunningMeanBuffer,calculation,8388608,11383,512,260,6
RunningMeanSqBuffer,calculation,8388608,7107,512,260,6
RunningMeanBuffer,extend/append,8388608,921473,512,260,8
RunningMeanSqBuffer,extend/append,8388608,208881,512,260,8
RunningMeanBuffer,calculation,8388608,11129,512,260,8
RunningMeanSqBuffer,calculation,8388608,7243,512,260,8
RunningMeanBuffer,extend/append,8388608,553415,512,260,12
RunningMeanSqBuffer,extend/append,8388608,126243,512,260,12
RunningMeanBuffer,calculation,8388608,11220,512,260,12
RunningMeanSqBuffer,calculation,8388608,7023,512,260,12
RunningMeanBuffer,extend/append,8388608,493780,512,260,16
RunningMeanSqBuffer,extend/append,8388608,114202,512,260,16
RunningMeanBuffer,calculation,8388608,11355,512,260,16
RunningMeanSqBuffer,calculation,8388608,7120,512,260,16
RunningMeanBuffer,extend/append,8388608,310385,512,260,24
RunningMeanSqBuffer,extend/append,8388608,72233,512,260,24
RunningMeanBuffer,calculation,8388608,11188,512,260,24
RunningMeanSqBuffer,calculation,8388608,7173,512,260,24
RunningMeanBuffer,extend/append,8388608,247973,512,260,32
RunningMeanSqBuffer,extend/append,8388608,58219,512,260,32
RunningMeanBuffer,calculation,8388608,11347,512,260,32
RunningMeanSqBuffer,calculation,8388608,7090,512,260,32
RunningMeanBuffer,extend/append,8388608,123516,512,260,48
RunningMeanSqBuffer,extend/append,8388608,28815,512,260,48
RunningMeanBuffer,calculation,8388608,11067,512,260,48
RunningMeanSqBuffer,calculation,8388608,6997,512,260,48
RunningMeanBuffer,extend/append,8388608,125015,512,260,64
RunningMeanSqBuffer,extend/append,8388608,29780,512,260,64
RunningMeanBuffer,calculation,8388608,11194,512,260,64
RunningMeanSqBuffer,calculation,8388608,6974,512,260,64
RunningMeanBuffer,extend/append,1024,5322,1024,260,1
RunningMeanSqBuffer,extend/append,1024,2370,1024,260,1
RunningMeanBuffer,calculation,1024,4817,1024,260,1
RunningMeanSqBuffer,calculation,1024,2804,1024,260,1
RunningMeanBuffer,extend/append,1024,2634,1024,260,2
RunningMeanSqBuffer,extend/append,1024,1587,1024,260,2
RunningMeanBuffer,calculation,1024,4769,1024,260,2
RunningMeanSqBuffer,calculation,1024,2759,1024,260,2
RunningMeanBuffer,extend/append,1024,1967,1024,260,3
RunningMeanSqBuffer,extend/append,1024,1310,1024,260,3
RunningMeanBuffer,calculation,1024,4765,1024,260,3
RunningMeanSqBuffer,calculation,1024,2732,1024,260,3
RunningMeanBuffer,extend/append,1024,1656,1024,260,4
RunningMeanSqBuffer,extend/append,1024,1149,1024,260,4
RunningMeanBuffer,calculation,1024,4879,1024,260,4
RunningMeanSqBuffer,calculation,1024,2784,1024,260,4
RunningMeanBuffer,extend/append,1024,1329,1024,260,6
RunningMeanSqBuffer,extend/append,1024,1031,1024,260,6
RunningMeanBuffer,calculation,1024,4721,1024,260,6
RunningMeanSqBuffer,calculation,1024,2713,1024,260,6
RunningMeanBuffer,extend/append,1024,1222,1024,260,8
RunningMeanSqBuffer,extend/append,1024,960,1024,260,8
RunningMeanBuffer,calculation,1024,4738,1024,260,8
RunningMeanSqBuffer,calculation,1024,2728,1024,260,8
RunningMeanBuffer,extend/append,1024,1046,1024,260,12
RunningMeanSqBuffer,extend/append,1024,866,1024,260,12
RunningMeanBuffer,calculation,1024,4725,1024,260,12
RunningMeanSqBuffer,calculation,1024,2700,1024,260,12
RunningMeanBuffer,extend/append,1024,1091,1024,260,16
RunningMeanSqBuffer,extend/append,1024,851,1024,260,16
RunningMeanBuffer,calculation,1024,4783,1024,260,16
RunningMeanSqBuffer,calculation,1024,2743,1024,260,16
RunningMeanBuffer,extend/append,1024,866,1024,260,24
RunningMeanSqBuffer,extend/append,1024,798,1024,260,24
RunningMeanBuffer,calculation,1024,4707,1024,260,24
RunningMeanSqBuffer,calculation,1024,2691,1024,260,24
RunningMeanBuffer,extend/append,1024,834,1024,260,32
RunningMeanSqBuffer,extend/append,1024,782,1024,260,32
RunningMeanBuffer,calculation,1024,4849,1024,260,32
RunningMeanSqBuffer,calculation,1024,2693,1024,260,32
RunningMeanBuffer,extend/append,1024,747,1024,260,48
RunningMeanSqBuffer,extend/append,1024,750,1024,260,48
RunningMeanBuffer,calculation,1024,4771,1024,260,48
RunningMeanSqBuffer,calculation,1024,2678,1024,260,48
RunningMeanBuffer,extend/append,1024,751,1024,260,64
RunningMeanSqBuffer,extend/append,1024,756,1024,260,64
RunningMeanBuffer,calculation,1024,4726,1024,260,64
RunningMeanSqBuffer,calculation,1024,2722,1024,260,64
RunningMeanBuffer,extend/append,2048,6220,1024,260,1
RunningMeanSqBuffer,extend/append,2048,3027,1024,260,1
RunningMeanBuffer,calculation,2048,9852,1024,260,1
RunningMeanSqBuffer,calculation,2048,4217,1024,260,1
RunningMeanBuffer,extend/append,2048,3442,1024,260,2
RunningMeanSqBuffer,extend/append,2048,1875,1024,260,2
RunningMeanBuffer,calculation,2048,9782,1024,260,2
RunningMeanSqBuffer,calculation,2048,4130,1024,260,2
RunningMeanBuffer,extend/append,2048,2580,1024,260,3
RunningMeanSqBuffer,extend/append,2048,1509,1024,260,3
RunningMeanBuffer,calculation,2048,9918,1024,260,3
RunningMeanSqBuffer,calculation,2048,4087,1024,260,3
RunningMeanBuffer,extend/append,2048,2064,1024,260,4
RunningMeanSqBuffer,extend/append,2048,1305,1024,260,4
RunningMeanBuffer,calculation,2048,9774,1024,260,4
RunningMeanSqBuffer,calculation,2048,4144,1024,260,4
RunningMeanBuffer,extend/append,2048,1608,1024,260,6
RunningMeanSqBuffer,extend/append,2048,1104,1024,260,6
RunningMeanBuffer,calculation,2048,9743,1024,260,6
RunningMeanSqBuffer,calculation,2048,4186,1024,260,6
RunningMeanBuffer,extend/append,2048,1404,1024,260,8
RunningMeanSqBuffer,extend/append,2048,1026,1024,260,8
RunningMeanBuffer,calculation,2048,9852,1024,260,8
RunningMeanSqBuffer,calculation,2048,4082,1024,260,8
RunningMeanBuffer,extend/append,2048,1143,1024,260,12
RunningMeanSqBuffer,extend/append,2048,914,1024,260,12
RunningMeanBuffer,calculation,2048,9767,1024,260,12
RunningMeanSqBuffer,calculation,2048,4100,1024,260,12
RunningMeanBuffer,extend/append,2048,1101,1024,260,16
RunningMeanSqBuffer,extend/append,2048,893,1024,260,16
RunningMeanBuffer,calculation,2048,9716,1024,260,16
RunningMeanSqBuffer,calculation,2048,4080,1024,260,16
RunningMeanBuffer,extend/append,2048,1018,1024,260,24
RunningMeanSqBuffer,extend/append,2048,838,1024,260,24
RunningMeanBuffer,calculation,2048,9820,1024,260,24
RunningMeanSqBuffer,calculation,2048,4104,1024,260,24
RunningMeanBuffer,extend/append,2048,896,1024,260,32
RunningMeanSqBuffer,extend/append,2048,807,1024,260,32
RunningMeanBuffer,calculation,2048,9958,1024,260,32
RunningMeanSqBuffer,calculation,2048,4076,1024,260,32
RunningMeanBuffer,extend/append,2048,803,1024,260,48
RunningMeanSqBuffer,extend/append,2048,787,1024,260,48
RunningMeanBuffer,calculation,2048,9749,1024,260,48
RunningMeanSqBuffer,calculation,2048,4056,1024,260,48
RunningMeanBuffer,extend/append,2048,818,1024,260,64
RunningMeanSqBuffer,extend/append,2048,804,1024,260,64
RunningMeanBuffer,calculation,2048,9782,1024,260,64
RunningMeanSqBuffer,calculation,2048,4073,1024,260,64
RunningMeanBuffer,extend/append,4096,7893,1024,260,1
RunningMeanSqBuffer,extend/append,4096,3826,1024,260,1
RunningMeanBuffer,calculation,4096,9790,1024,260,1
RunningMeanSqBuffer,calculation,4096,4228,1024,260,1
RunningMeanBuffer,extend/append,4096,4434,1024,260,2
RunningMeanSqBuffer,extend/append,4096,2337,1024,260,2
RunningMeanBuffer,calculation,4096,9837,1024,260,2
RunningMeanSqBuffer,calculation,4096,4120,1024,260,2
RunningMeanBuffer,extend/append,4096,3206,1024,260,3
RunningMeanSqBuffer,extend/append,4096,1806,1024,260,3
RunningMeanBuffer,calculation,4096,9897,1024,260,3
RunningMeanSqBuffer,calculation,4096,4153,1024,260,3
RunningMeanBuffer,extend/append,4096,2576,1024,260,4
RunningMeanSqBuffer,extend/append,4096,1542,1024,260,4
RunningMeanBuffer,calculation,4096,9977,1024,260,4
RunningMeanSqBuffer,calculation,4096,4104,1024,260,4
RunningMeanBuffer,extend/append,4096,1917,1024,260,6
RunningMeanSqBuffer,extend/append,4096,1249,1024,260,6
RunningMeanBuffer,calculation,4096,9861,1024,260,6
RunningMeanSqBuffer,calculation,4096,4126,1024,260,6
RunningMeanBuffer,extend/append,4096,1663,1024,260,8
RunningMeanSqBuffer,extend/append,4096,1236,1024,260,8
RunningMeanBuffer,calculation,4096,9839,1024,260,8
RunningMeanSqBuffer,calculation,4096,4106,1024,260,8
RunningMeanBuffer,extend/append,4096,1276,1024,260,12
RunningMeanSqBuffer,extend/append,4096,981,1024,260,12
RunningMeanBuffer,calculation,4096,9826,1024,260,12
RunningMeanSqBuffer,calculation,4096,4106,1024,260,12
RunningMeanBuffer,extend/append,4096,1291,1024,260,16
RunningMeanSqBuffer,extend/append,4096,975,1024,260,16
RunningMeanBuffer,calculation,4096,9786,1024,260,16
RunningMeanSqBuffer,calculation,4096,4086,1024,260,16
RunningMeanBuffer,extend/append,4096,1061,1024,260,24
RunningMeanSqBuffer,extend/append,4096,876,1024,260,24
RunningMeanBuffer,calculation,4096,9712,1024,260,24
RunningMeanSqBuffer,calculation,4096,4153,1024,260,24
RunningMeanBuffer,extend/append,4096,957,1024,260,32
RunningMeanSqBuffer,extend/append,4096,852,1024,260,32
RunningMeanBuffer,calculation,4096,9837,1024,260,32
RunningMeanSqBuffer,calculation,4096,4100,1024,260,32
RunningMeanBuffer,extend/append,4096,816,1024,260,48
RunningMeanSqBuffer,extend/append,4096,773,1024,260,48
RunningMeanBuffer,calculation,4096,9821,1024,260,48
RunningMeanSqBuffer,calculation,4096,4132,1024,260,48
RunningMeanBuffer,extend/append,4096,822,1024,260,64
RunningMeanSqBuffer,extend/append,4096,785,1024,260,64
RunningMeanBuffer,calculation,4096,9960,1024,260,64
RunningMeanSqBuffer,calculation,4096,4066,1024,260,64
RunningMeanBuffer,extend/append,8192,8779,1024,260,1
RunningMeanSqBuffer,extend/append,8192,4313,1024,260,1
RunningMeanBuffer,calculation,8192,10057,1024,260,1
RunningMeanSqBuffer,calculation,8192,4235,1024,260,1
RunningMeanBuffer,extend/append,8192,4993,1024,260,2
RunningMeanSqBuffer,extend/append,8192,2612,1024,260,2
RunningMeanBuffer,calculation,8192,9961,1024,260,2
RunningMeanSqBuffer,calculation,8192,4167,1024,260,2
RunningMeanBuffer,extend/append,8192,3540,1024,260,3
RunningMeanSqBuffer,extend/append,8192,1998,1024,260,3
RunningMeanBuffer,calculation,8192,9808,1024,260,3
RunningMeanSqBuffer,calculation,8192,4194,1024,260,3
RunningMeanBuffer,extend/append,8192,2808,1024,260,4
RunningMeanSqBuffer,extend/append,8192,1697,1024,260,4
RunningMeanBuffer,calculation,8192,9904,1024,260,4
RunningMeanSqBuffer,calculation,8192,4169,1024,260,4
RunningMeanBuffer,extend/append,8192,2115,1024,260,6
RunningMeanSqBuffer,extend/append,8192,1349,1024,260,6
RunningMeanBuffer,calculation,8192,9864,1024,260,6
RunningMeanSqBuffer,calculation,8192,4178,1024,260,6
RunningMeanBuffer,extend/append,8192,1820,1024,260,8
RunningMeanSqBuffer,extend/append,8192,1220,1024,260,8
RunningMeanBuffer,calculation,8192,9870,1024,260,8
RunningMeanSqBuffer,calculation,8192,4134,1024,260,8
RunningMeanBuffer,extend/append,8192,1382,1024,260,12
RunningMeanSqBuffer,extend/append,8192,1023,1024,260,12
RunningMeanBuffer,calculation,8192,9779,1024,260,12
RunningMeanSqBuffer,calculation,8192,4109,1024,260,12
RunningMeanBuffer,extend/append,8192,1312,1024,260,16
RunningMeanSqBuffer,extend/append,8192,1060,1024,260,16
RunningMeanBuffer,calculation,8192,9859,1024,260,16
RunningMeanSqBuffer,calculation,8192,4082,1024,260,16
RunningMeanBuffer,extend/append,8192,1091,1024,260,24
RunningMeanSqBuffer,extend/append,8192,915,1024,260,24
RunningMeanBuffer,calculation,8192,9809,1024,260,24
RunningMeanSqBuffer,calculation,8192,4100,1024,260,24
RunningMeanBuffer,extend/append,8192,1008,1024,260,32
RunningMeanSqBuffer,extend/append,8192,886,1024,260,32
RunningMeanBuffer,calculation,8192,9965,1024,260,32
RunningMeanSqBuffer,calculation,8192,4160,1024,260,32
RunningMeanBuffer,extend/append,8192,884,1024,260,48
RunningMeanSqBuffer,extend/append,8192,808,1024,260,48
RunningMeanBuffer,calculation,8192,9755,1024,260,48
RunningMeanSqBuffer,calculation,8192,4112,1024,260,48
RunningMeanBuffer,extend/append,8192,869,1024,260,64
RunningMeanSqBuffer,extend/append,8192,823,1024,260,64
RunningMeanBuffer,calculation,8192,9911,1024,260,64
RunningMeanSqBuffer,calculation,8192,4170,1024,260,64
RunningMeanBuffer,extend/append,16384,10902,1024,260,1
RunningMeanSqBuffer,extend/append,16384,73886,1024,260,1
RunningMeanBuffer,calculation,16384,10014,1024,260,1
RunningMeanSqBuffer,calculation,16384,6074,1024,260,1
RunningMeanBuffer,extend/append,16384,6018,1024,260,2
RunningMeanSqBuffer,extend/append,16384,34417,1024,260,2
RunningMeanBuffer,calculation,16384,10009,1024,260,2
RunningMeanSqBuffer,calculation,16384,5505,1024,260,2
RunningMeanBuffer,extend/append,16384,4647,1024,260,3
RunningMeanSqBuffer,extend/append,16384,24419,1024,260,3
RunningMeanBuffer,calculation,16384,9948,1024,260,3
RunningMeanSqBuffer,calculation,16384,5333,1024,260,3
RunningMeanBuffer,extend/append,16384,3396,1024,260,4
RunningMeanSqBuffer,extend/append,16384,17881,1024,260,4
RunningMeanBuffer,calculation,16384,9894,1024,260,4
RunningMeanSqBuffer,calculation,16384,5116,1024,260,4
RunningMeanBuffer,extend/append,16384,2430,1024,260,6
RunningMeanSqBuffer,extend/append,16384,12122,1024,260,6
RunningMeanBuffer,calculation,16384,9863,1024,260,6
RunningMeanSqBuffer,calculation,16384,5284,1024,260,6
RunningMeanBuffer,extend/append,16384,2126,1024,260,8
RunningMeanSqBuffer,extend/append,16384,9387,1024,260,8
RunningMeanBuffer,calculation,16384,9927,1024,260,8
RunningMeanSqBuffer,calculation,16384,5122,1024,260,8
RunningMeanBuffer,extend/append,16384,1549,1024,260,12
RunningMeanSqBuffer,extend/append,16384,6203,1024,260,12
RunningMeanBuffer,calculation,16384,9887,1024,260,12
RunningMeanSqBuffer,calculation,16384,5081,1024,260,12
RunningMeanBuffer,extend/append,16384,1475,1024,260,16
RunningMeanSqBuffer,extend/append,16384,6716,1024,260,16
RunningMeanBuffer,calculation,16384,9876,1024,260,16
RunningMeanSqBuffer,calculation,16384,5119,1024,260,16
RunningMeanBuffer,extend/append,16384,1196,1024,260,24
RunningMeanSqBuffer,extend/append,16384,3759,1024,260,24
RunningMeanBuffer,calculation,16384,9891,1024,260,24
RunningMeanSqBuffer,calculation,16384,4965,1024,260,24
RunningMeanBuffer,extend/append,16384,1344,1024,260,32
RunningMeanSqBuffer,extend/append,16384,3378,1024,260,32
RunningMeanBuffer,calculation,16384,9847,1024,260,32
RunningMeanSqBuffer,calculation,16384,4918,1024,260,32
RunningMeanBuffer,extend/append,16384,901,1024,260,48
RunningMeanSqBuffer,extend/append,16384,2158,1024,260,48
RunningMeanBuffer,calculation,16384,9878,1024,260,48
RunningMeanSqBuffer,calculation,16384,5422,1024,260,48
RunningMeanBuffer,extend/append,16384,920,1024,260,64
RunningMeanSqBuffer,extend/append,16384,2145,1024,260,64
RunningMeanBuffer,calculation,16384,9884,1024,260,64
RunningMeanSqBuffer,calculation,16384,5383,1024,260,64
RunningMeanBuffer,extend/append,32768,15448,1024,260,1
RunningMeanSqBuffer,extend/append,32768,72619,1024,260,1
RunningMeanBuffer,calculation,32768,10084,1024,260,1
RunningMeanSqBuffer,calculation,32768,5587,1024,260,1
RunningMeanBuffer,extend/append,32768,8295,1024,260,2
RunningMeanSqBuffer,extend/append,32768,37816,1024,260,2
RunningMeanBuffer,calculation,32768,10082,1024,260,2
RunningMeanSqBuffer,calculation,32768,6150,1024,260,2
RunningMeanBuffer,extend/append,32768,5754,1024,260,3
RunningMeanSqBuffer,extend/append,32768,23740,1024,260,3
RunningMeanBuffer,calculation,32768,10020,1024,260,3
RunningMeanSqBuffer,calculation,32768,5215,1024,260,3
RunningMeanBuffer,extend/append,32768,4488,1024,260,4
RunningMeanSqBuffer,extend/append,32768,20535,1024,260,4
RunningMeanBuffer,calculation,32768,9964,1024,260,4
RunningMeanSqBuffer,calculation,32768,5102,1024,260,4
RunningMeanBuffer,extend/append,32768,3179,1024,260,6
RunningMeanSqBuffer,extend/append,32768,12818,1024,260,6
RunningMeanBuffer,calculation,32768,10014,1024,260,6
RunningMeanSqBuffer,calculation,32768,5081,1024,260,6
RunningMeanBuffer,extend/append,32768,2688,1024,260,8
RunningMeanSqBuffer,extend/append,32768,9875,1024,260,8
RunningMeanBuffer,calculation,32768,9898,1024,260,8
RunningMeanSqBuffer,calculation,32768,5499,1024,260,8
RunningMeanBuffer,extend/append,32768,1920,1024,260,12
RunningMeanSqBuffer,extend/append,32768,6205,1024,260,12
RunningMeanBuffer,calculation,32768,10041,1024,260,12
RunningMeanSqBuffer,calculation,32768,5354,1024,260,12
RunningMeanBuffer,extend/append,32768,1803,1024,260,16
RunningMeanSqBuffer,extend/append,32768,8718,1024,260,16
RunningMeanBuffer,calculation,32768,10181,1024,260,16
RunningMeanSqBuffer,calculation,32768,5152,1024,260,16
RunningMeanBuffer,extend/append,32768,1411,1024,260,24
RunningMeanSqBuffer,extend/append,32768,4234,1024,260,24
RunningMeanBuffer,calculation,32768,10344,1024,260,24
RunningMeanSqBuffer,calculation,32768,5305,1024,260,24
RunningMeanBuffer,extend/append,32768,1313,1024,260,32
RunningMeanSqBuffer,extend/append,32768,3534,1024,260,32
RunningMeanBuffer,calculation,32768,9997,1024,260,32
RunningMeanSqBuffer,calculation,32768,5270,1024,260,32
RunningMeanBuffer,extend/append,32768,981,1024,260,48
RunningMeanSqBuffer,extend/append,32768,2155,1024,260,48
RunningMeanBuffer,calculation,32768,9936,1024,260,48
RunningMeanSqBuffer,calculation,32768,5471,1024,260,48
RunningMeanBuffer,extend/append,32768,1014,1024,260,64
RunningMeanSqBuffer,extend/append,32768,2238,1024,260,64
RunningMeanBuffer,calculation,32768,10055,1024,260,64
RunningMeanSqBuffer,calculation,32768,5396,1024,260,64
RunningMeanBuffer,extend/append,65536,24126,1024,260,1
RunningMeanSqBuffer,extend/append,65536,79325,1024,260,1
RunningMeanBuffer,calculation,65536,10118,1024,260,1
RunningMeanSqBuffer,calculation,65536,5413,1024,260,1
RunningMeanBuffer,extend/append,65536,12735,1024,260,2
RunningMeanSqBuffer,extend/append,65536,36593,1024,260,2
RunningMeanBuffer,calculation,65536,10037,1024,260,2
RunningMeanSqBuffer,calculation,65536,5119,1024,260,2
RunningMeanBuffer,extend/append,65536,8611,1024,260,3
RunningMeanSqBuffer,extend/append,65536,24206,1024,260,3
RunningMeanBuffer,calculation,65536,10021,1024,260,3
RunningMeanSqBuffer,calculation,65536,5361,1024,260,3
RunningMeanBuffer,extend/append,65536,6628,1024,260,4
RunningMeanSqBuffer,extend/append,65536,19503,1024,260,4
RunningMeanBuffer,calculation,65536,10094,1024,260,4
RunningMeanSqBuffer,calculation,65536,5406,1024,260,4
RunningMeanBuffer,extend/append,65536,4654,1024,260,6
RunningMeanSqBuffer,extend/append,65536,12133,1024,260,6
RunningMeanBuffer,calculation,65536,9953,1024,260,6
RunningMeanSqBuffer,calculation,65536,5183,1024,260,6
RunningMeanBuffer,extend/append,65536,3807,1024,260,8
RunningMeanSqBuffer,extend/append,65536,11816,1024,260,8
RunningMeanBuffer,calculation,65536,10051,1024,260,8
RunningMeanSqBuffer,calculation,65536,5324,1024,260,8
RunningMeanBuffer,extend/append,65536,2599,1024,260,12
RunningMeanSqBuffer,extend/append,65536,6592,1024,260,12
RunningMeanBuffer,calculation,65536,10013,1024,260,12
RunningMeanSqBuffer,calculation,65536,5287,1024,260,12
RunningMeanBuffer,extend/append,65536,2446,1024,260,16
RunningMeanSqBuffer,extend/append,65536,7053,1024,260,16
RunningMeanBuffer,calculation,65536,10001,1024,260,16
RunningMeanSqBuffer,calculation,65536,6054,1024,260,16
RunningMeanBuffer,extend/append,65536,1804,1024,260,24
RunningMeanSqBuffer,extend/append,65536,4173,1024,260,24
RunningMeanBuffer,calculation,65536,10071,1024,260,24
RunningMeanSqBuffer,calculation,65536,5198,1024,260,24
RunningMeanBuffer,extend/append,65536,1606,1024,260,32
RunningMeanSqBuffer,extend/append,65536,3596,1024,260,32
RunningMeanBuffer,calculation,65536,10030,1024,260,32
RunningMeanSqBuffer,calculation,65536,5111,1024,260,32
RunningMeanBuffer,extend/append,65536,1188,1024,260,48
RunningMeanSqBuffer,extend/append,65536,2237,1024,260,48
RunningMeanBuffer,calculation,65536,10042,1024,260,48
RunningMeanSqBuffer,calculation,65536,5045,1024,260,48
RunningMeanBuffer,extend/append,65536,1212,1024,260,64
RunningMeanSqBuffer,extend/append,65536,2390,1024,260,64
RunningMeanBuffer,calculation,65536,10084,1024,260,64
RunningMeanSqBuffer,calculation,65536,5233,1024,260,64
RunningMeanBuffer,extend/append,131072,42303,1024,260,1
RunningMeanSqBuffer,extend/append,131072,73243,1024,260,1
RunningMeanBuffer,calculation,131072,10086,1024,260,1
RunningMeanSqBuffer,calculation,131072,5208,1024,260,1
RunningMeanBuffer,extend/append,131072,21942,1024,260,2
RunningMeanSqBuffer,extend/append,131072,40074,1024,260,2
RunningMeanBuffer,calculation,131072,10129,1024,260,2
RunningMeanSqBuffer,calculation,131072,5530,1024,260,2
RunningMeanBuffer,extend/append,131072,14732,1024,260,3
RunningMeanSqBuffer,extend/append,131072,25952,1024,260,3
RunningMeanBuffer,calculation,131072,10317,1024,260,3
RunningMeanSqBuffer,calculation,131072,5139,1024,260,3
RunningMeanBuffer,extend/append,131072,11104,1024,260,4
RunningMeanSqBuffer,extend/append,131072,18460,1024,260,4
RunningMeanBuffer,calculation,131072,10212,1024,260,4
RunningMeanSqBuffer,calculation,131072,5646,1024,260,4
RunningMeanBuffer,extend/append,131072,7528,1024,260,6
RunningMeanSqBuffer,extend/append,131072,13972,1024,260,6
RunningMeanBuffer,calculation,131072,10117,1024,260,6
RunningMeanSqBuffer,calculation,131072,5088,1024,260,6
RunningMeanBuffer,extend/append,131072,6163,1024,260,8
RunningMeanSqBuffer,extend/append,131072,18104,1024,260,8
RunningMeanBuffer,calculation,131072,10173,1024,260,8
RunningMeanSqBuffer,calculation,131072,5189,1024,260,8
RunningMeanBuffer,extend/append,131072,3931,1024,260,12
RunningMeanSqBuffer,extend/append,131072,8565,1024,260,12
RunningMeanBuffer,calculation,131072,10086,1024,260,12
RunningMeanSqBuffer,calculation,131072,5592,1024,260,12
RunningMeanBuffer,extend/append,131072,3743,1024,260,16
RunningMeanSqBuffer,extend/append,131072,6769,1024,260,16
RunningMeanBuffer,calculation,131072,10152,1024,260,16
RunningMeanSqBuffer,calculation,131072,5647,1024,260,16
RunningMeanBuffer,extend/append,131072,2597,1024,260,24
RunningMeanSqBuffer,extend/append,131072,4306,1024,260,24
RunningMeanBuffer,calculation,131072,10122,1024,260,24
RunningMeanSqBuffer,calculation,131072,5054,1024,260,24
RunningMeanBuffer,extend/append,131072,2242,1024,260,32
RunningMeanSqBuffer,extend/append,131072,5161,1024,260,32
RunningMeanBuffer,calculation,131072,10153,1024,260,32
RunningMeanSqBuffer,calculation,131072,4954,1024,260,32
RunningMeanBuffer,extend/append,131072,1595,1024,260,48
RunningMeanSqBuffer,extend/append,131072,2510,1024,260,48
RunningMeanBuffer,calculation,131072,10190,1024,260,48
RunningMeanSqBuffer,calculation,131072,5144,1024,260,48
RunningMeanBuffer,extend/append,131072,1532,1024,260,64
RunningMeanSqBuffer,extend/append,131072,2857,1024,260,64
RunningMeanBuffer,calculation,131072,10190,1024,260,64
RunningMeanSqBuffer,calculation,131072,5407,1024,260,64
RunningMeanBuffer,extend/append,262144,233354,1024,260,1
RunningMeanSqBuffer,extend/append,262144,79259,1024,260,1
RunningMeanBuffer,calculation,262144,10354,1024,260,1
RunningMeanSqBuffer,calculation,262144,5900,1024,260,1
RunningMeanBuffer,extend/append,262144,117340,1024,260,2
RunningMeanSqBuffer,extend/append,262144,41288,1024,260,2
RunningMeanBuffer,calculation,262144,10298,1024,260,2
RunningMeanSqBuffer,calculation,262144,5863,1024,260,2
RunningMeanBuffer,extend/append,262144,77986,1024,260,3
RunningMeanSqBuffer,extend/append,262144,29062,1024,260,3
RunningMeanBuffer,calculation,262144,10276,1024,260,3
RunningMeanSqBuffer,calculation,262144,5414,1024,260,3
RunningMeanBuffer,extend/append,262144,58262,1024,260,4
RunningMeanSqBuffer,extend/append,262144,28786,1024,260,4
RunningMeanBuffer,calculation,262144,10221,1024,260,4
RunningMeanSqBuffer,calculation,262144,5560,1024,260,4
RunningMeanBuffer,extend/append,262144,39430,1024,260,6
RunningMeanSqBuffer,extend/append,262144,23338,1024,260,6
RunningMeanBuffer,calculation,262144,10163,1024,260,6
RunningMeanSqBuffer,calculation,262144,5630,1024,260,6
RunningMeanBuffer,extend/append,262144,30611,1024,260,8
RunningMeanSqBuffer,extend/append,262144,12596,1024,260,8
RunningMeanBuffer,calculation,262144,10147,1024,260,8
RunningMeanSqBuffer,calculation,262144,5505,1024,260,8
RunningMeanBuffer,extend/append,262144,18898,1024,260,12
RunningMeanSqBuffer,extend/append,262144,13281,1024,260,12
RunningMeanBuffer,calculation,262144,10132,1024,260,12
RunningMeanSqBuffer,calculation,262144,5670,1024,260,12
RunningMeanBuffer,extend/append,262144,17079,1024,260,16
RunningMeanSqBuffer,extend/append,262144,7461,1024,260,16
RunningMeanBuffer,calculation,262144,10215,1024,260,16
RunningMeanSqBuffer,calculation,262144,5441,1024,260,16
RunningMeanBuffer,extend/append,262144,10976,1024,260,24
RunningMeanSqBuffer,extend/append,262144,11889,1024,260,24
RunningMeanBuffer,calculation,262144,10136,1024,260,24
RunningMeanSqBuffer,calculation,262144,5637,1024,260,24
RunningMeanBuffer,extend/append,262144,9181,1024,260,32
RunningMeanSqBuffer,extend/append,262144,6973,1024,260,32
RunningMeanBuffer,calculation,262144,10192,1024,260,32
RunningMeanSqBuffer,calculation,262144,5731,1024,260,32
RunningMeanBuffer,extend/append,262144,5146,1024,260,48
RunningMeanSqBuffer,extend/append,262144,4082,1024,260,48
RunningMeanBuffer,calculation,262144,10182,1024,260,48
RunningMeanSqBuffer,calculation,262144,5346,1024,260,48
RunningMeanBuffer,extend/append,262144,5080,1024,260,64
RunningMeanSqBuffer,extend/append,262144,2980,1024,260,64
RunningMeanBuffer,calculation,262144,10098,1024,260,64
RunningMeanSqBuffer,calculation,262144,5350,1024,260,64
RunningMeanBuffer,extend/append,524288,453761,1024,260,1
RunningMeanSqBuffer,extend/append,524288,115529,1024,260,1
RunningMeanBuffer,calculation,524288,10307,1024,260,1
RunningMeanSqBuffer,calculation,524288,6369,1024,260,1
RunningMeanBuffer,extend/append,524288,232483,1024,260,2
RunningMeanSqBuffer,extend/append,524288,57670,1024,260,2
RunningMeanBuffer,calculation,524288,10758,1024,260,2
RunningMeanSqBuffer,calculation,524288,6091,1024,260,2
RunningMeanBuffer,extend/append,524288,153006,1024,260,3
RunningMeanSqBuffer,extend/append,524288,39857,1024,260,3
RunningMeanBuffer,calculation,524288,10523,1024,260,3
RunningMeanSqBuffer,calculation,524288,6068,1024,260,3
RunningMeanBuffer,extend/append,524288,114318,1024,260,4
RunningMeanSqBuffer,extend/append,524288,31339,1024,260,4
RunningMeanBuffer,calculation,524288,10308,1024,260,4
RunningMeanSqBuffer,calculation,524288,6252,1024,260,4
RunningMeanBuffer,extend/append,524288,75475,1024,260,6
RunningMeanSqBuffer,extend/append,524288,22989,1024,260,6
RunningMeanBuffer,calculation,524288,10279,1024,260,6
RunningMeanSqBuffer,calculation,524288,6297,1024,260,6
RunningMeanBuffer,extend/append,524288,60229,1024,260,8
RunningMeanSqBuffer,extend/append,524288,36455,1024,260,8
RunningMeanBuffer,calculation,524288,10407,1024,260,8
RunningMeanSqBuffer,calculation,524288,6049,1024,260,8
RunningMeanBuffer,extend/append,524288,36512,1024,260,12
RunningMeanSqBuffer,extend/append,524288,25353,1024,260,12
RunningMeanBuffer,calculation,524288,10708,1024,260,12
RunningMeanSqBuffer,calculation,524288,5919,1024,260,12
RunningMeanBuffer,extend/append,524288,32622,1024,260,16
RunningMeanSqBuffer,extend/append,524288,19991,1024,260,16
RunningMeanBuffer,calculation,524288,10346,1024,260,16
RunningMeanSqBuffer,calculation,524288,5836,1024,260,16
RunningMeanBuffer,extend/append,524288,21050,1024,260,24
RunningMeanSqBuffer,extend/append,524288,12027,1024,260,24
RunningMeanBuffer,calculation,524288,10232,1024,260,24
RunningMeanSqBuffer,calculation,524288,5854,1024,260,24
RunningMeanBuffer,extend/append,524288,16707,1024,260,32
RunningMeanSqBuffer,extend/append,524288,6505,1024,260,32
RunningMeanBuffer,calculation,524288,10228,1024,260,32
RunningMeanSqBuffer,calculation,524288,5991,1024,260,32
RunningMeanBuffer,extend/append,524288,8968,1024,260,48
RunningMeanSqBuffer,extend/append,524288,5779,1024,260,48
RunningMeanBuffer,calculation,524288,10334,1024,260,48
RunningMeanSqBuffer,calculation,524288,5906,1024,260,48
RunningMeanBuffer,extend/append,524288,8874,1024,260,64
RunningMeanSqBuffer,extend/append,524288,4998,1024,260,64
RunningMeanBuffer,calculation,524288,10284,1024,260,64
RunningMeanSqBuffer,calculation,524288,6196,1024,260,64
RunningMeanBuffer,extend/append,1048576,902521,1024,260,1
RunningMeanSqBuffer,extend/append,1048576,208038,1024,260,1
RunningMeanBuffer,calculation,1048576,10666,1024,260,1
RunningMeanSqBuffer,calculation,1048576,5785,1024,260,1
RunningMeanBuffer,extend/append,1048576,454867,1024,260,2
RunningMeanSqBuffer,extend/append,1048576,107197,1024,260,2
RunningMeanBuffer,calculation,1048576,10533,1024,260,2
RunningMeanSqBuffer,calculation,1048576,5624,1024,260,2
RunningMeanBuffer,extend/append,1048576,304607,1024,260,3
RunningMeanSqBuffer,extend/append,1048576,71691,1024,260,3
RunningMeanBuffer,calculation,1048576,10722,1024,260,3
RunningMeanSqBuffer,calculation,1048576,5522,1024,260,3
RunningMeanBuffer,extend/append,1048576,225560,1024,260,4
RunningMeanSqBuffer,extend/append,1048576,53336,1024,260,4
RunningMeanBuffer,calculation,1048576,10530,1024,260,4
RunningMeanSqBuffer,calculation,1048576,5796,1024,260,4
RunningMeanBuffer,extend/append,1048576,147564,1024,260,6
RunningMeanSqBuffer,extend/append,1048576,49989,1024,260,6
RunningMeanBuffer,calculation,1048576,10854,1024,260,6
RunningMeanSqBuffer,calculation,1048576,5902,1024,260,6
RunningMeanBuffer,extend/append,1048576,116803,1024,260,8
RunningMeanSqBuffer,extend/append,1048576,38359,1024,260,8
RunningMeanBuffer,calculation,1048576,10757,1024,260,8
RunningMeanSqBuffer,calculation,1048576,5589,1024,260,8
RunningMeanBuffer,extend/append,1048576,70930,1024,260,12
RunningMeanSqBuffer,extend/append,1048576,23237,1024,260,12
RunningMeanBuffer,calculation,1048576,10493,1024,260,12
RunningMeanSqBuffer,calculation,1048576,5344,1024,260,12
RunningMeanBuffer,extend/append,1048576,63533,1024,260,16
RunningMeanSqBuffer,extend/append,1048576,23431,1024,260,16
RunningMeanBuffer,calculation,1048576,10480,1024,260,16
RunningMeanSqBuffer,calculation,1048576,5338,1024,260,16
RunningMeanBuffer,extend/append,1048576,39979,1024,260,24
RunningMeanSqBuffer,extend/append,1048576,13813,1024,260,24
RunningMeanBuffer,calculation,1048576,10505,1024,260,24
RunningMeanSqBuffer,calculation,1048576,5485,1024,260,24
RunningMeanBuffer,extend/append,1048576,32069,1024,260,32
RunningMeanSqBuffer,extend/append,1048576,14251,1024,260,32
RunningMeanBuffer,calculation,1048576,10593,1024,260,32
RunningMeanSqBuffer,calculation,1048576,5457,1024,260,32
RunningMeanBuffer,extend/append,1048576,16833,1024,260,48
RunningMeanSqBuffer,extend/append,1048576,7821,1024,260,48
RunningMeanBuffer,calculation,1048576,10557,1024,260,48
RunningMeanSqBuffer,calculation,1048576,5470,1024,260,48
RunningMeanBuffer,extend/append,1048576,16623,1024,260,64
RunningMeanSqBuffer,extend/append,1048576,4981,1024,260,64
RunningMeanBuffer,calculation,1048576,10484,1024,260,64
RunningMeanSqBuffer,calculation,1048576,5280,1024,260,64
RunningMeanBuffer,extend/append,2097152,1799369,1024,260,1
RunningMeanSqBuffer,extend/append,2097152,400048,1024,260,1
RunningMeanBuffer,calculation,2097152,11121,1024,260,1
RunningMeanSqBuffer,calculation,2097152,7258,1024,260,1
RunningMeanBuffer,extend/append,2097152,907233,1024,260,2
RunningMeanSqBuffer,extend/append,2097152,215746,1024,260,2
RunningMeanBuffer,calculation,2097152,10998,1024,260,2
RunningMeanSqBuffer,calculation,2097152,6924,1024,260,2
RunningMeanBuffer,extend/append,2097152,606326,1024,260,3
RunningMeanSqBuffer,extend/append,2097152,153149,1024,260,3
RunningMeanBuffer,calculation,2097152,10969,1024,260,3
RunningMeanSqBuffer,calculation,2097152,6882,1024,260,3
RunningMeanBuffer,extend/append,2097152,452937,1024,260,4
RunningMeanSqBuffer,extend/append,2097152,112029,1024,260,4
RunningMeanBuffer,calculation,2097152,10858,1024,260,4
RunningMeanSqBuffer,calculation,2097152,6676,1024,260,4
RunningMeanBuffer,extend/append,2097152,293207,1024,260,6
RunningMeanSqBuffer,extend/append,2097152,75826,1024,260,6
RunningMeanBuffer,calculation,2097152,10669,1024,260,6
RunningMeanSqBuffer,calculation,2097152,6810,1024,260,6
RunningMeanBuffer,extend/append,2097152,233364,1024,260,8
RunningMeanSqBuffer,extend/append,2097152,60326,1024,260,8
RunningMeanBuffer,calculation,2097152,11036,1024,260,8
RunningMeanSqBuffer,calculation,2097152,6824,1024,260,8
RunningMeanBuffer,extend/append,2097152,141927,1024,260,12
RunningMeanSqBuffer,extend/append,2097152,36056,1024,260,12
RunningMeanBuffer,calculation,2097152,10826,1024,260,12
RunningMeanSqBuffer,calculation,2097152,6661,1024,260,12
RunningMeanBuffer,extend/append,2097152,124898,1024,260,16
RunningMeanSqBuffer,extend/append,2097152,32664,1024,260,16
RunningMeanBuffer,calculation,2097152,10977,1024,260,16
RunningMeanSqBuffer,calculation,2097152,6897,1024,260,16
RunningMeanBuffer,extend/append,2097152,77998,1024,260,24
RunningMeanSqBuffer,extend/append,2097152,19809,1024,260,24
RunningMeanBuffer,calculation,2097152,11153,1024,260,24
RunningMeanSqBuffer,calculation,2097152,6649,1024,260,24
RunningMeanBuffer,extend/append,2097152,62996,1024,260,32
RunningMeanSqBuffer,extend/append,2097152,16554,1024,260,32
RunningMeanBuffer,calculation,2097152,10905,1024,260,32
RunningMeanSqBuffer,calculation,2097152,6669,1024,260,32
RunningMeanBuffer,extend/append,2097152,32393,1024,260,48
RunningMeanSqBuffer,extend/append,2097152,9807,1024,260,48
RunningMeanBuffer,calculation,2097152,11042,1024,260,48
RunningMeanSqBuffer,calculation,2097152,6547,1024,260,48
RunningMeanBuffer,extend/append,2097152,32323,1024,260,64
RunningMeanSqBuffer,extend/append,2097152,9997,1024,260,64
RunningMeanBuffer,calculation,2097152,10807,1024,260,64
RunningMeanSqBuffer,calculation,2097152,6886,1024,260,64
RunningMeanBuffer,extend/append,4194304,3633470,1024,260,1
RunningMeanSqBuffer,extend/append,4194304,795380,1024,260,1
RunningMeanBuffer,calculation,4194304,11333,1024,260,1
RunningMeanSqBuffer,calculation,4194304,7648,1024,260,1
RunningMeanBuffer,extend/append,4194304,1818126,1024,260,2
RunningMeanSqBuffer,extend/append,4194304,406327,1024,260,2
RunningMeanBuffer,calculation,4194304,12241,1024,260,2
RunningMeanSqBuffer,calculation,4194304,7398,1024,260,2
RunningMeanBuffer,extend/append,4194304,1203291,1024,260,3
RunningMeanSqBuffer,extend/append,4194304,267417,1024,260,3
RunningMeanBuffer,calculation,4194304,11219,1024,260,3
RunningMeanSqBuffer,calculation,4194304,7128,1024,260,3
RunningMeanBuffer,extend/append,4194304,897861,1024,260,4
RunningMeanSqBuffer,extend/append,4194304,200399,1024,260,4
RunningMeanBuffer,calculation,4194304,11875,1024,260,4
RunningMeanSqBuffer,calculation,4194304,7130,1024,260,4
RunningMeanBuffer,extend/append,4194304,584828,1024,260,6
RunningMeanSqBuffer,extend/append,4194304,131735,1024,260,6
RunningMeanBuffer,calculation,4194304,12303,1024,260,6
RunningMeanSqBuffer,calculation,4194304,7011,1024,260,6
RunningMeanBuffer,extend/append,4194304,466569,1024,260,8
RunningMeanSqBuffer,extend/append,4194304,104828,1024,260,8
RunningMeanBuffer,calculation,4194304,12267,1024,260,8
RunningMeanSqBuffer,calculation,4194304,7364,1024,260,8
RunningMeanBuffer,extend/append,4194304,281068,1024,260,12
RunningMeanSqBuffer,extend/append,4194304,63311,1024,260,12
RunningMeanBuffer,calculation,4194304,12433,1024,260,12
RunningMeanSqBuffer,calculation,4194304,7160,1024,260,12
RunningMeanBuffer,extend/append,4194304,247915,1024,260,16
RunningMeanSqBuffer,extend/append,4194304,57201,1024,260,16
RunningMeanBuffer,calculation,4194304,11662,1024,260,16
RunningMeanSqBuffer,calculation,4194304,7014,1024,260,16
RunningMeanBuffer,extend/append,4194304,154662,1024,260,24
RunningMeanSqBuffer,extend/append,4194304,36565,1024,260,24
RunningMeanBuffer,calculation,4194304,12062,1024,260,24
RunningMeanSqBuffer,calculation,4194304,7127,1024,260,24
RunningMeanBuffer,extend/append,4194304,123828,1024,260,32
RunningMeanSqBuffer,extend/append,4194304,29493,1024,260,32
RunningMeanBuffer,calculation,4194304,11491,1024,260,32
RunningMeanSqBuffer,calculation,4194304,7165,1024,260,32
RunningMeanBuffer,extend/append,4194304,63343,1024,260,48
RunningMeanSqBuffer,extend/append,4194304,15849,1024,260,48
RunningMeanBuffer,calculation,4194304,12330,1024,260,48
RunningMeanSqBuffer,calculation,4194304,6764,1024,260,48
RunningMeanBuffer,extend/append,4194304,63375,1024,260,64
RunningMeanSqBuffer,extend/append,4194304,15345,1024,260,64
RunningMeanBuffer,calculation,4194304,12301,1024,260,64
RunningMeanSqBuffer,calculation,4194304,6994,1024,260,64
RunningMeanBuffer,extend/append,8388608,7210806,1024,260,1
RunningMeanSqBuffer,extend/append,8388608,1582202,1024,260,1
RunningMeanBuffer,calculation,8388608,12036,1024,260,1
RunningMeanSqBuffer,calculation,8388608,8083,1024,260,1
RunningMeanBuffer,extend/append,8388608,3617344,1024,260,2
RunningMeanSqBuffer,extend/append,8388608,804158,1024,260,2
RunningMeanBuffer,calculation,8388608,11669,1024,260,2
RunningMeanSqBuffer,calculation,8388608,8437,1024,260,2
RunningMeanBuffer,extend/append,8388608,2423663,1024,260,3
RunningMeanSqBuffer,extend/append,8388608,534421,1024,260,3
RunningMeanBuffer,calculation,8388608,14605,1024,260,3
RunningMeanSqBuffer,calculation,8388608,7923,1024,260,3
RunningMeanBuffer,extend/append,8388608,1783420,1024,260,4
RunningMeanSqBuffer,extend/append,8388608,398200,1024,260,4
RunningMeanBuffer,calculation,8388608,13283,1024,260,4
RunningMeanSqBuffer,calculation,8388608,7717,1024,260,4
RunningMeanBuffer,extend/append,8388608,1182137,1024,260,6
RunningMeanSqBuffer,extend/append,8388608,262658,1024,260,6
RunningMeanBuffer,calculation,8388608,11685,1024,260,6
RunningMeanSqBuffer,calculation,8388608,7617,1024,260,6
RunningMeanBuffer,extend/append,8388608,928958,1024,260,8
RunningMeanSqBuffer,extend/append,8388608,210896,1024,260,8
RunningMeanBuffer,calculation,8388608,11630,1024,260,8
RunningMeanSqBuffer,calculation,8388608,7509,1024,260,8
RunningMeanBuffer,extend/append,8388608,556047,1024,260,12
RunningMeanSqBuffer,extend/append,8388608,129430,1024,260,12
RunningMeanBuffer,calculation,8388608,12661,1024,260,12
RunningMeanSqBuffer,calculation,8388608,7881,1024,260,12
RunningMeanBuffer,extend/append,8388608,499722,1024,260,16
RunningMeanSqBuffer,extend/append,8388608,112590,1024,260,16
RunningMeanBuffer,calculation,8388608,11352,1024,260,16
RunningMeanSqBuffer,calculation,8388608,7599,1024,260,16
RunningMeanBuffer,extend/append,8388608,308667,1024,260,24
RunningMeanSqBuffer,extend/append,8388608,72808,1024,260,24
RunningMeanBuffer,calculation,8388608,12738,1024,260,24
RunningMeanSqBuffer,calculation,8388608,7796,1024,260,24
RunningMeanBuffer,extend/append,8388608,247931,1024,260,32
RunningMeanSqBuffer,extend/append,8388608,56777,1024,260,32
RunningMeanBuffer,calculation,8388608,11802,1024,260,32
RunningMeanSqBuffer,calculation,8388608,7571,1024,260,32
RunningMeanBuffer,extend/append,8388608,124071,1024,260,48
RunningMeanSqBuffer,extend/append,8388608,29382,1024,260,48
RunningMeanBuffer,calculation,8388608,14301,1024,260,48
RunningMeanSqBuffer,calculation,8388608,7397,1024,260,48
RunningMeanBuffer,extend/append,8388608,123887,1024,260,64
RunningMeanSqBuffer,extend/append,8388608,29639,1024,260,64
RunningMeanBuffer,calculation,8388608,11560,1024,260,64
RunningMeanSqBuffer,calculation,8388608,7797,1024,260,64
RunningMeanBuffer,extend/append,2048,5790,2048,260,1
RunningMeanSqBuffer,extend/append,2048,2607,2048,260,1
RunningMeanBuffer,calculation,2048,5442,2048,260,1
RunningMeanSqBuffer,calculation,2048,3269,2048,260,1
RunningMeanBuffer,extend/append,2048,2932,2048,260,2
RunningMeanSqBuffer,extend/append,2048,1847,2048,260,2
RunningMeanBuffer,calculation,2048,5368,2048,260,2
RunningMeanSqBuffer,calculation,2048,3194,2048,260,2
RunningMeanBuffer,extend/append,2048,2241,2048,260,3
RunningMeanSqBuffer,extend/append,2048,1572,2048,260,3
RunningMeanBuffer,calculation,2048,5459,2048,260,3
RunningMeanSqBuffer,calculation,2048,3191,2048,260,3
RunningMeanBuffer,extend/append,2048,1914,2048,260,4
RunningMeanSqBuffer,extend/append,2048,1358,2048,260,4
RunningMeanBuffer,calculation,2048,5361,2048,260,4
RunningMeanSqBuffer,calculation,2048,3158,2048,260,4
RunningMeanBuffer,extend/append,2048,1553,2048,260,6
RunningMeanSqBuffer,extend/append,2048,1188,2048,260,6
RunningMeanBuffer,calculation,2048,5417,2048,260,6
RunningMeanSqBuffer,calculation,2048,3155,2048,260,6
RunningMeanBuffer,extend/append,2048,1409,2048,260,8
RunningMeanSqBuffer,extend/append,2048,1141,2048,260,8
RunningMeanBuffer,calculation,2048,5369,2048,260,8
RunningMeanSqBuffer,calculation,2048,3127,2048,260,8
RunningMeanBuffer,extend/append,2048,1204,2048,260,12
RunningMeanSqBuffer,extend/append,2048,1059,2048,260,12
RunningMeanBuffer,calculation,2048,5456,2048,260,12
RunningMeanSqBuffer,calculation,2048,3115,2048,260,12
RunningMeanBuffer,extend/append,2048,1174,2048,260,16
RunningMeanSqBuffer,extend/append,2048,1043,2048,260,16
RunningMeanBuffer,calculation,2048,5324,2048,260,16
RunningMeanSqBuffer,calculation,2048,3147,2048,260,16
RunningMeanBuffer,extend/append,2048,1068,2048,260,24
RunningMeanSqBuffer,extend/append,2048,1007,2048,260,24
RunningMeanBuffer,calculation,2048,5335,2048,260,24
RunningMeanSqBuffer,calculation,2048,3133,2048,260,24
RunningMeanBuffer,extend/append,2048,1001,2048,260,32
RunningMeanSqBuffer,extend/append,2048,958,2048,260,32
RunningMeanBuffer,calculation,2048,5339,2048,260,32
RunningMeanSqBuffer,calculation,2048,3182,2048,260,32
RunningMeanBuffer,extend/append,2048,941,2048,260,48
RunningMeanSqBuffer,extend/append,2048,935,2048,260,48
RunningMeanBuffer,calculation,2048,5311,2048,260,48
RunningMeanSqBuffer,calculation,2048,3149,2048,260,48
RunningMeanBuffer,extend/append,2048,940,2048,260,64
RunningMeanSqBuffer,extend/append,2048,969,2048,260,64
RunningMeanBuffer,calculation,2048,5400,2048,260,64
RunningMeanSqBuffer,calculation,2048,3124,2048,260,64
RunningMeanBuffer,extend/append,4096,6744,2048,260,1
RunningMeanSqBuffer,extend/append,4096,3501,2048,260,1
RunningMeanBuffer,calculation,4096,10693,2048,260,1
RunningMeanSqBuffer,calculation,4096,4816,2048,260,1
RunningMeanBuffer,extend/append,4096,3875,2048,260,2
RunningMeanSqBuffer,extend/append,4096,2229,2048,260,2
RunningMeanBuffer,calculation,4096,10665,2048,260,2
RunningMeanSqBuffer,calculation,4096,4763,2048,260,2
RunningMeanBuffer,extend/append,4096,2851,2048,260,3
RunningMeanSqBuffer,extend/append,4096,1775,2048,260,3
RunningMeanBuffer,calculation,4096,10649,2048,260,3
RunningMeanSqBuffer,calculation,4096,4770,2048,260,3
RunningMeanBuffer,extend/append,4096,2381,2048,260,4
RunningMeanSqBuffer,extend/append,4096,1603,2048,260,4
RunningMeanBuffer,calculation,4096,10730,2048,260,4
RunningMeanSqBuffer,calculation,4096,4731,2048,260,4
RunningMeanBuffer,extend/append,4096,1864,2048,260,6
RunningMeanSqBuffer,extend/append,4096,1354,2048,260,6
RunningMeanBuffer,calculation,4096,10735,2048,260,6
RunningMeanSqBuffer,calculation,4096,4774,2048,260,6
RunningMeanBuffer,extend/append,4096,1667,2048,260,8
RunningMeanSqBuffer,extend/append,4096,1264,2048,260,8
RunningMeanBuffer,calculation,4096,10825,2048,260,8
RunningMeanSqBuffer,calculation,4096,4803,2048,260,8
RunningMeanBuffer,extend/append,4096,1323,2048,260,12
RunningMeanSqBuffer,extend/append,4096,1116,2048,260,12
RunningMeanBuffer,calculation,4096,10620,2048,260,12
RunningMeanSqBuffer,calculation,4096,4671,2048,260,12
RunningMeanBuffer,extend/append,4096,1321,2048,260,16
RunningMeanSqBuffer,extend/append,4096,1107,2048,260,16
RunningMeanBuffer,calculation,4096,10729,2048,260,16
RunningMeanSqBuffer,calculation,4096,4717,2048,260,16
RunningMeanBuffer,extend/append,4096,1179,2048,260,24
RunningMeanSqBuffer,extend/append,4096,1086,2048,260,24
RunningMeanBuffer,calculation,4096,10772,2048,260,24
RunningMeanSqBuffer,calculation,4096,4695,2048,260,24
RunningMeanBuffer,extend/append,4096,1075,2048,260,32
RunningMeanSqBuffer,extend/append,4096,969,2048,260,32
RunningMeanBuffer,calculation,4096,10763,2048,260,32
RunningMeanSqBuffer,calculation,4096,4743,2048,260,32
RunningMeanBuffer,extend/append,4096,976,2048,260,48
RunningMeanSqBuffer,extend/append,4096,979,2048,260,48
RunningMeanBuffer,calculation,4096,10666,2048,260,48
RunningMeanSqBuffer,calculation,4096,4697,2048,260,48
RunningMeanBuffer,extend/append,4096,939,2048,260,64
RunningMeanSqBuffer,extend/append,4096,951,2048,260,64
RunningMeanBuffer,calculation,4096,10612,2048,260,64
RunningMeanSqBuffer,calculation,4096,4716,2048,260,64
RunningMeanBuffer,extend/append,8192,9083,2048,260,1
RunningMeanSqBuffer,extend/append,8192,4531,2048,260,1
RunningMeanBuffer,calculation,8192,10811,2048,260,1
RunningMeanSqBuffer,calculation,8192,4867,2048,260,1
RunningMeanBuffer,extend/append,8192,5077,2048,260,2
RunningMeanSqBuffer,extend/append,8192,2823,2048,260,2
RunningMeanBuffer,calculation,8192,11376,2048,260,2
RunningMeanSqBuffer,calculation,8192,4767,2048,260,2
RunningMeanBuffer,extend/append,8192,3707,2048,260,3
RunningMeanSqBuffer,extend/append,8192,2223,2048,260,3
RunningMeanBuffer,calculation,8192,10828,2048,260,3
RunningMeanSqBuffer,calculation,8192,4770,2048,260,3
RunningMeanBuffer,extend/append,8192,3027,2048,260,4
RunningMeanSqBuffer,extend/append,8192,1827,2048,260,4
RunningMeanBuffer,calculation,8192,10755,2048,260,4
RunningMeanSqBuffer,calculation,8192,4814,2048,260,4
RunningMeanBuffer,extend/append,8192,2243,2048,260,6
RunningMeanSqBuffer,extend/append,8192,1510,2048,260,6
RunningMeanBuffer,calculation,8192,10655,2048,260,6
RunningMeanSqBuffer,calculation,8192,4726,2048,260,6
RunningMeanBuffer,extend/append,8192,1968,2048,260,8
RunningMeanSqBuffer,extend/append,8192,1395,2048,260,8
RunningMeanBuffer,calculation,8192,10732,2048,260,8
RunningMeanSqBuffer,calculation,8192,4740,2048,260,8
RunningMeanBuffer,extend/append,8192,1509,2048,260,12
RunningMeanSqBuffer,extend/append,8192,1195,2048,260,12
RunningMeanBuffer,calculation,8192,10674,2048,260,12
RunningMeanSqBuffer,calculation,8192,4726,2048,260,12
RunningMeanBuffer,extend/append,8192,1467,2048,260,16
RunningMeanSqBuffer,extend/append,8192,1166,2048,260,16
RunningMeanBuffer,calculation,8192,10612,2048,260,16
RunningMeanSqBuffer,calculation,8192,4739,2048,260,16
RunningMeanBuffer,extend/append,8192,1266,2048,260,24
RunningMeanSqBuffer,extend/append,8192,1078,2048,260,24
RunningMeanBuffer,calculation,8192,10748,2048,260,24
RunningMeanSqBuffer,calculation,8192,4703,2048,260,24
RunningMeanBuffer,extend/append,8192,1159,2048,260,32
RunningMeanSqBuffer,extend/append,8192,1029,2048,260,32
RunningMeanBuffer,calculation,8192,10718,2048,260,32
RunningMeanSqBuffer,calculation,8192,4727,2048,260,32
RunningMeanBuffer,extend/append,8192,1002,2048,260,48
RunningMeanSqBuffer,extend/append,8192,962,2048,260,48
RunningMeanBuffer,calculation,8192,10621,2048,260,48
RunningMeanSqBuffer,calculation,8192,4671,2048,260,48
RunningMeanBuffer,extend/append,8192,1023,2048,260,64
RunningMeanSqBuffer,extend/append,8192,969,2048,260,64
RunningMeanBuffer,calculation,8192,10793,2048,260,64
RunningMeanSqBuffer,calculation,8192,4654,2048,260,64
RunningMeanBuffer,extend/append,16384,11007,2048,260,1
RunningMeanSqBuffer,extend/append,16384,77372,2048,260,1
RunningMeanBuffer,calculation,16384,10843,2048,260,1
RunningMeanSqBuffer,calculation,16384,6546,2048,260,1
RunningMeanBuffer,extend/append,16384,6139,2048,260,2
RunningMeanSqBuffer,extend/append,16384,35594,2048,260,2
RunningMeanBuffer,calculation,16384,10872,2048,260,2
RunningMeanSqBuffer,calculation,16384,6294,2048,260,2
RunningMeanBuffer,extend/append,16384,4431,2048,260,3
RunningMeanSqBuffer,extend/append,16384,23825,2048,260,3
RunningMeanBuffer,calculation,16384,10949,2048,260,3
RunningMeanSqBuffer,calculation,16384,6498,2048,260,3
RunningMeanBuffer,extend/append,16384,3468,2048,260,4
RunningMeanSqBuffer,extend/append,16384,18212,2048,260,4
RunningMeanBuffer,calculation,16384,10892,2048,260,4
RunningMeanSqBuffer,calculation,16384,6091,2048,260,4
RunningMeanBuffer,extend/append,16384,2581,2048,260,6
RunningMeanSqBuffer,extend/append,16384,13032,2048,260,6
RunningMeanBuffer,calculation,16384,10715,2048,260,6
RunningMeanSqBuffer,calculation,16384,6534,2048,260,6
RunningMeanBuffer,extend/append,16384,2254,2048,260,8
RunningMeanSqBuffer,extend/append,16384,11796,2048,260,8
RunningMeanBuffer,calculation,16384,10927,2048,260,8
RunningMeanSqBuffer,calculation,16384,6133,2048,260,8
RunningMeanBuffer,extend/append,16384,1685,2048,260,12
RunningMeanSqBuffer,extend/append,16384,6432,2048,260,12
RunningMeanBuffer,calculation,16384,10832,2048,260,12
RunningMeanSqBuffer,calculation,16384,6558,2048,260,12
RunningMeanBuffer,extend/append,16384,1683,2048,260,16
RunningMeanSqBuffer,extend/append,16384,5894,2048,260,16
RunningMeanBuffer,calculation,16384,10830,2048,260,16
RunningMeanSqBuffer,calculation,16384,6167,2048,260,16
RunningMeanBuffer,extend/append,16384,1351,2048,260,24
RunningMeanSqBuffer,extend/append,16384,4219,2048,260,24
RunningMeanBuffer,calculation,16384,10724,2048,260,24
RunningMeanSqBuffer,calculation,16384,6349,2048,260,24
RunningMeanBuffer,extend/append,16384,1247,2048,260,32
RunningMeanSqBuffer,extend/append,16384,3600,2048,260,32
RunningMeanBuffer,calculation,16384,10771,2048,260,32
RunningMeanSqBuffer,calculation,16384,6305,2048,260,32
RunningMeanBuffer,extend/append,16384,1065,2048,260,48
RunningMeanSqBuffer,extend/append,16384,2331,2048,260,48
RunningMeanBuffer,calculation,16384,10799,2048,260,48
RunningMeanSqBuffer,calculation,16384,6172,2048,260,48
RunningMeanBuffer,extend/append,16384,1059,2048,260,64
RunningMeanSqBuffer,extend/append,16384,2387,2048,260,64
RunningMeanBuffer,calculation,16384,10747,2048,260,64
RunningMeanSqBuffer,calculation,16384,6062,2048,260,64
RunningMeanBuffer,extend/append,32768,15489,2048,260,1
RunningMeanSqBuffer,extend/append,32768,69738,2048,260,1
RunningMeanBuffer,calculation,32768,11512,2048,260,1
RunningMeanSqBuffer,calculation,32768,6619,2048,260,1
RunningMeanBuffer,extend/append,32768,8410,2048,260,2
RunningMeanSqBuffer,extend/append,32768,43360,2048,260,2
RunningMeanBuffer,calculation,32768,10915,2048,260,2
RunningMeanSqBuffer,calculation,32768,6273,2048,260,2
RunningMeanBuffer,extend/append,32768,5850,2048,260,3
RunningMeanSqBuffer,extend/append,32768,24642,2048,260,3
RunningMeanBuffer,calculation,32768,10944,2048,260,3
RunningMeanSqBuffer,calculation,32768,5989,2048,260,3
RunningMeanBuffer,extend/append,32768,4557,2048,260,4
RunningMeanSqBuffer,extend/append,32768,18615,2048,260,4
RunningMeanBuffer,calculation,32768,10993,2048,260,4
RunningMeanSqBuffer,calculation,32768,6582,2048,260,4
RunningMeanBuffer,extend/append,32768,3709,2048,260,6
RunningMeanSqBuffer,extend/append,32768,12543,2048,260,6
RunningMeanBuffer,calculation,32768,10785,2048,260,6
RunningMeanSqBuffer,calculation,32768,6011,2048,260,6
RunningMeanBuffer,extend/append,32768,2774,2048,260,8
RunningMeanSqBuffer,extend/append,32768,10058,2048,260,8
RunningMeanBuffer,calculation,32768,10827,2048,260,8
RunningMeanSqBuffer,calculation,32768,6179,2048,260,8
RunningMeanBuffer,extend/append,32768,2013,2048,260,12
RunningMeanSqBuffer,extend/append,32768,6753,2048,260,12
RunningMeanBuffer,calculation,32768,10738,2048,260,12
RunningMeanSqBuffer,calculation,32768,7097,2048,260,12
RunningMeanBuffer,extend/append,32768,1956,2048,260,16
RunningMeanSqBuffer,extend/append,32768,6060,2048,260,16
RunningMeanBuffer,calculation,32768,10809,2048,260,16
RunningMeanSqBuffer,calculation,32768,6330,2048,260,16
RunningMeanBuffer,extend/append,32768,1591,2048,260,24
RunningMeanSqBuffer,extend/append,32768,3977,2048,260,24
RunningMeanBuffer,calculation,32768,10741,2048,260,24
RunningMeanSqBuffer,calculation,32768,6015,2048,260,24
RunningMeanBuffer,extend/append,32768,1408,2048,260,32
RunningMeanSqBuffer,extend/append,32768,3760,2048,260,32
RunningMeanBuffer,calculation,32768,10683,2048,260,32
RunningMeanSqBuffer,calculation,32768,6118,2048,260,32
RunningMeanBuffer,extend/append,32768,1164,2048,260,48
RunningMeanSqBuffer,extend/append,32768,2381,2048,260,48
RunningMeanBuffer,calculation,32768,10735,2048,260,48
RunningMeanSqBuffer,calculation,32768,6150,2048,260,48
RunningMeanBuffer,extend/append,32768,1154,2048,260,64
RunningMeanSqBuffer,extend/append,32768,2392,2048,260,64
RunningMeanBuffer,calculation,32768,10821,2048,260,64
RunningMeanSqBuffer,calculation,32768,6665,2048,260,64
RunningMeanBuffer,extend/append,65536,24488,2048,260,1
RunningMeanSqBuffer,extend/append,65536,68122,2048,260,1
RunningMeanBuffer,calculation,65536,10923,2048,260,1
RunningMeanSqBuffer,calculation,65536,5826,2048,260,1
RunningMeanBuffer,extend/append,65536,12981,2048,260,2
RunningMeanSqBuffer,extend/append,65536,38279,2048,260,2
RunningMeanBuffer,calculation,65536,10972,2048,260,2
RunningMeanSqBuffer,calculation,65536,5699,2048,260,2
RunningMeanBuffer,extend/append,65536,8828,2048,260,3
RunningMeanSqBuffer,extend/append,65536,24775,2048,260,3
RunningMeanBuffer,calculation,65536,10891,2048,260,3
RunningMeanSqBuffer,calculation,65536,5689,2048,260,3
RunningMeanBuffer,extend/append,65536,7088,2048,260,4
RunningMeanSqBuffer,extend/append,65536,18447,2048,260,4
RunningMeanBuffer,calculation,65536,10947,2048,260,4
RunningMeanSqBuffer,calculation,65536,6995,2048,260,4
RunningMeanBuffer,extend/append,65536,4783,2048,260,6
RunningMeanSqBuffer,extend/append,65536,12812,2048,260,6
RunningMeanBuffer,calculation,65536,10832,2048,260,6
RunningMeanSqBuffer,calculation,65536,5926,2048,260,6
RunningMeanBuffer,extend/append,65536,3978,2048,260,8
RunningMeanSqBuffer,extend/append,65536,11865,2048,260,8
RunningMeanBuffer,calculation,65536,11735,2048,260,8
RunningMeanSqBuffer,calculation,65536,6005,2048,260,8
RunningMeanBuffer,extend/append,65536,2786,2048,260,12
RunningMeanSqBuffer,extend/append,65536,6735,2048,260,12
RunningMeanBuffer,calculation,65536,10786,2048,260,12
RunningMeanSqBuffer,calculation,65536,5973,2048,260,12
RunningMeanBuffer,extend/append,65536,2604,2048,260,16
RunningMeanSqBuffer,extend/append,65536,12115,2048,260,16
RunningMeanBuffer,calculation,65536,10789,2048,260,16
RunningMeanSqBuffer,calculation,65536,5898,2048,260,16
RunningMeanBuffer,extend/append,65536,2017,2048,260,24
RunningMeanSqBuffer,extend/append,65536,4327,2048,260,24
RunningMeanBuffer,calculation,65536,10974,2048,260,24
RunningMeanSqBuffer,calculation,65536,5658,2048,260,24
RunningMeanBuffer,extend/append,65536,1759,2048,260,32
RunningMeanSqBuffer,extend/append,65536,3699,2048,260,32
RunningMeanBuffer,calculation,65536,10895,2048,260,32
RunningMeanSqBuffer,calculation,65536,5446,2048,260,32
RunningMeanBuffer,extend/append,65536,1345,2048,260,48
RunningMeanSqBuffer,extend/append,65536,2465,2048,260,48
RunningMeanBuffer,calculation,65536,10761,2048,260,48
RunningMeanSqBuffer,calculation,65536,5939,2048,260,48
RunningMeanBuffer,extend/append,65536,1384,2048,260,64
RunningMeanSqBuffer,extend/append,65536,2444,2048,260,64
RunningMeanBuffer,calculation,65536,10862,2048,260,64
RunningMeanSqBuffer,calculation,65536,5654,2048,260,64
RunningMeanBuffer,extend/append,131072,42741,2048,260,1
RunningMeanSqBuffer,extend/append,131072,76702,2048,260,1
RunningMeanBuffer,calculation,131072,11007,2048,260,1
RunningMeanSqBuffer,calculation,131072,5884,2048,260,1
RunningMeanBuffer,extend/append,131072,22294,2048,260,2
RunningMeanSqBuffer,extend/append,131072,40557,2048,260,2
RunningMeanBuffer,calculation,131072,10924,2048,260,2
RunningMeanSqBuffer,calculation,131072,6373,2048,260,2
RunningMeanBuffer,extend/append,131072,14941,2048,260,3
RunningMeanSqBuffer,extend/append,131072,29150,2048,260,3
RunningMeanBuffer,calculation,131072,10949,2048,260,3
RunningMeanSqBuffer,calculation,131072,5514,2048,260,3
RunningMeanBuffer,extend/append,131072,11688,2048,260,4
RunningMeanSqBuffer,extend/append,131072,21561,2048,260,4
RunningMeanBuffer,calculation,131072,11116,2048,260,4
RunningMeanSqBuffer,calculation,131072,5675,2048,260,4
RunningMeanBuffer,extend/append,131072,7954,2048,260,6
RunningMeanSqBuffer,extend/append,131072,12785,2048,260,6
RunningMeanBuffer,calculation,131072,10980,2048,260,6
RunningMeanSqBuffer,calculation,131072,5839,2048,260,6
RunningMeanBuffer,extend/append,131072,6362,2048,260,8
RunningMeanSqBuffer,extend/append,131072,10592,2048,260,8
RunningMeanBuffer,calculation,131072,10832,2048,260,8
RunningMeanSqBuffer,calculation,131072,5817,2048,260,8
RunningMeanBuffer,extend/append,131072,4335,2048,260,12
RunningMeanSqBuffer,extend/append,131072,10598,2048,260,12
RunningMeanBuffer,calculation,131072,10961,2048,260,12
RunningMeanSqBuffer,calculation,131072,5808,2048,260,12
RunningMeanBuffer,extend/append,131072,3925,2048,260,16
RunningMeanSqBuffer,extend/append,131072,6253,2048,260,16
RunningMeanBuffer,calculation,131072,10811,2048,260,16
RunningMeanSqBuffer,calculation,131072,5912,2048,260,16
RunningMeanBuffer,extend/append,131072,2843,2048,260,24
RunningMeanSqBuffer,extend/append,131072,4453,2048,260,24
RunningMeanBuffer,calculation,131072,10829,2048,260,24
RunningMeanSqBuffer,calculation,131072,6366,2048,260,24
RunningMeanBuffer,extend/append,131072,2500,2048,260,32
RunningMeanSqBuffer,extend/append,131072,3877,2048,260,32
RunningMeanBuffer,calculation,131072,10789,2048,260,32
RunningMeanSqBuffer,calculation,131072,5764,2048,260,32
RunningMeanBuffer,extend/append,131072,1731,2048,260,48
RunningMeanSqBuffer,extend/append,131072,2636,2048,260,48
RunningMeanBuffer,calculation,131072,10907,2048,260,48
RunningMeanSqBuffer,calculation,131072,5762,2048,260,48
RunningMeanBuffer,extend/append,131072,1713,2048,260,64
RunningMeanSqBuffer,extend/append,131072,3592,2048,260,64
RunningMeanBuffer,calculation,131072,11241,2048,260,64
RunningMeanSqBuffer,calculation,131072,5814,2048,260,64
RunningMeanBuffer,extend/append,262144,233363,2048,260,1
RunningMeanSqBuffer,extend/append,262144,79745,2048,260,1
RunningMeanBuffer,calculation,262144,11373,2048,260,1
RunningMeanSqBuffer,calculation,262144,6872,2048,260,1
RunningMeanBuffer,extend/append,262144,120265,2048,260,2
RunningMeanSqBuffer,extend/append,262144,43161,2048,260,2
RunningMeanBuffer,calculation,262144,11124,2048,260,2
RunningMeanSqBuffer,calculation,262144,6627,2048,260,2
RunningMeanBuffer,extend/append,262144,79240,2048,260,3
RunningMeanSqBuffer,extend/append,262144,34461,2048,260,3
RunningMeanBuffer,calculation,262144,11292,2048,260,3
RunningMeanSqBuffer,calculation,262144,6554,2048,260,3
RunningMeanBuffer,extend/append,262144,59640,2048,260,4
RunningMeanSqBuffer,extend/append,262144,22761,2048,260,4
RunningMeanBuffer,calculation,262144,11312,2048,260,4
RunningMeanSqBuffer,calculation,262144,6381,2048,260,4
RunningMeanBuffer,extend/append,262144,39181,2048,260,6
RunningMeanSqBuffer,extend/append,262144,30401,2048,260,6
RunningMeanBuffer,calculation,262144,11381,2048,260,6
RunningMeanSqBuffer,calculation,262144,6525,2048,260,6
RunningMeanBuffer,extend/append,262144,31464,2048,260,8
RunningMeanSqBuffer,extend/append,262144,26495,2048,260,8
RunningMeanBuffer,calculation,262144,11402,2048,260,8
RunningMeanSqBuffer,calculation,262144,6565,2048,260,8
RunningMeanBuffer,extend/append,262144,19350,2048,260,12
RunningMeanSqBuffer,extend/append,262144,12063,2048,260,12
RunningMeanBuffer,calculation,262144,11034,2048,260,12
RunningMeanSqBuffer,calculation,262144,6217,2048,260,12
RunningMeanBuffer,extend/append,262144,17599,2048,260,16
RunningMeanSqBuffer,extend/append,262144,11175,2048,260,16
RunningMeanBuffer,calculation,262144,11152,2048,260,16
RunningMeanSqBuffer,calculation,262144,6421,2048,260,16
RunningMeanBuffer,extend/append,262144,11516,2048,260,24
RunningMeanSqBuffer,extend/append,262144,10317,2048,260,24
RunningMeanBuffer,calculation,262144,10986,2048,260,24
RunningMeanSqBuffer,calculation,262144,5960,2048,260,24
RunningMeanBuffer,extend/append,262144,9690,2048,260,32
RunningMeanSqBuffer,extend/append,262144,6945,2048,260,32
RunningMeanBuffer,calculation,262144,11331,2048,260,32
RunningMeanSqBuffer,calculation,262144,6612,2048,260,32
RunningMeanBuffer,extend/append,262144,5553,2048,260,48
RunningMeanSqBuffer,extend/append,262144,3482,2048,260,48
RunningMeanBuffer,calculation,262144,11025,2048,260,48
RunningMeanSqBuffer,calculation,262144,6750,2048,260,48
RunningMeanBuffer,extend/append,262144,5560,2048,260,64
RunningMeanSqBuffer,extend/append,262144,3259,2048,260,64
RunningMeanBuffer,calculation,262144,11161,2048,260,64
RunningMeanSqBuffer,calculation,262144,6120,2048,260,64
RunningMeanBuffer,extend/append,524288,458521,2048,260,1
RunningMeanSqBuffer,extend/append,524288,115315,2048,260,1
RunningMeanBuffer,calculation,524288,11797,2048,260,1
RunningMeanSqBuffer,calculation,524288,7123,2048,260,1
RunningMeanBuffer,extend/append,524288,231254,2048,260,2
RunningMeanSqBuffer,extend/append,524288,60468,2048,260,2
RunningMeanBuffer,calculation,524288,11249,2048,260,2
RunningMeanSqBuffer,calculation,524288,6717,2048,260,2
RunningMeanBuffer,extend/append,524288,153448,2048,260,3
RunningMeanSqBuffer,extend/append,524288,40498,2048,260,3
RunningMeanBuffer,calculation,524288,11871,2048,260,3
RunningMeanSqBuffer,calculation,524288,6833,2048,260,3
RunningMeanBuffer,extend/append,524288,115009,2048,260,4
RunningMeanSqBuffer,extend/append,524288,34473,2048,260,4
RunningMeanBuffer,calculation,524288,11353,2048,260,4
RunningMeanSqBuffer,calculation,524288,6416,2048,260,4
RunningMeanBuffer,extend/append,524288,75637,2048,260,6
RunningMeanSqBuffer,extend/append,524288,34426,2048,260,6
RunningMeanBuffer,calculation,524288,11655,2048,260,6
RunningMeanSqBuffer,calculation,524288,6507,2048,260,6
RunningMeanBuffer,extend/append,524288,59959,2048,260,8
RunningMeanSqBuffer,extend/append,524288,40796,2048,260,8
RunningMeanBuffer,calculation,524288,11458,2048,260,8
RunningMeanSqBuffer,calculation,524288,6720,2048,260,8
RunningMeanBuffer,extend/append,524288,36584,2048,260,12
RunningMeanSqBuffer,extend/append,524288,19410,2048,260,12
RunningMeanBuffer,calculation,524288,11145,2048,260,12
RunningMeanSqBuffer,calculation,524288,6896,2048,260,12
RunningMeanBuffer,extend/append,524288,33036,2048,260,16
RunningMeanSqBuffer,extend/append,524288,20998,2048,260,16
RunningMeanBuffer,calculation,524288,12325,2048,260,16
RunningMeanSqBuffer,calculation,524288,6923,2048,260,16
RunningMeanBuffer,extend/append,524288,21279,2048,260,24
RunningMeanSqBuffer,extend/append,524288,10118,2048,260,24
RunningMeanBuffer,calculation,524288,11450,2048,260,24
RunningMeanSqBuffer,calculation,524288,6865,2048,260,24
RunningMeanBuffer,extend/append,524288,17328,2048,260,32
RunningMeanSqBuffer,extend/append,524288,11833,2048,260,32
RunningMeanBuffer,calculation,524288,11436,2048,260,32
RunningMeanSqBuffer,calculation,524288,6577,2048,260,32
RunningMeanBuffer,extend/append,524288,9479,2048,260,48
RunningMeanSqBuffer,extend/append,524288,5886,2048,260,48
RunningMeanBuffer,calculation,524288,11312,2048,260,48
RunningMeanSqBuffer,calculation,524288,6619,2048,260,48
RunningMeanBuffer,extend/append,524288,9371,2048,260,64
RunningMeanSqBuffer,extend/append,524288,6218,2048,260,64
RunningMeanBuffer,calculation,524288,11388,2048,260,64
RunningMeanSqBuffer,calculation,524288,6717,2048,260,64
RunningMeanBuffer,extend/append,1048576,912794,2048,260,1
RunningMeanSqBuffer,extend/append,1048576,205505,2048,260,1
RunningMeanBuffer,calculation,1048576,11937,2048,260,1
RunningMeanSqBuffer,calculation,1048576,6611,2048,260,1
RunningMeanBuffer,extend/append,1048576,463349,2048,260,2
RunningMeanSqBuffer,extend/append,1048576,106645,2048,260,2
RunningMeanBuffer,calculation,1048576,11801,2048,260,2
RunningMeanSqBuffer,calculation,1048576,6872,2048,260,2
RunningMeanBuffer,extend/append,1048576,305436,2048,260,3
RunningMeanSqBuffer,extend/append,1048576,87676,2048,260,3
RunningMeanBuffer,calculation,1048576,11643,2048,260,3
RunningMeanSqBuffer,calculation,1048576,6743,2048,260,3
RunningMeanBuffer,extend/append,1048576,227147,2048,260,4
RunningMeanSqBuffer,extend/append,1048576,80485,2048,260,4
RunningMeanBuffer,calculation,1048576,11892,2048,260,4
RunningMeanSqBuffer,calculation,1048576,6556,2048,260,4
RunningMeanBuffer,extend/append,1048576,149142,2048,260,6
RunningMeanSqBuffer,extend/append,1048576,56034,2048,260,6
RunningMeanBuffer,calculation,1048576,11734,2048,260,6
RunningMeanSqBuffer,calculation,1048576,6459,2048,260,6
RunningMeanBuffer,extend/append,1048576,119318,2048,260,8
RunningMeanSqBuffer,extend/append,1048576,36366,2048,260,8
RunningMeanBuffer,calculation,1048576,11733,2048,260,8
RunningMeanSqBuffer,calculation,1048576,6237,2048,260,8
RunningMeanBuffer,extend/append,1048576,71757,2048,260,12
RunningMeanSqBuffer,extend/append,1048576,25262,2048,260,12
RunningMeanBuffer,calculation,1048576,11827,2048,260,12
RunningMeanSqBuffer,calculation,1048576,6515,2048,260,12
RunningMeanBuffer,extend/append,1048576,63757,2048,260,16
RunningMeanSqBuffer,extend/append,1048576,26543,2048,260,16
RunningMeanBuffer,calculation,1048576,11807,2048,260,16
RunningMeanSqBuffer,calculation,1048576,6574,2048,260,16
RunningMeanBuffer,extend/append,1048576,40862,2048,260,24
RunningMeanSqBuffer,extend/append,1048576,17040,2048,260,24
RunningMeanBuffer,calculation,1048576,11835,2048,260,24
RunningMeanSqBuffer,calculation,1048576,6404,2048,260,24
RunningMeanBuffer,extend/append,1048576,33055,2048,260,32
RunningMeanSqBuffer,extend/append,1048576,13825,2048,260,32
RunningMeanBuffer,calculation,1048576,11525,2048,260,32
RunningMeanSqBuffer,calculation,1048576,6331,2048,260,32
RunningMeanBuffer,extend/append,1048576,17197,2048,260,48
RunningMeanSqBuffer,extend/append,1048576,7570,2048,260,48
RunningMeanBuffer,calculation,1048576,11941,2048,260,48
RunningMeanSqBuffer,calculation,1048576,6576,2048,260,48
RunningMeanBuffer,extend/append,1048576,17456,2048,260,64
RunningMeanSqBuffer,extend/append,1048576,7514,2048,260,64
RunningMeanBuffer,calculation,1048576,11408,2048,260,64
RunningMeanSqBuffer,calculation,1048576,6392,2048,260,64
RunningMeanBuffer,extend/append,2097152,1810764,2048,260,1
RunningMeanSqBuffer,extend/append,2097152,401830,2048,260,1
RunningMeanBuffer,calculation,2097152,12064,2048,260,1
RunningMeanSqBuffer,calculation,2097152,8130,2048,260,1
RunningMeanBuffer,extend/append,2097152,921410,2048,260,2
RunningMeanSqBuffer,extend/append,2097152,220450,2048,260,2
RunningMeanBuffer,calculation,2097152,12101,2048,260,2
RunningMeanSqBuffer,calculation,2097152,8086,2048,260,2
RunningMeanBuffer,extend/append,2097152,602124,2048,260,3
RunningMeanSqBuffer,extend/append,2097152,143614,2048,260,3
RunningMeanBuffer,calculation,2097152,11813,2048,260,3
RunningMeanSqBuffer,calculation,2097152,7796,2048,260,3
RunningMeanBuffer,extend/append,2097152,449112,2048,260,4
RunningMeanSqBuffer,extend/append,2097152,118495,2048,260,4
RunningMeanBuffer,calculation,2097152,11953,2048,260,4
RunningMeanSqBuffer,calculation,2097152,7837,2048,260,4
RunningMeanBuffer,extend/append,2097152,298411,2048,260,6
RunningMeanSqBuffer,extend/append,2097152,74095,2048,260,6
RunningMeanBuffer,calculation,2097152,11709,2048,260,6
RunningMeanSqBuffer,calculation,2097152,7588,2048,260,6
RunningMeanBuffer,extend/append,2097152,234648,2048,260,8
RunningMeanSqBuffer,extend/append,2097152,63115,2048,260,8
RunningMeanBuffer,calculation,2097152,11763,2048,260,8
RunningMeanSqBuffer,calculation,2097152,7811,2048,260,8
RunningMeanBuffer,extend/append,2097152,141207,2048,260,12
RunningMeanSqBuffer,extend/append,2097152,40344,2048,260,12
RunningMeanBuffer,calculation,2097152,12127,2048,260,12
RunningMeanSqBuffer,calculation,2097152,7732,2048,260,12
RunningMeanBuffer,extend/append,2097152,126634,2048,260,16
RunningMeanSqBuffer,extend/append,2097152,34099,2048,260,16
RunningMeanBuffer,calculation,2097152,11966,2048,260,16
RunningMeanSqBuffer,calculation,2097152,7729,2048,260,16
RunningMeanBuffer,extend/append,2097152,79416,2048,260,24
RunningMeanSqBuffer,extend/append,2097152,21094,2048,260,24
RunningMeanBuffer,calculation,2097152,12179,2048,260,24
RunningMeanSqBuffer,calculation,2097152,7744,2048,260,24
RunningMeanBuffer,extend/append,2097152,63501,2048,260,32
RunningMeanSqBuffer,extend/append,2097152,18505,2048,260,32
RunningMeanBuffer,calculation,2097152,12086,2048,260,32
RunningMeanSqBuffer,calculation,2097152,7482,2048,260,32
RunningMeanBuffer,extend/append,2097152,32689,2048,260,48
RunningMeanSqBuffer,extend/append,2097152,10253,2048,260,48
RunningMeanBuffer,calculation,2097152,12064,2048,260,48
RunningMeanSqBuffer,calculation,2097152,7670,2048,260,48
RunningMeanBuffer,extend/append,2097152,32432,2048,260,64
RunningMeanSqBuffer,extend/append,2097152,10600,2048,260,64
RunningMeanBuffer,calculation,2097152,11775,2048,260,64
RunningMeanSqBuffer,calculation,2097152,7518,2048,260,64
RunningMeanBuffer,extend/append,4194304,3587813,2048,260,1
RunningMeanSqBuffer,extend/append,4194304,798255,2048,260,1
RunningMeanBuffer,calculation,4194304,13444,2048,260,1
RunningMeanSqBuffer,calculation,4194304,7996,2048,260,1
RunningMeanBuffer,extend/append,4194304,1835258,2048,260,2
RunningMeanSqBuffer,extend/append,4194304,411548,2048,260,2
RunningMeanBuffer,calculation,4194304,12930,2048,260,2
RunningMeanSqBuffer,calculation,4194304,7874,2048,260,2
RunningMeanBuffer,extend/append,4194304,1199314,2048,260,3
RunningMeanSqBuffer,extend/append,4194304,273618,2048,260,3
RunningMeanBuffer,calculation,4194304,13545,2048,260,3
RunningMeanSqBuffer,calculation,4194304,8152,2048,260,3
RunningMeanBuffer,extend/append,4194304,892180,2048,260,4
RunningMeanSqBuffer,extend/append,4194304,206421,2048,260,4
RunningMeanBuffer,calculation,4194304,13520,2048,260,4
RunningMeanSqBuffer,calculation,4194304,8078,2048,260,4
RunningMeanBuffer,extend/append,4194304,587353,2048,260,6
RunningMeanSqBuffer,extend/append,4194304,137026,2048,260,6
RunningMeanBuffer,calculation,4194304,13567,2048,260,6
RunningMeanSqBuffer,calculation,4194304,7805,2048,260,6
RunningMeanBuffer,extend/append,4194304,468612,2048,260,8
RunningMeanSqBuffer,extend/append,4194304,109064,2048,260,8
RunningMeanBuffer,calculation,4194304,13424,2048,260,8
RunningMeanSqBuffer,calculation,4194304,7998,2048,260,8
RunningMeanBuffer,extend/append,4194304,278510,2048,260,12
RunningMeanSqBuffer,extend/append,4194304,66017,2048,260,12
RunningMeanBuffer,calculation,4194304,12404,2048,260,12
RunningMeanSqBuffer,calculation,4194304,7935,2048,260,12
RunningMeanBuffer,extend/append,4194304,248810,2048,260,16
RunningMeanSqBuffer,extend/append,4194304,59680,2048,260,16
RunningMeanBuffer,calculation,4194304,13431,2048,260,16
RunningMeanSqBuffer,calculation,4194304,7609,2048,260,16
RunningMeanBuffer,extend/append,4194304,155525,2048,260,24
RunningMeanSqBuffer,extend/append,4194304,38037,2048,260,24
RunningMeanBuffer,calculation,4194304,13300,2048,260,24
RunningMeanSqBuffer,calculation,4194304,7835,2048,260,24
RunningMeanBuffer,extend/append,4194304,124737,2048,260,32
RunningMeanSqBuffer,extend/append,4194304,30331,2048,260,32
RunningMeanBuffer,calculation,4194304,13514,2048,260,32
RunningMeanSqBuffer,calculation,4194304,7914,2048,260,32
RunningMeanBuffer,extend/append,4194304,63114,2048,260,48
RunningMeanSqBuffer,extend/append,4194304,16133,2048,260,48
RunningMeanBuffer,calculation,4194304,12985,2048,260,48
RunningMeanSqBuffer,calculation,4194304,7834,2048,260,48
RunningMeanBuffer,extend/append,4194304,63008,2048,260,64
RunningMeanSqBuffer,extend/append,4194304,15992,2048,260,64
RunningMeanBuffer,calculation,4194304,12546,2048,260,64
RunningMeanSqBuffer,calculation,4194304,7578,2048,260,64
RunningMeanBuffer,extend/append,8388608,7171037,2048,260,1
RunningMeanSqBuffer,extend/append,8388608,1586342,2048,260,1
RunningMeanBuffer,calculation,8388608,14724,2048,260,1
RunningMeanSqBuffer,calculation,8388608,8797,2048,260,1
RunningMeanBuffer,extend/append,8388608,3670319,2048,260,2
RunningMeanSqBuffer,extend/append,8388608,804065,2048,260,2
RunningMeanBuffer,calculation,8388608,13243,2048,260,2
RunningMeanSqBuffer,calculation,8388608,9056,2048,260,2
RunningMeanBuffer,extend/append,8388608,2400249,2048,260,3
RunningMeanSqBuffer,extend/append,8388608,533279,2048,260,3
RunningMeanBuffer,calculation,8388608,12940,2048,260,3
RunningMeanSqBuffer,calculation,8388608,8578,2048,260,3
RunningMeanBuffer,extend/append,8388608,1788276,2048,260,4
RunningMeanSqBuffer,extend/append,8388608,402028,2048,260,4
RunningMeanBuffer,calculation,8388608,13095,2048,260,4
RunningMeanSqBuffer,calculation,8388608,8401,2048,260,4
RunningMeanBuffer,extend/append,8388608,1182405,2048,260,6
RunningMeanSqBuffer,extend/append,8388608,263060,2048,260,6
RunningMeanBuffer,calculation,8388608,12937,2048,260,6
RunningMeanSqBuffer,calculation,8388608,8419,2048,260,6
RunningMeanBuffer,extend/append,8388608,931393,2048,260,8
RunningMeanSqBuffer,extend/append,8388608,210831,2048,260,8
RunningMeanBuffer,calculation,8388608,14767,2048,260,8
RunningMeanSqBuffer,calculation,8388608,8672,2048,260,8
RunningMeanBuffer,extend/append,8388608,554569,2048,260,12
RunningMeanSqBuffer,extend/append,8388608,127343,2048,260,12
RunningMeanBuffer,calculation,8388608,12805,2048,260,12
RunningMeanSqBuffer,calculation,8388608,8554,2048,260,12
RunningMeanBuffer,extend/append,8388608,498209,2048,260,16
RunningMeanSqBuffer,extend/append,8388608,115375,2048,260,16
RunningMeanBuffer,calculation,8388608,13003,2048,260,16
RunningMeanSqBuffer,calculation,8388608,8347,2048,260,16
RunningMeanBuffer,extend/append,8388608,311638,2048,260,24
RunningMeanSqBuffer,extend/append,8388608,71588,2048,260,24
RunningMeanBuffer,calculation,8388608,12730,2048,260,24
RunningMeanSqBuffer,calculation,8388608,8404,2048,260,24
RunningMeanBuffer,extend/append,8388608,247563,2048,260,32
RunningMeanSqBuffer,extend/append,8388608,58358,2048,260,32
RunningMeanBuffer,calculation,8388608,12932,2048,260,32
RunningMeanSqBuffer,calculation,8388608,8297,2048,260,32
RunningMeanBuffer,extend/append,8388608,124822,2048,260,48
RunningMeanSqBuffer,extend/append,8388608,29921,2048,260,48
RunningMeanBuffer,calculation,8388608,15262,2048,260,48
RunningMeanSqBuffer,calculation,8388608,8555,2048,260,48
RunningMeanBuffer,extend/append,8388608,125231,2048,260,64
RunningMeanSqBuffer,extend/append,8388608,29750,2048,260,64
RunningMeanBuffer,calculation,8388608,13613,2048,260,64
RunningMeanSqBuffer,calculation,8388608,9061,2048,260,64
RunningMeanBuffer,extend/append,4096,5877,4096,260,1
RunningMeanSqBuffer,extend/append,4096,3379,4096,260,1
RunningMeanBuffer,calculation,4096,7017,4096,260,1
RunningMeanSqBuffer,calculation,4096,4456,4096,260,1
RunningMeanBuffer,extend/append,4096,3659,4096,260,2
RunningMeanSqBuffer,extend/append,4096,2409,4096,260,2
RunningMeanBuffer,calculation,4096,7080,4096,260,2
RunningMeanSqBuffer,calculation,4096,4444,4096,260,2
RunningMeanBuffer,extend/append,4096,2924,4096,260,3
RunningMeanSqBuffer,extend/append,4096,2145,4096,260,3
RunningMeanBuffer,calculation,4096,6954,4096,260,3
RunningMeanSqBuffer,calculation,4096,4500,4096,260,3
RunningMeanBuffer,extend/append,4096,2537,4096,260,4
RunningMeanSqBuffer,extend/append,4096,1900,4096,260,4
RunningMeanBuffer,calculation,4096,7125,4096,260,4
RunningMeanSqBuffer,calculation,4096,4361,4096,260,4
RunningMeanBuffer,extend/append,4096,2124,4096,260,6
RunningMeanSqBuffer,extend/append,4096,1712,4096,260,6
RunningMeanBuffer,calculation,4096,7001,4096,260,6
RunningMeanSqBuffer,calculation,4096,4364,4096,260,6
RunningMeanBuffer,extend/append,4096,1979,4096,260,8
RunningMeanSqBuffer,extend/append,4096,1627,4096,260,8
RunningMeanBuffer,calculation,4096,7106,4096,260,8
RunningMeanSqBuffer,calculation,4096,4290,4096,260,8
RunningMeanBuffer,extend/append,4096,1753,4096,260,12
RunningMeanSqBuffer,extend/append,4096,1515,4096,260,12
RunningMeanBuffer,calculation,4096,6879,4096,260,12
RunningMeanSqBuffer,calculation,4096,4394,4096,260,12
RunningMeanBuffer,extend/append,4096,1721,4096,260,16
RunningMeanSqBuffer,extend/append,4096,1560,4096,260,16
RunningMeanBuffer,calculation,4096,6912,4096,260,16
RunningMeanSqBuffer,calculation,4096,4384,4096,260,16
RunningMeanBuffer,extend/append,4096,1590,4096,260,24
RunningMeanSqBuffer,extend/append,4096,1506,4096,260,24
RunningMeanBuffer,calculation,4096,6901,4096,260,24
RunningMeanSqBuffer,calculation,4096,4332,4096,260,24
RunningMeanBuffer,extend/append,4096,1498,4096,260,32
RunningMeanSqBuffer,extend/append,4096,1403,4096,260,32
RunningMeanBuffer,calculation,4096,7026,4096,260,32
RunningMeanSqBuffer,calculation,4096,4379,4096,260,32
RunningMeanBuffer,extend/append,4096,1443,4096,260,48
RunningMeanSqBuffer,extend/append,4096,1414,4096,260,48
RunningMeanBuffer,calculation,4096,6970,4096,260,48
RunningMeanSqBuffer,calculation,4096,4282,4096,260,48
RunningMeanBuffer,extend/append,4096,1452,4096,260,64
RunningMeanSqBuffer,extend/append,4096,1408,4096,260,64
RunningMeanBuffer,calculation,4096,6917,4096,260,64
RunningMeanSqBuffer,calculation,4096,4300,4096,260,64
RunningMeanBuffer,extend/append,8192,8232,4096,260,1
RunningMeanSqBuffer,extend/append,8192,4539,4096,260,1
RunningMeanBuffer,calculation,8192,12892,4096,260,1
RunningMeanSqBuffer,calculation,8192,6360,4096,260,1
RunningMeanBuffer,extend/append,8192,4967,4096,260,2
RunningMeanSqBuffer,extend/append,8192,3046,4096,260,2
RunningMeanBuffer,calculation,8192,13114,4096,260,2
RunningMeanSqBuffer,calculation,8192,6307,4096,260,2
RunningMeanBuffer,extend/append,8192,3791,4096,260,3
RunningMeanSqBuffer,extend/append,8192,2487,4096,260,3
RunningMeanBuffer,calculation,8192,13066,4096,260,3
RunningMeanSqBuffer,calculation,8192,6351,4096,260,3
RunningMeanBuffer,extend/append,8192,3169,4096,260,4
RunningMeanSqBuffer,extend/append,8192,2370,4096,260,4
RunningMeanBuffer,calculation,8192,13041,4096,260,4
RunningMeanSqBuffer,calculation,8192,6264,4096,260,4
RunningMeanBuffer,extend/append,8192,2533,4096,260,6
RunningMeanSqBuffer,extend/append,8192,1942,4096,260,6
RunningMeanBuffer,calculation,8192,12782,4096,260,6
RunningMeanSqBuffer,calculation,8192,6325,4096,260,6
RunningMeanBuffer,extend/append,8192,2295,4096,260,8
RunningMeanSqBuffer,extend/append,8192,1800,4096,260,8
RunningMeanBuffer,calculation,8192,12858,4096,260,8
RunningMeanSqBuffer,calculation,8192,6205,4096,260,8
RunningMeanBuffer,extend/append,8192,1974,4096,260,12
RunningMeanSqBuffer,extend/append,8192,1637,4096,260,12
RunningMeanBuffer,calculation,8192,12900,4096,260,12
RunningMeanSqBuffer,calculation,8192,6260,4096,260,12
RunningMeanBuffer,extend/append,8192,1899,4096,260,16
RunningMeanSqBuffer,extend/append,8192,1623,4096,260,16
RunningMeanBuffer,calculation,8192,13072,4096,260,16
RunningMeanSqBuffer,calculation,8192,6290,4096,260,16
RunningMeanBuffer,extend/append,8192,1687,4096,260,24
RunningMeanSqBuffer,extend/append,8192,1546,4096,260,24
RunningMeanBuffer,calculation,8192,12793,4096,260,24
RunningMeanSqBuffer,calculation,8192,6227,4096,260,24
RunningMeanBuffer,extend/append,8192,1600,4096,260,32
RunningMeanSqBuffer,extend/append,8192,1523,4096,260,32
RunningMeanBuffer,calculation,8192,12988,4096,260,32
RunningMeanSqBuffer,calculation,8192,6155,4096,260,32
RunningMeanBuffer,extend/append,8192,1477,4096,260,48
RunningMeanSqBuffer,extend/append,8192,1442,4096,260,48
RunningMeanBuffer,calculation,8192,12981,4096,260,48
RunningMeanSqBuffer,calculation,8192,6264,4096,260,48
RunningMeanBuffer,extend/append,8192,1454,4096,260,64
RunningMeanSqBuffer,extend/append,8192,1426,4096,260,64
RunningMeanBuffer,calculation,8192,12908,4096,260,64
RunningMeanSqBuffer,calculation,8192,6326,4096,260,64
RunningMeanBuffer,extend/append,16384,11641,4096,260,1
RunningMeanSqBuffer,extend/append,16384,44689,4096,260,1
RunningMeanBuffer,calculation,16384,12834,4096,260,1
RunningMeanSqBuffer,calculation,16384,9078,4096,260,1
RunningMeanBuffer,extend/append,16384,6615,4096,260,2
RunningMeanSqBuffer,extend/append,16384,19222,4096,260,2
RunningMeanBuffer,calculation,16384,12759,4096,260,2
RunningMeanSqBuffer,calculation,16384,8290,4096,260,2
RunningMeanBuffer,extend/append,16384,4934,4096,260,3
RunningMeanSqBuffer,extend/append,16384,15129,4096,260,3
RunningMeanBuffer,calculation,16384,12976,4096,260,3
RunningMeanSqBuffer,calculation,16384,8217,4096,260,3
RunningMeanBuffer,extend/append,16384,4115,4096,260,4
RunningMeanSqBuffer,extend/append,16384,11160,4096,260,4
RunningMeanBuffer,calculation,16384,13134,4096,260,4
RunningMeanSqBuffer,calculation,16384,8606,4096,260,4
RunningMeanBuffer,extend/append,16384,3181,4096,260,6
RunningMeanSqBuffer,extend/append,16384,8896,4096,260,6
RunningMeanBuffer,calculation,16384,13100,4096,260,6
RunningMeanSqBuffer,calculation,16384,8272,4096,260,6
RunningMeanBuffer,extend/append,16384,2750,4096,260,8
RunningMeanSqBuffer,extend/append,16384,6235,4096,260,8
RunningMeanBuffer,calculation,16384,13122,4096,260,8
RunningMeanSqBuffer,calculation,16384,7750,4096,260,8
RunningMeanBuffer,extend/append,16384,2224,4096,260,12
RunningMeanSqBuffer,extend/append,16384,4541,4096,260,12
RunningMeanBuffer,calculation,16384,13422,4096,260,12
RunningMeanSqBuffer,calculation,16384,8315,4096,260,12
RunningMeanBuffer,extend/append,16384,2201,4096,260,16
RunningMeanSqBuffer,extend/append,16384,4297,4096,260,16
RunningMeanBuffer,calculation,16384,13037,4096,260,16
RunningMeanSqBuffer,calculation,16384,7814,4096,260,16
RunningMeanBuffer,extend/append,16384,1884,4096,260,24
RunningMeanSqBuffer,extend/append,16384,3219,4096,260,24
RunningMeanBuffer,calculation,16384,12914,4096,260,24
RunningMeanSqBuffer,calculation,16384,7753,4096,260,24
RunningMeanBuffer,extend/append,16384,1755,4096,260,32
RunningMeanSqBuffer,extend/append,16384,2947,4096,260,32
RunningMeanBuffer,calculation,16384,12961,4096,260,32
RunningMeanSqBuffer,calculation,16384,7926,4096,260,32
RunningMeanBuffer,extend/append,16384,1544,4096,260,48
RunningMeanSqBuffer,extend/append,16384,2149,4096,260,48
RunningMeanBuffer,calculation,16384,12952,4096,260,48
RunningMeanSqBuffer,calculation,16384,7854,4096,260,48
RunningMeanBuffer,extend/append,16384,1552,4096,260,64
RunningMeanSqBuffer,extend/append,16384,2199,4096,260,64
RunningMeanBuffer,calculation,16384,12940,4096,260,64
RunningMeanSqBuffer,calculation,16384,8334,4096,260,64
RunningMeanBuffer,extend/append,32768,15362,4096,260,1
RunningMeanSqBuffer,extend/append,32768,75241,4096,260,1
RunningMeanBuffer,calculation,32768,13404,4096,260,1
RunningMeanSqBuffer,calculation,32768,8846,4096,260,1
RunningMeanBuffer,extend/append,32768,8660,4096,260,2
RunningMeanSqBuffer,extend/append,32768,36289,4096,260,2
RunningMeanBuffer,calculation,32768,13173,4096,260,2
RunningMeanSqBuffer,calculation,32768,8576,4096,260,2
RunningMeanBuffer,extend/append,32768,6313,4096,260,3
RunningMeanSqBuffer,extend/append,32768,25184,4096,260,3
RunningMeanBuffer,calculation,32768,13416,4096,260,3
RunningMeanSqBuffer,calculation,32768,7967,4096,260,3
RunningMeanBuffer,extend/append,32768,5108,4096,260,4
RunningMeanSqBuffer,extend/append,32768,18753,4096,260,4
RunningMeanBuffer,calculation,32768,14491,4096,260,4
RunningMeanSqBuffer,calculation,32768,8131,4096,260,4
RunningMeanBuffer,extend/append,32768,3883,4096,260,6
RunningMeanSqBuffer,extend/append,32768,13864,4096,260,6
RunningMeanBuffer,calculation,32768,13233,4096,260,6
RunningMeanSqBuffer,calculation,32768,7619,4096,260,6
RunningMeanBuffer,extend/append,32768,3253,4096,260,8
RunningMeanSqBuffer,extend/append,32768,12636,4096,260,8
RunningMeanBuffer,calculation,32768,13189,4096,260,8
RunningMeanSqBuffer,calculation,32768,8109,4096,260,8
RunningMeanBuffer,extend/append,32768,2576,4096,260,12
RunningMeanSqBuffer,extend/append,32768,7095,4096,260,12
RunningMeanBuffer,calculation,32768,13101,4096,260,12
RunningMeanSqBuffer,calculation,32768,7764,4096,260,12
RunningMeanBuffer,extend/append,32768,2441,4096,260,16
RunningMeanSqBuffer,extend/append,32768,6628,4096,260,16
RunningMeanBuffer,calculation,32768,13073,4096,260,16
RunningMeanSqBuffer,calculation,32768,7910,4096,260,16
RunningMeanBuffer,extend/append,32768,2015,4096,260,24
RunningMeanSqBuffer,extend/append,32768,4757,4096,260,24
RunningMeanBuffer,calculation,32768,13248,4096,260,24
RunningMeanSqBuffer,calculation,32768,8025,4096,260,24
RunningMeanBuffer,extend/append,32768,1884,4096,260,32
RunningMeanSqBuffer,extend/append,32768,4422,4096,260,32
RunningMeanBuffer,calculation,32768,13103,4096,260,32
RunningMeanSqBuffer,calculation,32768,8234,4096,260,32
RunningMeanBuffer,extend/append,32768,1626,4096,260,48
RunningMeanSqBuffer,extend/append,32768,2879,4096,260,48
RunningMeanBuffer,calculation,32768,13338,4096,260,48
RunningMeanSqBuffer,calculation,32768,8269,4096,260,48
RunningMeanBuffer,extend/append,32768,1619,4096,260,64
RunningMeanSqBuffer,extend/append,32768,3208,4096,260,64
RunningMeanBuffer,calculation,32768,13277,4096,260,64
RunningMeanSqBuffer,calculation,32768,8143,4096,260,64
RunningMeanBuffer,extend/append,65536,24454,4096,260,1
RunningMeanSqBuffer,extend/append,65536,75830,4096,260,1
RunningMeanBuffer,calculation,65536,13068,4096,260,1
RunningMeanSqBuffer,calculation,65536,7504,4096,260,1
RunningMeanBuffer,extend/append,65536,13035,4096,260,2
RunningMeanSqBuffer,extend/append,65536,35842,4096,260,2
RunningMeanBuffer,calculation,65536,13045,4096,260,2
RunningMeanSqBuffer,calculation,65536,7878,4096,260,2
RunningMeanBuffer,extend/append,65536,9168,4096,260,3
RunningMeanSqBuffer,extend/append,65536,25615,4096,260,3
RunningMeanBuffer,calculation,65536,13064,4096,260,3
RunningMeanSqBuffer,calculation,65536,8724,4096,260,3
RunningMeanBuffer,extend/append,65536,7218,4096,260,4
RunningMeanSqBuffer,extend/append,65536,18822,4096,260,4
RunningMeanBuffer,calculation,65536,12810,4096,260,4
RunningMeanSqBuffer,calculation,65536,7326,4096,260,4
RunningMeanBuffer,extend/append,65536,5239,4096,260,6
RunningMeanSqBuffer,extend/append,65536,13636,4096,260,6
RunningMeanBuffer,calculation,65536,12747,4096,260,6
RunningMeanSqBuffer,calculation,65536,7447,4096,260,6
RunningMeanBuffer,extend/append,65536,4421,4096,260,8
RunningMeanSqBuffer,extend/append,65536,14530,4096,260,8
RunningMeanBuffer,calculation,65536,12831,4096,260,8
RunningMeanSqBuffer,calculation,65536,7493,4096,260,8
RunningMeanBuffer,extend/append,65536,3235,4096,260,12
RunningMeanSqBuffer,extend/append,65536,8613,4096,260,12
RunningMeanBuffer,calculation,65536,12893,4096,260,12
RunningMeanSqBuffer,calculation,65536,7400,4096,260,12
RunningMeanBuffer,extend/append,65536,3029,4096,260,16
RunningMeanSqBuffer,extend/append,65536,7092,4096,260,16
RunningMeanBuffer,calculation,65536,12819,4096,260,16
RunningMeanSqBuffer,calculation,65536,7356,4096,260,16
RunningMeanBuffer,extend/append,65536,2395,4096,260,24
RunningMeanSqBuffer,extend/append,65536,4862,4096,260,24
RunningMeanBuffer,calculation,65536,12968,4096,260,24
RunningMeanSqBuffer,calculation,65536,7665,4096,260,24
RunningMeanBuffer,extend/append,65536,2253,4096,260,32
RunningMeanSqBuffer,extend/append,65536,7962,4096,260,32
RunningMeanBuffer,calculation,65536,12953,4096,260,32
RunningMeanSqBuffer,calculation,65536,7175,4096,260,32
RunningMeanBuffer,extend/append,65536,1825,4096,260,48
RunningMeanSqBuffer,extend/append,65536,3071,4096,260,48
RunningMeanBuffer,calculation,65536,12835,4096,260,48
RunningMeanSqBuffer,calculation,65536,7363,4096,260,48
RunningMeanBuffer,extend/append,65536,1808,4096,260,64
RunningMeanSqBuffer,extend/append,65536,3002,4096,260,64
RunningMeanBuffer,calculation,65536,12873,4096,260,64
RunningMeanSqBuffer,calculation,65536,7480,4096,260,64
RunningMeanBuffer,extend/append,131072,43693,4096,260,1
RunningMeanSqBuffer,extend/append,131072,74067,4096,260,1
RunningMeanBuffer,calculation,131072,12994,4096,260,1
RunningMeanSqBuffer,calculation,131072,7667,4096,260,1
RunningMeanBuffer,extend/append,131072,22938,4096,260,2
RunningMeanSqBuffer,extend/append,131072,41383,4096,260,2
RunningMeanBuffer,calculation,131072,12870,4096,260,2
RunningMeanSqBuffer,calculation,131072,7576,4096,260,2
RunningMeanBuffer,extend/append,131072,15608,4096,260,3
RunningMeanSqBuffer,extend/append,131072,25535,4096,260,3
RunningMeanBuffer,calculation,131072,13118,4096,260,3
RunningMeanSqBuffer,calculation,131072,7594,4096,260,3
RunningMeanBuffer,extend/append,131072,12063,4096,260,4
RunningMeanSqBuffer,extend/append,131072,21765,4096,260,4
RunningMeanBuffer,calculation,131072,12847,4096,260,4
RunningMeanSqBuffer,calculation,131072,7502,4096,260,4
RunningMeanBuffer,extend/append,131072,8459,4096,260,6
RunningMeanSqBuffer,extend/append,131072,14201,4096,260,6
RunningMeanBuffer,calculation,131072,12949,4096,260,6
RunningMeanSqBuffer,calculation,131072,7567,4096,260,6
RunningMeanBuffer,extend/append,131072,6848,4096,260,8
RunningMeanSqBuffer,extend/append,131072,15044,4096,260,8
RunningMeanBuffer,calculation,131072,13101,4096,260,8
RunningMeanSqBuffer,calculation,131072,8004,4096,260,8
RunningMeanBuffer,extend/append,131072,4711,4096,260,12
RunningMeanSqBuffer,extend/append,131072,15035,4096,260,12
RunningMeanBuffer,calculation,131072,12856,4096,260,12
RunningMeanSqBuffer,calculation,131072,7360,4096,260,12
RunningMeanBuffer,extend/append,131072,4407,4096,260,16
RunningMeanSqBuffer,extend/append,131072,14175,4096,260,16
RunningMeanBuffer,calculation,131072,13013,4096,260,16
RunningMeanSqBuffer,calculation,131072,7241,4096,260,16
RunningMeanBuffer,extend/append,131072,3266,4096,260,24
RunningMeanSqBuffer,extend/append,131072,6196,4096,260,24
RunningMeanBuffer,calculation,131072,13028,4096,260,24
RunningMeanSqBuffer,calculation,131072,7406,4096,260,24
RunningMeanBuffer,extend/append,131072,2937,4096,260,32
RunningMeanSqBuffer,extend/append,131072,7787,4096,260,32
RunningMeanBuffer,calculation,131072,12922,4096,260,32
RunningMeanSqBuffer,calculation,131072,7492,4096,260,32
RunningMeanBuffer,extend/append,131072,2226,4096,260,48
RunningMeanSqBuffer,extend/append,131072,4340,4096,260,48
RunningMeanBuffer,calculation,131072,12992,4096,260,48
RunningMeanSqBuffer,calculation,131072,7226,4096,260,48
RunningMeanBuffer,extend/append,131072,2179,4096,260,64
RunningMeanSqBuffer,extend/append,131072,3800,4096,260,64
RunningMeanBuffer,calculation,131072,12907,4096,260,64
RunningMeanSqBuffer,calculation,131072,7371,4096,260,64
RunningMeanBuffer,extend/append,262144,233369,4096,260,1
RunningMeanSqBuffer,extend/append,262144,84466,4096,260,1
RunningMeanBuffer,calculation,262144,13219,4096,260,1
RunningMeanSqBuffer,calculation,262144,7526,4096,260,1
RunningMeanBuffer,extend/append,262144,119616,4096,260,2
RunningMeanSqBuffer,extend/append,262144,42307,4096,260,2
RunningMeanBuffer,calculation,262144,13199,4096,260,2
RunningMeanSqBuffer,calculation,262144,8170,4096,260,2
RunningMeanBuffer,extend/append,262144,79754,4096,260,3
RunningMeanSqBuffer,extend/append,262144,29881,4096,260,3
RunningMeanBuffer,calculation,262144,13136,4096,260,3
RunningMeanSqBuffer,calculation,262144,8238,4096,260,3
RunningMeanBuffer,extend/append,262144,60576,4096,260,4
RunningMeanSqBuffer,extend/append,262144,22991,4096,260,4
RunningMeanBuffer,calculation,262144,13279,4096,260,4
RunningMeanSqBuffer,calculation,262144,8129,4096,260,4
RunningMeanBuffer,extend/append,262144,39862,4096,260,6
RunningMeanSqBuffer,extend/append,262144,16612,4096,260,6
RunningMeanBuffer,calculation,262144,13056,4096,260,6
RunningMeanSqBuffer,calculation,262144,7924,4096,260,6
RunningMeanBuffer,extend/append,262144,32166,4096,260,8
RunningMeanSqBuffer,extend/append,262144,17306,4096,260,8
RunningMeanBuffer,calculation,262144,13082,4096,260,8
RunningMeanSqBuffer,calculation,262144,7919,4096,260,8
RunningMeanBuffer,extend/append,262144,20283,4096,260,12
RunningMeanSqBuffer,extend/append,262144,14247,4096,260,12
RunningMeanBuffer,calculation,262144,13494,4096,260,12
RunningMeanSqBuffer,calculation,262144,7955,4096,260,12
RunningMeanBuffer,extend/append,262144,18656,4096,260,16
RunningMeanSqBuffer,extend/append,262144,12496,4096,260,16
RunningMeanBuffer,calculation,262144,13061,4096,260,16
RunningMeanSqBuffer,calculation,262144,8209,4096,260,16
RunningMeanBuffer,extend/append,262144,12373,4096,260,24
RunningMeanSqBuffer,extend/append,262144,6609,4096,260,24
RunningMeanBuffer,calculation,262144,13123,4096,260,24
RunningMeanSqBuffer,calculation,262144,7915,4096,260,24
RunningMeanBuffer,extend/append,262144,10441,4096,260,32
RunningMeanSqBuffer,extend/append,262144,5692,4096,260,32
RunningMeanBuffer,calculation,262144,13021,4096,260,32
RunningMeanSqBuffer,calculation,262144,7923,4096,260,32
RunningMeanBuffer,extend/append,262144,6494,4096,260,48
RunningMeanSqBuffer,extend/append,262144,4308,4096,260,48
RunningMeanBuffer,calculation,262144,13008,4096,260,48
RunningMeanSqBuffer,calculation,262144,7930,4096,260,48
RunningMeanBuffer,extend/append,262144,6393,4096,260,64
RunningMeanSqBuffer,extend/append,262144,4786,4096,260,64
RunningMeanBuffer,calculation,262144,12999,4096,260,64
RunningMeanSqBuffer,calculation,262144,8134,4096,260,64
RunningMeanBuffer,extend/append,524288,457112,4096,260,1
RunningMeanSqBuffer,extend/append,524288,113496,4096,260,1
RunningMeanBuffer,calculation,524288,13262,4096,260,1
RunningMeanSqBuffer,calculation,524288,8931,4096,260,1
RunningMeanBuffer,extend/append,524288,230883,4096,260,2
RunningMeanSqBuffer,extend/append,524288,60583,4096,260,2
RunningMeanBuffer,calculation,524288,13190,4096,260,2
RunningMeanSqBuffer,calculation,524288,8993,4096,260,2
RunningMeanBuffer,extend/append,524288,154247,4096,260,3
RunningMeanSqBuffer,extend/append,524288,40948,4096,260,3
RunningMeanBuffer,calculation,524288,13738,4096,260,3
RunningMeanSqBuffer,calculation,524288,8611,4096,260,3
RunningMeanBuffer,extend/append,524288,116972,4096,260,4
RunningMeanSqBuffer,extend/append,524288,44850,4096,260,4
RunningMeanBuffer,calculation,524288,13135,4096,260,4
RunningMeanSqBuffer,calculation,524288,9001,4096,260,4
RunningMeanBuffer,extend/append,524288,76543,4096,260,6
RunningMeanSqBuffer,extend/append,524288,45789,4096,260,6
RunningMeanBuffer,calculation,524288,13097,4096,260,6
RunningMeanSqBuffer,calculation,524288,8663,4096,260,6
RunningMeanBuffer,extend/append,524288,61020,4096,260,8
RunningMeanSqBuffer,extend/append,524288,32257,4096,260,8
RunningMeanBuffer,calculation,524288,13398,4096,260,8
RunningMeanSqBuffer,calculation,524288,8728,4096,260,8
RunningMeanBuffer,extend/append,524288,38058,4096,260,12
RunningMeanSqBuffer,extend/append,524288,25476,4096,260,12
RunningMeanBuffer,calculation,524288,13355,4096,260,12
RunningMeanSqBuffer,calculation,524288,8643,4096,260,12
RunningMeanBuffer,extend/append,524288,33875,4096,260,16
RunningMeanSqBuffer,extend/append,524288,20061,4096,260,16
RunningMeanBuffer,calculation,524288,13631,4096,260,16
RunningMeanSqBuffer,calculation,524288,9016,4096,260,16
RunningMeanBuffer,extend/append,524288,22209,4096,260,24
RunningMeanSqBuffer,extend/append,524288,15383,4096,260,24
RunningMeanBuffer,calculation,524288,13616,4096,260,24
RunningMeanSqBuffer,calculation,524288,8827,4096,260,24
RunningMeanBuffer,extend/append,524288,18468,4096,260,32
RunningMeanSqBuffer,extend/append,524288,10644,4096,260,32
RunningMeanBuffer,calculation,524288,13540,4096,260,32
RunningMeanSqBuffer,calculation,524288,8679,4096,260,32
RunningMeanBuffer,extend/append,524288,10491,4096,260,48
RunningMeanSqBuffer,extend/append,524288,7728,4096,260,48
RunningMeanBuffer,calculation,524288,13372,4096,260,48
RunningMeanSqBuffer,calculation,524288,8589,4096,260,48
RunningMeanBuffer,extend/append,524288,10378,4096,260,64
RunningMeanSqBuffer,extend/append,524288,7073,4096,260,64
RunningMeanBuffer,calculation,524288,13139,4096,260,64
RunningMeanSqBuffer,calculation,524288,8840,4096,260,64
RunningMeanBuffer,extend/append,1048576,916941,4096,260,1
RunningMeanSqBuffer,extend/append,1048576,212027,4096,260,1
RunningMeanBuffer,calculation,1048576,13482,4096,260,1
RunningMeanSqBuffer,calculation,1048576,8623,4096,260,1
RunningMeanBuffer,extend/append,1048576,463449,4096,260,2
RunningMeanSqBuffer,extend/append,1048576,108458,4096,260,2
RunningMeanBuffer,calculation,1048576,13919,4096,260,2
RunningMeanSqBuffer,calculation,1048576,8012,4096,260,2
RunningMeanBuffer,extend/append,1048576,307705,4096,260,3
RunningMeanSqBuffer,extend/append,1048576,108453,4096,260,3
RunningMeanBuffer,calculation,1048576,13897,4096,260,3
RunningMeanSqBuffer,calculation,1048576,8285,4096,260,3
RunningMeanBuffer,extend/append,1048576,230789,4096,260,4
RunningMeanSqBuffer,extend/append,1048576,80625,4096,260,4
RunningMeanBuffer,calculation,1048576,13635,4096,260,4
RunningMeanSqBuffer,calculation,1048576,8273,4096,260,4
RunningMeanBuffer,extend/append,1048576,149781,4096,260,6
RunningMeanSqBuffer,extend/append,1048576,46861,4096,260,6
RunningMeanBuffer,calculation,1048576,13600,4096,260,6
RunningMeanSqBuffer,calculation,1048576,8090,4096,260,6
RunningMeanBuffer,extend/append,1048576,119550,4096,260,8
RunningMeanSqBuffer,extend/append,1048576,40478,4096,260,8
RunningMeanBuffer,calculation,1048576,13615,4096,260,8
RunningMeanSqBuffer,calculation,1048576,8128,4096,260,8
RunningMeanBuffer,extend/append,1048576,72903,4096,260,12
RunningMeanSqBuffer,extend/append,1048576,26053,4096,260,12
RunningMeanBuffer,calculation,1048576,13477,4096,260,12
RunningMeanSqBuffer,calculation,1048576,8057,4096,260,12
RunningMeanBuffer,extend/append,1048576,65274,4096,260,16
RunningMeanSqBuffer,extend/append,1048576,23665,4096,260,16
RunningMeanBuffer,calculation,1048576,13665,4096,260,16
RunningMeanSqBuffer,calculation,1048576,7933,4096,260,16
RunningMeanBuffer,extend/append,1048576,41653,4096,260,24
RunningMeanSqBuffer,extend/append,1048576,16299,4096,260,24
RunningMeanBuffer,calculation,1048576,13611,4096,260,24
RunningMeanSqBuffer,calculation,1048576,7898,4096,260,24
RunningMeanBuffer,extend/append,1048576,33951,4096,260,32
RunningMeanSqBuffer,extend/append,1048576,13365,4096,260,32
RunningMeanBuffer,calculation,1048576,13347,4096,260,32
RunningMeanSqBuffer,calculation,1048576,7696,4096,260,32
RunningMeanBuffer,extend/append,1048576,18122,4096,260,48
RunningMeanSqBuffer,extend/append,1048576,8477,4096,260,48
RunningMeanBuffer,calculation,1048576,13468,4096,260,48
RunningMeanSqBuffer,calculation,1048576,7793,4096,260,48
RunningMeanBuffer,extend/append,1048576,18056,4096,260,64
RunningMeanSqBuffer,extend/append,1048576,7193,4096,260,64
RunningMeanBuffer,calculation,1048576,13413,4096,260,64
RunningMeanSqBuffer,calculation,1048576,8196,4096,260,64
RunningMeanBuffer,extend/append,2097152,1812058,4096,260,1
RunningMeanSqBuffer,extend/append,2097152,401212,4096,260,1
RunningMeanBuffer,calculation,2097152,13899,4096,260,1
RunningMeanSqBuffer,calculation,2097152,10263,4096,260,1
RunningMeanBuffer,extend/append,2097152,912910,4096,260,2
RunningMeanSqBuffer,extend/append,2097152,208924,4096,260,2
RunningMeanBuffer,calculation,2097152,14083,4096,260,2
RunningMeanSqBuffer,calculation,2097152,10092,4096,260,2
RunningMeanBuffer,extend/append,2097152,606985,4096,260,3
RunningMeanSqBuffer,extend/append,2097152,144349,4096,260,3
RunningMeanBuffer,calculation,2097152,13638,4096,260,3
RunningMeanSqBuffer,calculation,2097152,9675,4096,260,3
RunningMeanBuffer,extend/append,2097152,451431,4096,260,4
RunningMeanSqBuffer,extend/append,2097152,111976,4096,260,4
RunningMeanBuffer,calculation,2097152,14072,4096,260,4
RunningMeanSqBuffer,calculation,2097152,9718,4096,260,4
RunningMeanBuffer,extend/append,2097152,297119,4096,260,6
RunningMeanSqBuffer,extend/append,2097152,78247,4096,260,6
RunningMeanBuffer,calculation,2097152,14001,4096,260,6
RunningMeanSqBuffer,calculation,2097152,9843,4096,260,6
RunningMeanBuffer,extend/append,2097152,234616,4096,260,8
RunningMeanSqBuffer,extend/append,2097152,61659,4096,260,8
RunningMeanBuffer,calculation,2097152,13840,4096,260,8
RunningMeanSqBuffer,calculation,2097152,9680,4096,260,8
RunningMeanBuffer,extend/append,2097152,141909,4096,260,12
RunningMeanSqBuffer,extend/append,2097152,39349,4096,260,12
RunningMeanBuffer,calculation,2097152,13567,4096,260,12
RunningMeanSqBuffer,calculation,2097152,9871,4096,260,12
RunningMeanBuffer,extend/append,2097152,127394,4096,260,16
RunningMeanSqBuffer,extend/append,2097152,34673,4096,260,16
RunningMeanBuffer,calculation,2097152,13768,4096,260,16
RunningMeanSqBuffer,calculation,2097152,9793,4096,260,16
RunningMeanBuffer,extend/append,2097152,80063,4096,260,24
RunningMeanSqBuffer,extend/append,2097152,22638,4096,260,24
RunningMeanBuffer,calculation,2097152,13835,4096,260,24
RunningMeanSqBuffer,calculation,2097152,9558,4096,260,24
RunningMeanBuffer,extend/append,2097152,64929,4096,260,32
RunningMeanSqBuffer,extend/append,2097152,18934,4096,260,32
RunningMeanBuffer,calculation,2097152,13828,4096,260,32
RunningMeanSqBuffer,calculation,2097152,9637,4096,260,32
RunningMeanBuffer,extend/append,2097152,33521,4096,260,48
RunningMeanSqBuffer,extend/append,2097152,10748,4096,260,48
RunningMeanBuffer,calculation,2097152,13719,4096,260,48
RunningMeanSqBuffer,calculation,2097152,9786,4096,260,48
RunningMeanBuffer,extend/append,2097152,33466,4096,260,64
RunningMeanSqBuffer,extend/append,2097152,9829,4096,260,64
RunningMeanBuffer,calculation,2097152,14261,4096,260,64
RunningMeanSqBuffer,calculation,2097152,9782,4096,260,64
RunningMeanBuffer,extend/append,4194304,3630661,4096,260,1
RunningMeanSqBuffer,extend/append,4194304,802297,4096,260,1
RunningMeanBuffer,calculation,4194304,15808,4096,260,1
RunningMeanSqBuffer,calculation,4194304,10090,4096,260,1
RunningMeanBuffer,extend/append,4194304,1842194,4096,260,2
RunningMeanSqBuffer,extend/append,4194304,410928,4096,260,2
RunningMeanBuffer,calculation,4194304,15264,4096,260,2
RunningMeanSqBuffer,calculation,4194304,9999,4096,260,2
RunningMeanBuffer,extend/append,4194304,1207116,4096,260,3
RunningMeanSqBuffer,extend/append,4194304,274888,4096,260,3
RunningMeanBuffer,calculation,4194304,15408,4096,260,3
RunningMeanSqBuffer,calculation,4194304,9781,4096,260,3
RunningMeanBuffer,extend/append,4194304,893824,4096,260,4
RunningMeanSqBuffer,extend/append,4194304,212528,4096,260,4
RunningMeanBuffer,calculation,4194304,14945,4096,260,4
RunningMeanSqBuffer,calculation,4194304,9849,4096,260,4
RunningMeanBuffer,extend/append,4194304,586484,4096,260,6
RunningMeanSqBuffer,extend/append,4194304,138107,4096,260,6
RunningMeanBuffer,calculation,4194304,15293,4096,260,6
RunningMeanSqBuffer,calculation,4194304,9865,4096,260,6
RunningMeanBuffer,extend/append,4194304,463391,4096,260,8
RunningMeanSqBuffer,extend/append,4194304,111083,4096,260,8
RunningMeanBuffer,calculation,4194304,14552,4096,260,8
RunningMeanSqBuffer,calculation,4194304,9406,4096,260,8
RunningMeanBuffer,extend/append,4194304,280360,4096,260,12
RunningMeanSqBuffer,extend/append,4194304,65871,4096,260,12
RunningMeanBuffer,calculation,4194304,14426,4096,260,12
RunningMeanSqBuffer,calculation,4194304,9765,4096,260,12
RunningMeanBuffer,extend/append,4194304,251192,4096,260,16
RunningMeanSqBuffer,extend/append,4194304,59824,4096,260,16
RunningMeanBuffer,calculation,4194304,15719,4096,260,16
RunningMeanSqBuffer,calculation,4194304,9730,4096,260,16
RunningMeanBuffer,extend/append,4194304,157037,4096,260,24
RunningMeanSqBuffer,extend/append,4194304,38150,4096,260,24
RunningMeanBuffer,calculation,4194304,15424,4096,260,24
RunningMeanSqBuffer,calculation,4194304,9306,4096,260,24
RunningMeanBuffer,extend/append,4194304,127553,4096,260,32
RunningMeanSqBuffer,extend/append,4194304,31823,4096,260,32
RunningMeanBuffer,calculation,4194304,15094,4096,260,32
RunningMeanSqBuffer,calculation,4194304,9741,4096,260,32
RunningMeanBuffer,extend/append,4194304,63975,4096,260,48
RunningMeanSqBuffer,extend/append,4194304,17252,4096,260,48
RunningMeanBuffer,calculation,4194304,15408,4096,260,48
RunningMeanSqBuffer,calculation,4194304,9684,4096,260,48
RunningMeanBuffer,extend/append,4194304,64844,4096,260,64
RunningMeanSqBuffer,extend/append,4194304,17235,4096,260,64
RunningMeanBuffer,calculation,4194304,14843,4096,260,64
RunningMeanSqBuffer,calculation,4194304,9773,4096,260,64
RunningMeanBuffer,extend/append,8388608,7180155,4096,260,1
RunningMeanSqBuffer,extend/append,8388608,1580385,4096,260,1
RunningMeanBuffer,calculation,8388608,15792,4096,260,1
RunningMeanSqBuffer,calculation,8388608,10672,4096,260,1
RunningMeanBuffer,extend/append,8388608,3624366,4096,260,2
RunningMeanSqBuffer,extend/append,8388608,802888,4096,260,2
RunningMeanBuffer,calculation,8388608,15130,4096,260,2
RunningMeanSqBuffer,calculation,8388608,10623,4096,260,2
RunningMeanBuffer,extend/append,8388608,2421307,4096,260,3
RunningMeanSqBuffer,extend/append,8388608,537469,4096,260,3
RunningMeanBuffer,calculation,8388608,16543,4096,260,3
RunningMeanSqBuffer,calculation,8388608,10720,4096,260,3
RunningMeanBuffer,extend/append,8388608,1781086,4096,260,4
RunningMeanSqBuffer,extend/append,8388608,398874,4096,260,4
RunningMeanBuffer,calculation,8388608,14591,4096,260,4
RunningMeanSqBuffer,calculation,8388608,10555,4096,260,4
RunningMeanBuffer,extend/append,8388608,1178722,4096,260,6
RunningMeanSqBuffer,extend/append,8388608,266048,4096,260,6
RunningMeanBuffer,calculation,8388608,14997,4096,260,6
RunningMeanSqBuffer,calculation,8388608,10357,4096,260,6
RunningMeanBuffer,extend/append,8388608,925782,4096,260,8
RunningMeanSqBuffer,extend/append,8388608,212857,4096,260,8
RunningMeanBuffer,calculation,8388608,16112,4096,260,8
RunningMeanSqBuffer,calculation,8388608,10723,4096,260,8
RunningMeanBuffer,extend/append,8388608,561910,4096,260,12
RunningMeanSqBuffer,extend/append,8388608,129530,4096,260,12
RunningMeanBuffer,calculation,8388608,14603,4096,260,12
RunningMeanSqBuffer,calculation,8388608,10125,4096,260,12
RunningMeanBuffer,extend/append,8388608,496059,4096,260,16
RunningMeanSqBuffer,extend/append,8388608,116787,4096,260,16
RunningMeanBuffer,calculation,8388608,15116,4096,260,16
RunningMeanSqBuffer,calculation,8388608,10084,4096,260,16
RunningMeanBuffer,extend/append,8388608,310715,4096,260,24
RunningMeanSqBuffer,extend/append,8388608,74755,4096,260,24
RunningMeanBuffer,calculation,8388608,14998,4096,260,24
RunningMeanSqBuffer,calculation,8388608,10364,4096,260,24
RunningMeanBuffer,extend/append,8388608,251077,4096,260,32
RunningMeanSqBuffer,extend/append,8388608,59781,4096,260,32
RunningMeanBuffer,calculation,8388608,14459,4096,260,32
RunningMeanSqBuffer,calculation,8388608,10276,4096,260,32
RunningMeanBuffer,extend/append,8388608,126239,4096,260,48
RunningMeanSqBuffer,extend/append,8388608,30624,4096,260,48
RunningMeanBuffer,calculation,8388608,14889,4096,260,48
RunningMeanSqBuffer,calculation,8388608,10419,4096,260,48
RunningMeanBuffer,extend/append,8388608,127229,4096,260,64
RunningMeanSqBuffer,extend/append,8388608,31059,4096,260,64
RunningMeanBuffer,calculation,8388608,17674,4096,260,64
RunningMeanSqBuffer,calculation,8388608,10325,4096,260,64
RunningMeanBuffer,extend/append,8192,8225,8192,260,1
RunningMeanSqBuffer,extend/append,8192,4966,8192,260,1
RunningMeanBuffer,calculation,8192,9544,8192,260,1
RunningMeanSqBuffer,calculation,8192,6662,8192,260,1
RunningMeanBuffer,extend/append,8192,5040,8192,260,2
RunningMeanSqBuffer,extend/append,8192,3688,8192,260,2
RunningMeanBuffer,calculation,8192,9427,8192,260,2
RunningMeanSqBuffer,calculation,8192,6611,8192,260,2
RunningMeanBuffer,extend/append,8192,4102,8192,260,3
RunningMeanSqBuffer,extend/append,8192,3259,8192,260,3
RunningMeanBuffer,calculation,8192,9465,8192,260,3
RunningMeanSqBuffer,calculation,8192,6648,8192,260,3
RunningMeanBuffer,extend/append,8192,3641,8192,260,4
RunningMeanSqBuffer,extend/append,8192,2994,8192,260,4
RunningMeanBuffer,calculation,8192,9342,8192,260,4
RunningMeanSqBuffer,calculation,8192,6643,8192,260,4
RunningMeanBuffer,extend/append,8192,3209,8192,260,6
RunningMeanSqBuffer,extend/append,8192,2747,8192,260,6
RunningMeanBuffer,calculation,8192,9444,8192,260,6
RunningMeanSqBuffer,calculation,8192,6629,8192,260,6
RunningMeanBuffer,extend/append,8192,2970,8192,260,8
RunningMeanSqBuffer,extend/append,8192,2670,8192,260,8
RunningMeanBuffer,calculation,8192,9323,8192,260,8
RunningMeanSqBuffer,calculation,8192,6608,8192,260,8
RunningMeanBuffer,extend/append,8192,2688,8192,260,12
RunningMeanSqBuffer,extend/append,8192,2535,8192,260,12
RunningMeanBuffer,calculation,8192,9350,8192,260,12
RunningMeanSqBuffer,calculation,8192,6545,8192,260,12
RunningMeanBuffer,extend/append,8192,2673,8192,260,16
RunningMeanSqBuffer,extend/append,8192,2483,8192,260,16
RunningMeanBuffer,calculation,8192,9364,8192,260,16
RunningMeanSqBuffer,calculation,8192,6609,8192,260,16
RunningMeanBuffer,extend/append,8192,2534,8192,260,24
RunningMeanSqBuffer,extend/append,8192,2419,8192,260,24
RunningMeanBuffer,calculation,8192,9345,8192,260,24
RunningMeanSqBuffer,calculation,8192,6556,8192,260,24
RunningMeanBuffer,extend/append,8192,2425,8192,260,32
RunningMeanSqBuffer,extend/append,8192,2413,8192,260,32
RunningMeanBuffer,calculation,8192,9366,8192,260,32
RunningMeanSqBuffer,calculation,8192,6588,8192,260,32
RunningMeanBuffer,extend/append,8192,2367,8192,260,48
RunningMeanSqBuffer,extend/append,8192,2377,8192,260,48
RunningMeanBuffer,calculation,8192,9349,8192,260,48
RunningMeanSqBuffer,calculation,8192,6549,8192,260,48
RunningMeanBuffer,extend/append,8192,2417,8192,260,64
RunningMeanSqBuffer,extend/append,8192,2340,8192,260,64
RunningMeanBuffer,calculation,8192,9308,8192,260,64
RunningMeanSqBuffer,calculation,8192,6614,8192,260,64
RunningMeanBuffer,extend/append,16384,11189,8192,260,1
RunningMeanSqBuffer,extend/append,16384,44460,8192,260,1
RunningMeanBuffer,calculation,16384,16424,8192,260,1
RunningMeanSqBuffer,calculation,16384,12260,8192,260,1
RunningMeanBuffer,extend/append,16384,6931,8192,260,2
RunningMeanSqBuffer,extend/append,16384,19688,8192,260,2
RunningMeanBuffer,calculation,16384,16414,8192,260,2
RunningMeanSqBuffer,calculation,16384,11849,8192,260,2
RunningMeanBuffer,extend/append,16384,5344,8192,260,3
RunningMeanSqBuffer,extend/append,16384,14229,8192,260,3
RunningMeanBuffer,calculation,16384,16418,8192,260,3
RunningMeanSqBuffer,calculation,16384,11859,8192,260,3
RunningMeanBuffer,extend/append,16384,4626,8192,260,4
RunningMeanSqBuffer,extend/append,16384,12757,8192,260,4
RunningMeanBuffer,calculation,16384,16371,8192,260,4
RunningMeanSqBuffer,calculation,16384,12083,8192,260,4
RunningMeanBuffer,extend/append,16384,3757,8192,260,6
RunningMeanSqBuffer,extend/append,16384,9637,8192,260,6
RunningMeanBuffer,calculation,16384,16306,8192,260,6
RunningMeanSqBuffer,calculation,16384,12028,8192,260,6
RunningMeanBuffer,extend/append,16384,3439,8192,260,8
RunningMeanSqBuffer,extend/append,16384,8512,8192,260,8
RunningMeanBuffer,calculation,16384,16448,8192,260,8
RunningMeanSqBuffer,calculation,16384,11942,8192,260,8
RunningMeanBuffer,extend/append,16384,2950,8192,260,12
RunningMeanSqBuffer,extend/append,16384,5953,8192,260,12
RunningMeanBuffer,calculation,16384,16412,8192,260,12
RunningMeanSqBuffer,calculation,16384,11957,8192,260,12
RunningMeanBuffer,extend/append,16384,2898,8192,260,16
RunningMeanSqBuffer,extend/append,16384,4968,8192,260,16
RunningMeanBuffer,calculation,16384,16368,8192,260,16
RunningMeanSqBuffer,calculation,16384,11864,8192,260,16
RunningMeanBuffer,extend/append,16384,2686,8192,260,24
RunningMeanSqBuffer,extend/append,16384,4109,8192,260,24
RunningMeanBuffer,calculation,16384,16409,8192,260,24
RunningMeanSqBuffer,calculation,16384,11868,8192,260,24
RunningMeanBuffer,extend/append,16384,2656,8192,260,32
RunningMeanSqBuffer,extend/append,16384,3939,8192,260,32
RunningMeanBuffer,calculation,16384,16413,8192,260,32
RunningMeanSqBuffer,calculation,16384,11677,8192,260,32
RunningMeanBuffer,extend/append,16384,2471,8192,260,48
RunningMeanSqBuffer,extend/append,16384,3028,8192,260,48
RunningMeanBuffer,calculation,16384,16211,8192,260,48
RunningMeanSqBuffer,calculation,16384,11625,8192,260,48
RunningMeanBuffer,extend/append,16384,2408,8192,260,64
RunningMeanSqBuffer,extend/append,16384,3005,8192,260,64
RunningMeanBuffer,calculation,16384,16357,8192,260,64
RunningMeanSqBuffer,calculation,16384,11830,8192,260,64
RunningMeanBuffer,extend/append,32768,16802,8192,260,1
RunningMeanSqBuffer,extend/append,32768,100417,8192,260,1
RunningMeanBuffer,calculation,32768,16526,8192,260,1
RunningMeanSqBuffer,calculation,32768,10972,8192,260,1
RunningMeanBuffer,extend/append,32768,9596,8192,260,2
RunningMeanSqBuffer,extend/append,32768,52573,8192,260,2
RunningMeanBuffer,calculation,32768,16461,8192,260,2
RunningMeanSqBuffer,calculation,32768,10595,8192,260,2
RunningMeanBuffer,extend/append,32768,7161,8192,260,3
RunningMeanSqBuffer,extend/append,32768,41945,8192,260,3
RunningMeanBuffer,calculation,32768,16582,8192,260,3
RunningMeanSqBuffer,calculation,32768,10730,8192,260,3
RunningMeanBuffer,extend/append,32768,5959,8192,260,4
RunningMeanSqBuffer,extend/append,32768,28114,8192,260,4
RunningMeanBuffer,calculation,32768,16608,8192,260,4
RunningMeanSqBuffer,calculation,32768,11060,8192,260,4
RunningMeanBuffer,extend/append,32768,4703,8192,260,6
RunningMeanSqBuffer,extend/append,32768,18919,8192,260,6
RunningMeanBuffer,calculation,32768,16458,8192,260,6
RunningMeanSqBuffer,calculation,32768,10683,8192,260,6
RunningMeanBuffer,extend/append,32768,4225,8192,260,8
RunningMeanSqBuffer,extend/append,32768,19685,8192,260,8
RunningMeanBuffer,calculation,32768,16618,8192,260,8
RunningMeanSqBuffer,calculation,32768,11312,8192,260,8
RunningMeanBuffer,extend/append,32768,3471,8192,260,12
RunningMeanSqBuffer,extend/append,32768,14010,8192,260,12
RunningMeanBuffer,calculation,32768,16525,8192,260,12
RunningMeanSqBuffer,calculation,32768,11313,8192,260,12
RunningMeanBuffer,extend/append,32768,3440,8192,260,16
RunningMeanSqBuffer,extend/append,32768,9361,8192,260,16
RunningMeanBuffer,calculation,32768,16641,8192,260,16
RunningMeanSqBuffer,calculation,32768,10568,8192,260,16
RunningMeanBuffer,extend/append,32768,2941,8192,260,24
RunningMeanSqBuffer,extend/append,32768,7783,8192,260,24
RunningMeanBuffer,calculation,32768,16564,8192,260,24
RunningMeanSqBuffer,calculation,32768,10728,8192,260,24
RunningMeanBuffer,extend/append,32768,2848,8192,260,32
RunningMeanSqBuffer,extend/append,32768,6982,8192,260,32
RunningMeanBuffer,calculation,32768,16505,8192,260,32
RunningMeanSqBuffer,calculation,32768,10956,8192,260,32
RunningMeanBuffer,extend/append,32768,2603,8192,260,48
RunningMeanSqBuffer,extend/append,32768,4268,8192,260,48
RunningMeanBuffer,calculation,32768,16481,8192,260,48
RunningMeanSqBuffer,calculation,32768,10394,8192,260,48
RunningMeanBuffer,extend/append,32768,2587,8192,260,64
RunningMeanSqBuffer,extend/append,32768,4436,8192,260,64
RunningMeanBuffer,calculation,32768,16520,8192,260,64
RunningMeanSqBuffer,calculation,32768,12131,8192,260,64
RunningMeanBuffer,extend/append,65536,24420,8192,260,1
RunningMeanSqBuffer,extend/append,65536,101120,8192,260,1
RunningMeanBuffer,calculation,65536,16321,8192,260,1
RunningMeanSqBuffer,calculation,65536,10356,8192,260,1
RunningMeanBuffer,extend/append,65536,13687,8192,260,2
RunningMeanSqBuffer,extend/append,65536,52179,8192,260,2
RunningMeanBuffer,calculation,65536,16483,8192,260,2
RunningMeanSqBuffer,calculation,65536,10667,8192,260,2
RunningMeanBuffer,extend/append,65536,9842,8192,260,3
RunningMeanSqBuffer,extend/append,65536,36183,8192,260,3
RunningMeanBuffer,calculation,65536,16620,8192,260,3
RunningMeanSqBuffer,calculation,65536,10642,8192,260,3
RunningMeanBuffer,extend/append,65536,7980,8192,260,4
RunningMeanSqBuffer,extend/append,65536,32399,8192,260,4
RunningMeanBuffer,calculation,65536,16425,8192,260,4
RunningMeanSqBuffer,calculation,65536,10512,8192,260,4
RunningMeanBuffer,extend/append,65536,6054,8192,260,6
RunningMeanSqBuffer,extend/append,65536,19068,8192,260,6
RunningMeanBuffer,calculation,65536,16386,8192,260,6
RunningMeanSqBuffer,calculation,65536,10224,8192,260,6
RunningMeanBuffer,extend/append,65536,5247,8192,260,8
RunningMeanSqBuffer,extend/append,65536,18263,8192,260,8
RunningMeanBuffer,calculation,65536,16625,8192,260,8
RunningMeanSqBuffer,calculation,65536,10360,8192,260,8
RunningMeanBuffer,extend/append,65536,4123,8192,260,12
RunningMeanSqBuffer,extend/append,65536,10708,8192,260,12
RunningMeanBuffer,calculation,65536,16360,8192,260,12
RunningMeanSqBuffer,calculation,65536,10245,8192,260,12
RunningMeanBuffer,extend/append,65536,3969,8192,260,16
RunningMeanSqBuffer,extend/append,65536,15900,8192,260,16
RunningMeanBuffer,calculation,65536,16267,8192,260,16
RunningMeanSqBuffer,calculation,65536,10199,8192,260,16
RunningMeanBuffer,extend/append,65536,3415,8192,260,24
RunningMeanSqBuffer,extend/append,65536,10631,8192,260,24
RunningMeanBuffer,calculation,65536,16466,8192,260,24
RunningMeanSqBuffer,calculation,65536,9959,8192,260,24
RunningMeanBuffer,extend/append,65536,3128,8192,260,32
RunningMeanSqBuffer,extend/append,65536,7100,8192,260,32
RunningMeanBuffer,calculation,65536,16527,8192,260,32
RunningMeanSqBuffer,calculation,65536,11296,8192,260,32
RunningMeanBuffer,extend/append,65536,2790,8192,260,48
RunningMeanSqBuffer,extend/append,65536,4583,8192,260,48
RunningMeanBuffer,calculation,65536,16419,8192,260,48
RunningMeanSqBuffer,calculation,65536,10372,8192,260,48
RunningMeanBuffer,extend/append,65536,2818,8192,260,64
RunningMeanSqBuffer,extend/append,65536,5942,8192,260,64
RunningMeanBuffer,calculation,65536,16534,8192,260,64
RunningMeanSqBuffer,calculation,65536,10299,8192,260,64
RunningMeanBuffer,extend/append,131072,42604,8192,260,1
RunningMeanSqBuffer,extend/append,131072,104469,8192,260,1
RunningMeanBuffer,calculation,131072,16509,8192,260,1
RunningMeanSqBuffer,calculation,131072,10789,8192,260,1
RunningMeanBuffer,extend/append,131072,22564,8192,260,2
RunningMeanSqBuffer,extend/append,131072,52891,8192,260,2
RunningMeanBuffer,calculation,131072,16533,8192,260,2
RunningMeanSqBuffer,calculation,131072,10240,8192,260,2
RunningMeanBuffer,extend/append,131072,15664,8192,260,3
RunningMeanSqBuffer,extend/append,131072,35635,8192,260,3
RunningMeanBuffer,calculation,131072,16547,8192,260,3
RunningMeanSqBuffer,calculation,131072,10461,8192,260,3
RunningMeanBuffer,extend/append,131072,12429,8192,260,4
RunningMeanSqBuffer,extend/append,131072,27383,8192,260,4
RunningMeanBuffer,calculation,131072,16431,8192,260,4
RunningMeanSqBuffer,calculation,131072,10586,8192,260,4
RunningMeanBuffer,extend/append,131072,9012,8192,260,6
RunningMeanSqBuffer,extend/append,131072,23565,8192,260,6
RunningMeanBuffer,calculation,131072,16492,8192,260,6
RunningMeanSqBuffer,calculation,131072,10471,8192,260,6
RunningMeanBuffer,extend/append,131072,7612,8192,260,8
RunningMeanSqBuffer,extend/append,131072,16997,8192,260,8
RunningMeanBuffer,calculation,131072,16332,8192,260,8
RunningMeanSqBuffer,calculation,131072,10202,8192,260,8
RunningMeanBuffer,extend/append,131072,5551,8192,260,12
RunningMeanSqBuffer,extend/append,131072,27037,8192,260,12
RunningMeanBuffer,calculation,131072,16517,8192,260,12
RunningMeanSqBuffer,calculation,131072,10243,8192,260,12
RunningMeanBuffer,extend/append,131072,5257,8192,260,16
RunningMeanSqBuffer,extend/append,131072,23495,8192,260,16
RunningMeanBuffer,calculation,131072,16404,8192,260,16
RunningMeanSqBuffer,calculation,131072,10784,8192,260,16
RunningMeanBuffer,extend/append,131072,4168,8192,260,24
RunningMeanSqBuffer,extend/append,131072,15276,8192,260,24
RunningMeanBuffer,calculation,131072,16470,8192,260,24
RunningMeanSqBuffer,calculation,131072,10472,8192,260,24
RunningMeanBuffer,extend/append,131072,3771,8192,260,32
RunningMeanSqBuffer,extend/append,131072,12066,8192,260,32
RunningMeanBuffer,calculation,131072,16419,8192,260,32
RunningMeanSqBuffer,calculation,131072,11538,8192,260,32
RunningMeanBuffer,extend/append,131072,3091,8192,260,48
RunningMeanSqBuffer,extend/append,131072,7609,8192,260,48
RunningMeanBuffer,calculation,131072,16393,8192,260,48
RunningMeanSqBuffer,calculation,131072,10374,8192,260,48
RunningMeanBuffer,extend/append,131072,3082,8192,260,64
RunningMeanSqBuffer,extend/append,131072,4652,8192,260,64
RunningMeanBuffer,calculation,131072,16390,8192,260,64
RunningMeanSqBuffer,calculation,131072,10065,8192,260,64
RunningMeanBuffer,extend/append,262144,235083,8192,260,1
RunningMeanSqBuffer,extend/append,262144,115986,8192,260,1
RunningMeanBuffer,calculation,262144,16707,8192,260,1
RunningMeanSqBuffer,calculation,262144,10961,8192,260,1
RunningMeanBuffer,extend/append,262144,119936,8192,260,2
RunningMeanSqBuffer,extend/append,262144,64099,8192,260,2
RunningMeanBuffer,calculation,262144,16808,8192,260,2
RunningMeanSqBuffer,calculation,262144,11224,8192,260,2
RunningMeanBuffer,extend/append,262144,80763,8192,260,3
RunningMeanSqBuffer,extend/append,262144,44018,8192,260,3
RunningMeanBuffer,calculation,262144,16700,8192,260,3
RunningMeanSqBuffer,calculation,262144,10502,8192,260,3
RunningMeanBuffer,extend/append,262144,61625,8192,260,4
RunningMeanSqBuffer,extend/append,262144,35976,8192,260,4
RunningMeanBuffer,calculation,262144,16812,8192,260,4
RunningMeanSqBuffer,calculation,262144,10752,8192,260,4
RunningMeanBuffer,extend/append,262144,42241,8192,260,6
RunningMeanSqBuffer,extend/append,262144,25658,8192,260,6
RunningMeanBuffer,calculation,262144,16658,8192,260,6
RunningMeanSqBuffer,calculation,262144,11393,8192,260,6
RunningMeanBuffer,extend/append,262144,34489,8192,260,8
RunningMeanSqBuffer,extend/append,262144,38178,8192,260,8
RunningMeanBuffer,calculation,262144,16798,8192,260,8
RunningMeanSqBuffer,calculation,262144,10467,8192,260,8
RunningMeanBuffer,extend/append,262144,21928,8192,260,12
RunningMeanSqBuffer,extend/append,262144,13888,8192,260,12
RunningMeanBuffer,calculation,262144,16740,8192,260,12
RunningMeanSqBuffer,calculation,262144,10711,8192,260,12
RunningMeanBuffer,extend/append,262144,20101,8192,260,16
RunningMeanSqBuffer,extend/append,262144,17792,8192,260,16
RunningMeanBuffer,calculation,262144,16456,8192,260,16
RunningMeanSqBuffer,calculation,262144,10537,8192,260,16
RunningMeanBuffer,extend/append,262144,13983,8192,260,24
RunningMeanSqBuffer,extend/append,262144,16702,8192,260,24
RunningMeanBuffer,calculation,262144,16613,8192,260,24
RunningMeanSqBuffer,calculation,262144,10679,8192,260,24
RunningMeanBuffer,extend/append,262144,12253,8192,260,32
RunningMeanSqBuffer,extend/append,262144,11241,8192,260,32
RunningMeanBuffer,calculation,262144,16702,8192,260,32
RunningMeanSqBuffer,calculation,262144,11302,8192,260,32
RunningMeanBuffer,extend/append,262144,8226,8192,260,48
RunningMeanSqBuffer,extend/append,262144,9438,8192,260,48
RunningMeanBuffer,calculation,262144,16622,8192,260,48
RunningMeanSqBuffer,calculation,262144,10638,8192,260,48
RunningMeanBuffer,extend/append,262144,8090,8192,260,64
RunningMeanSqBuffer,extend/append,262144,7940,8192,260,64
RunningMeanBuffer,calculation,262144,16778,8192,260,64
RunningMeanSqBuffer,calculation,262144,10491,8192,260,64
RunningMeanBuffer,extend/append,524288,459998,8192,260,1
RunningMeanSqBuffer,extend/append,524288,147034,8192,260,1
RunningMeanBuffer,calculation,524288,16883,8192,260,1
RunningMeanSqBuffer,calculation,524288,11680,8192,260,1
RunningMeanBuffer,extend/append,524288,234922,8192,260,2
RunningMeanSqBuffer,extend/append,524288,77894,8192,260,2
RunningMeanBuffer,calculation,524288,17130,8192,260,2
RunningMeanSqBuffer,calculation,524288,11151,8192,260,2
RunningMeanBuffer,extend/append,524288,156085,8192,260,3
RunningMeanSqBuffer,extend/append,524288,53646,8192,260,3
RunningMeanBuffer,calculation,524288,16703,8192,260,3
RunningMeanSqBuffer,calculation,524288,11330,8192,260,3
RunningMeanBuffer,extend/append,524288,117718,8192,260,4
RunningMeanSqBuffer,extend/append,524288,42114,8192,260,4
RunningMeanBuffer,calculation,524288,17052,8192,260,4
RunningMeanSqBuffer,calculation,524288,11516,8192,260,4
RunningMeanBuffer,extend/append,524288,79189,8192,260,6
RunningMeanSqBuffer,extend/append,524288,33165,8192,260,6
RunningMeanBuffer,calculation,524288,17085,8192,260,6
RunningMeanSqBuffer,calculation,524288,11352,8192,260,6
RunningMeanBuffer,extend/append,524288,63483,8192,260,8
RunningMeanSqBuffer,extend/append,524288,27240,8192,260,8
RunningMeanBuffer,calculation,524288,16932,8192,260,8
RunningMeanSqBuffer,calculation,524288,11280,8192,260,8
RunningMeanBuffer,extend/append,524288,39233,8192,260,12
RunningMeanSqBuffer,extend/append,524288,16931,8192,260,12
RunningMeanBuffer,calculation,524288,16695,8192,260,12
RunningMeanSqBuffer,calculation,524288,11562,8192,260,12
RunningMeanBuffer,extend/append,524288,35812,8192,260,16
RunningMeanSqBuffer,extend/append,524288,16132,8192,260,16
RunningMeanBuffer,calculation,524288,16818,8192,260,16
RunningMeanSqBuffer,calculation,524288,11484,8192,260,16
RunningMeanBuffer,extend/append,524288,23890,8192,260,24
RunningMeanSqBuffer,extend/append,524288,12644,8192,260,24
RunningMeanBuffer,calculation,524288,17003,8192,260,24
RunningMeanSqBuffer,calculation,524288,11505,8192,260,24
RunningMeanBuffer,extend/append,524288,20075,8192,260,32
RunningMeanSqBuffer,extend/append,524288,13396,8192,260,32
RunningMeanBuffer,calculation,524288,17068,8192,260,32
RunningMeanSqBuffer,calculation,524288,11531,8192,260,32
RunningMeanBuffer,extend/append,524288,12123,8192,260,48
RunningMeanSqBuffer,extend/append,524288,7160,8192,260,48
RunningMeanBuffer,calculation,524288,16673,8192,260,48
RunningMeanSqBuffer,calculation,524288,11382,8192,260,48
RunningMeanBuffer,extend/append,524288,12192,8192,260,64
RunningMeanSqBuffer,extend/append,524288,8913,8192,260,64
RunningMeanBuffer,calculation,524288,16842,8192,260,64
RunningMeanSqBuffer,calculation,524288,11239,8192,260,64
RunningMeanBuffer,extend/append,1048576,907830,8192,260,1
RunningMeanSqBuffer,extend/append,1048576,241162,8192,260,1
RunningMeanBuffer,calculation,1048576,17102,8192,260,1
RunningMeanSqBuffer,calculation,1048576,11044,8192,260,1
RunningMeanBuffer,extend/append,1048576,463858,8192,260,2
RunningMeanSqBuffer,extend/append,1048576,127029,8192,260,2
RunningMeanBuffer,calculation,1048576,16996,8192,260,2
RunningMeanSqBuffer,calculation,1048576,10769,8192,260,2
RunningMeanBuffer,extend/append,1048576,307841,8192,260,3
RunningMeanSqBuffer,extend/append,1048576,85676,8192,260,3
RunningMeanBuffer,calculation,1048576,17019,8192,260,3
RunningMeanSqBuffer,calculation,1048576,10896,8192,260,3
RunningMeanBuffer,extend/append,1048576,233504,8192,260,4
RunningMeanSqBuffer,extend/append,1048576,78757,8192,260,4
RunningMeanBuffer,calculation,1048576,17340,8192,260,4
RunningMeanSqBuffer,calculation,1048576,10598,8192,260,4
RunningMeanBuffer,extend/append,1048576,153678,8192,260,6
RunningMeanSqBuffer,extend/append,1048576,49098,8192,260,6
RunningMeanBuffer,calculation,1048576,17101,8192,260,6
RunningMeanSqBuffer,calculation,1048576,11168,8192,260,6
RunningMeanBuffer,extend/append,1048576,122948,8192,260,8
RunningMeanSqBuffer,extend/append,1048576,44285,8192,260,8
RunningMeanBuffer,calculation,1048576,17168,8192,260,8
RunningMeanSqBuffer,calculation,1048576,10974,8192,260,8
RunningMeanBuffer,extend/append,1048576,74198,8192,260,12
RunningMeanSqBuffer,extend/append,1048576,26514,8192,260,12
RunningMeanBuffer,calculation,1048576,17246,8192,260,12
RunningMeanSqBuffer,calculation,1048576,10705,8192,260,12
RunningMeanBuffer,extend/append,1048576,67727,8192,260,16
RunningMeanSqBuffer,extend/append,1048576,27588,8192,260,16
RunningMeanBuffer,calculation,1048576,17311,8192,260,16
RunningMeanSqBuffer,calculation,1048576,11131,8192,260,16
RunningMeanBuffer,extend/append,1048576,43232,8192,260,24
RunningMeanSqBuffer,extend/append,1048576,20014,8192,260,24
RunningMeanBuffer,calculation,1048576,17037,8192,260,24
RunningMeanSqBuffer,calculation,1048576,10832,8192,260,24
RunningMeanBuffer,extend/append,1048576,35686,8192,260,32
RunningMeanSqBuffer,extend/append,1048576,19209,8192,260,32
RunningMeanBuffer,calculation,1048576,16787,8192,260,32
RunningMeanSqBuffer,calculation,1048576,10470,8192,260,32
RunningMeanBuffer,extend/append,1048576,20170,8192,260,48
RunningMeanSqBuffer,extend/append,1048576,10134,8192,260,48
RunningMeanBuffer,calculation,1048576,16958,8192,260,48
RunningMeanSqBuffer,calculation,1048576,10770,8192,260,48
RunningMeanBuffer,extend/append,1048576,19970,8192,260,64
RunningMeanSqBuffer,extend/append,1048576,8783,8192,260,64
RunningMeanBuffer,calculation,1048576,17341,8192,260,64
RunningMeanSqBuffer,calculation,1048576,10574,8192,260,64
RunningMeanBuffer,extend/append,2097152,1827685,8192,260,1
RunningMeanSqBuffer,extend/append,2097152,438452,8192,260,1
RunningMeanBuffer,calculation,2097152,17392,8192,260,1
RunningMeanSqBuffer,calculation,2097152,13252,8192,260,1
RunningMeanBuffer,extend/append,2097152,929941,8192,260,2
RunningMeanSqBuffer,extend/append,2097152,229905,8192,260,2
RunningMeanBuffer,calculation,2097152,17298,8192,260,2
RunningMeanSqBuffer,calculation,2097152,13393,8192,260,2
RunningMeanBuffer,extend/append,2097152,612182,8192,260,3
RunningMeanSqBuffer,extend/append,2097152,159049,8192,260,3
RunningMeanBuffer,calculation,2097152,17536,8192,260,3
RunningMeanSqBuffer,calculation,2097152,12791,8192,260,3
RunningMeanBuffer,extend/append,2097152,453676,8192,260,4
RunningMeanSqBuffer,extend/append,2097152,125561,8192,260,4
RunningMeanBuffer,calculation,2097152,17318,8192,260,4
RunningMeanSqBuffer,calculation,2097152,13200,8192,260,4
RunningMeanBuffer,extend/append,2097152,300094,8192,260,6
RunningMeanSqBuffer,extend/append,2097152,84528,8192,260,6
RunningMeanBuffer,calculation,2097152,17337,8192,260,6
RunningMeanSqBuffer,calculation,2097152,12896,8192,260,6
RunningMeanBuffer,extend/append,2097152,240275,8192,260,8
RunningMeanSqBuffer,extend/append,2097152,71012,8192,260,8
RunningMeanBuffer,calculation,2097152,17272,8192,260,8
RunningMeanSqBuffer,calculation,2097152,12977,8192,260,8
RunningMeanBuffer,extend/append,2097152,145726,8192,260,12
RunningMeanSqBuffer,extend/append,2097152,43183,8192,260,12
RunningMeanBuffer,calculation,2097152,17523,8192,260,12
RunningMeanSqBuffer,calculation,2097152,12810,8192,260,12
RunningMeanBuffer,extend/append,2097152,130393,8192,260,16
RunningMeanSqBuffer,extend/append,2097152,39529,8192,260,16
RunningMeanBuffer,calculation,2097152,17165,8192,260,16
RunningMeanSqBuffer,calculation,2097152,12661,8192,260,16
RunningMeanBuffer,extend/append,2097152,83289,8192,260,24
RunningMeanSqBuffer,extend/append,2097152,27543,8192,260,24
RunningMeanBuffer,calculation,2097152,17140,8192,260,24
RunningMeanSqBuffer,calculation,2097152,12810,8192,260,24
RunningMeanBuffer,extend/append,2097152,67451,8192,260,32
RunningMeanSqBuffer,extend/append,2097152,22818,8192,260,32
RunningMeanBuffer,calculation,2097152,17566,8192,260,32
RunningMeanSqBuffer,calculation,2097152,12704,8192,260,32
RunningMeanBuffer,extend/append,2097152,35425,8192,260,48
RunningMeanSqBuffer,extend/append,2097152,12483,8192,260,48
RunningMeanBuffer,calculation,2097152,17491,8192,260,48
RunningMeanSqBuffer,calculation,2097152,12616,8192,260,48
RunningMeanBuffer,extend/append,2097152,35755,8192,260,64
RunningMeanSqBuffer,extend/append,2097152,12535,8192,260,64
RunningMeanBuffer,calculation,2097152,17235,8192,260,64
RunningMeanSqBuffer,calculation,2097152,12525,8192,260,64
RunningMeanBuffer,extend/append,4194304,3612999,8192,260,1
RunningMeanSqBuffer,extend/append,4194304,835258,8192,260,1
RunningMeanBuffer,calculation,4194304,18172,8192,260,1
RunningMeanSqBuffer,calculation,4194304,13940,8192,260,1
RunningMeanBuffer,extend/append,4194304,1824709,8192,260,2
RunningMeanSqBuffer,extend/append,4194304,426144,8192,260,2
RunningMeanBuffer,calculation,4194304,17994,8192,260,2
RunningMeanSqBuffer,calculation,4194304,14505,8192,260,2
RunningMeanBuffer,extend/append,4194304,1210725,8192,260,3
RunningMeanSqBuffer,extend/append,4194304,284899,8192,260,3
RunningMeanBuffer,calculation,4194304,18043,8192,260,3
RunningMeanSqBuffer,calculation,4194304,14107,8192,260,3
RunningMeanBuffer,extend/append,4194304,901478,8192,260,4
RunningMeanSqBuffer,extend/append,4194304,214087,8192,260,4
RunningMeanBuffer,calculation,4194304,18124,8192,260,4
RunningMeanSqBuffer,calculation,4194304,14061,8192,260,4
RunningMeanBuffer,extend/append,4194304,595314,8192,260,6
RunningMeanSqBuffer,extend/append,4194304,140536,8192,260,6
RunningMeanBuffer,calculation,4194304,18274,8192,260,6
RunningMeanSqBuffer,calculation,4194304,13891,8192,260,6
RunningMeanBuffer,extend/append,4194304,477189,8192,260,8
RunningMeanSqBuffer,extend/append,4194304,111717,8192,260,8
RunningMeanBuffer,calculation,4194304,18974,8192,260,8
RunningMeanSqBuffer,calculation,4194304,13902,8192,260,8
RunningMeanBuffer,extend/append,4194304,282312,8192,260,12
RunningMeanSqBuffer,extend/append,4194304,69974,8192,260,12
RunningMeanBuffer,calculation,4194304,18036,8192,260,12
RunningMeanSqBuffer,calculation,4194304,13783,8192,260,12
RunningMeanBuffer,extend/append,4194304,256006,8192,260,16
RunningMeanSqBuffer,extend/append,4194304,63098,8192,260,16
RunningMeanBuffer,calculation,4194304,19283,8192,260,16
RunningMeanSqBuffer,calculation,4194304,13284,8192,260,16
RunningMeanBuffer,extend/append,4194304,161052,8192,260,24
RunningMeanSqBuffer,extend/append,4194304,40464,8192,260,24
RunningMeanBuffer,calculation,4194304,18891,8192,260,24
RunningMeanSqBuffer,calculation,4194304,13821,8192,260,24
RunningMeanBuffer,extend/append,4194304,129860,8192,260,32
RunningMeanSqBuffer,extend/append,4194304,33845,8192,260,32
RunningMeanBuffer,calculation,4194304,18080,8192,260,32
RunningMeanSqBuffer,calculation,4194304,14340,8192,260,32
RunningMeanBuffer,extend/append,4194304,66791,8192,260,48
RunningMeanSqBuffer,extend/append,4194304,19523,8192,260,48
RunningMeanBuffer,calculation,4194304,19003,8192,260,48
RunningMeanSqBuffer,calculation,4194304,13636,8192,260,48
RunningMeanBuffer,extend/append,4194304,66217,8192,260,64
RunningMeanSqBuffer,extend/append,4194304,19500,8192,260,64
RunningMeanBuffer,calculation,4194304,18540,8192,260,64
RunningMeanSqBuffer,calculation,4194304,13859,8192,260,64
RunningMeanBuffer,extend/append,8388608,7256824,8192,260,1
RunningMeanSqBuffer,extend/append,8388608,1623201,8192,260,1
RunningMeanBuffer,calculation,8388608,18828,8192,260,1
RunningMeanSqBuffer,calculation,8388608,15353,8192,260,1
RunningMeanBuffer,extend/append,8388608,3630300,8192,260,2
RunningMeanSqBuffer,extend/append,8388608,822023,8192,260,2
RunningMeanBuffer,calculation,8388608,18847,8192,260,2
RunningMeanSqBuffer,calculation,8388608,14824,8192,260,2
RunningMeanBuffer,extend/append,8388608,2427425,8192,260,3
RunningMeanSqBuffer,extend/append,8388608,550865,8192,260,3
RunningMeanBuffer,calculation,8388608,18877,8192,260,3
RunningMeanSqBuffer,calculation,8388608,14196,8192,260,3
RunningMeanBuffer,extend/append,8388608,1784525,8192,260,4
RunningMeanSqBuffer,extend/append,8388608,413277,8192,260,4
RunningMeanBuffer,calculation,8388608,18771,8192,260,4
RunningMeanSqBuffer,calculation,8388608,14841,8192,260,4
RunningMeanBuffer,extend/append,8388608,1172454,8192,260,6
RunningMeanSqBuffer,extend/append,8388608,273779,8192,260,6
RunningMeanBuffer,calculation,8388608,19036,8192,260,6
RunningMeanSqBuffer,calculation,8388608,14544,8192,260,6
RunningMeanBuffer,extend/append,8388608,929570,8192,260,8
RunningMeanSqBuffer,extend/append,8388608,218172,8192,260,8
RunningMeanBuffer,calculation,8388608,18788,8192,260,8
RunningMeanSqBuffer,calculation,8388608,14319,8192,260,8
RunningMeanBuffer,extend/append,8388608,559389,8192,260,12
RunningMeanSqBuffer,extend/append,8388608,132811,8192,260,12
RunningMeanBuffer,calculation,8388608,18947,8192,260,12
RunningMeanSqBuffer,calculation,8388608,14446,8192,260,12
RunningMeanBuffer,extend/append,8388608,500144,8192,260,16
RunningMeanSqBuffer,extend/append,8388608,118895,8192,260,16
RunningMeanBuffer,calculation,8388608,18806,8192,260,16
RunningMeanSqBuffer,calculation,8388608,14286,8192,260,16
RunningMeanBuffer,extend/append,8388608,315946,8192,260,24
RunningMeanSqBuffer,extend/append,8388608,75330,8192,260,24
RunningMeanBuffer,calculation,8388608,18395,8192,260,24
RunningMeanSqBuffer,calculation,8388608,14178,8192,260,24
RunningMeanBuffer,extend/append,8388608,253837,8192,260,32
RunningMeanSqBuffer,extend/append,8388608,63881,8192,260,32
RunningMeanBuffer,calculation,8388608,18704,8192,260,32
RunningMeanSqBuffer,calculation,8388608,14284,8192,260,32
RunningMeanBuffer,extend/append,8388608,127787,8192,260,48
RunningMeanSqBuffer,extend/append,8388608,33794,8192,260,48
RunningMeanBuffer,calculation,8388608,19252,8192,260,48
RunningMeanSqBuffer,calculation,8388608,15103,8192,260,48
RunningMeanBuffer,extend/append,8388608,127874,8192,260,64
RunningMeanSqBuffer,extend/append,8388608,32933,8192,260,64
RunningMeanBuffer,calculation,8388608,18823,8192,260,64
RunningMeanSqBuffer,calculation,8388608,14181,8192,260,64
RunningMeanBuffer,extend/append,16384,12593,16384,260,1
RunningMeanSqBuffer,extend/append,16384,67459,16384,260,1
RunningMeanBuffer,calculation,16384,20613,16384,260,1
RunningMeanSqBuffer,calculation,16384,71885,16384,260,1
RunningMeanBuffer,extend/append,16384,8055,16384,260,2
RunningMeanSqBuffer,extend/append,16384,39730,16384,260,2
RunningMeanBuffer,calculation,16384,19472,16384,260,2
RunningMeanSqBuffer,calculation,16384,72279,16384,260,2
RunningMeanBuffer,extend/append,16384,6798,16384,260,3
RunningMeanSqBuffer,extend/append,16384,27961,16384,260,3
RunningMeanBuffer,calculation,16384,19007,16384,260,3
RunningMeanSqBuffer,calculation,16384,71670,16384,260,3
RunningMeanBuffer,extend/append,16384,6076,16384,260,4
RunningMeanSqBuffer,extend/append,16384,23335,16384,260,4
RunningMeanBuffer,calculation,16384,19129,16384,260,4
RunningMeanSqBuffer,calculation,16384,72564,16384,260,4
RunningMeanBuffer,extend/append,16384,5525,16384,260,6
RunningMeanSqBuffer,extend/append,16384,16861,16384,260,6
RunningMeanBuffer,calculation,16384,19200,16384,260,6
RunningMeanSqBuffer,calculation,16384,71959,16384,260,6
RunningMeanBuffer,extend/append,16384,5299,16384,260,8
RunningMeanSqBuffer,extend/append,16384,14396,16384,260,8
RunningMeanBuffer,calculation,16384,19022,16384,260,8
RunningMeanSqBuffer,calculation,16384,74673,16384,260,8
RunningMeanBuffer,extend/append,16384,4733,16384,260,12
RunningMeanSqBuffer,extend/append,16384,10415,16384,260,12
RunningMeanBuffer,calculation,16384,19079,16384,260,12
RunningMeanSqBuffer,calculation,16384,72508,16384,260,12
RunningMeanBuffer,extend/append,16384,4702,16384,260,16
RunningMeanSqBuffer,extend/append,16384,9329,16384,260,16
RunningMeanBuffer,calculation,16384,19015,16384,260,16
RunningMeanSqBuffer,calculation,16384,74859,16384,260,16
RunningMeanBuffer,extend/append,16384,4644,16384,260,24
RunningMeanSqBuffer,extend/append,16384,8104,16384,260,24
RunningMeanBuffer,calculation,16384,19039,16384,260,24
RunningMeanSqBuffer,calculation,16384,77743,16384,260,24
RunningMeanBuffer,extend/append,16384,4530,16384,260,32
RunningMeanSqBuffer,extend/append,16384,6672,16384,260,32
RunningMeanBuffer,calculation,16384,19033,16384,260,32
RunningMeanSqBuffer,calculation,16384,74777,16384,260,32
RunningMeanBuffer,extend/append,16384,4392,16384,260,48
RunningMeanSqBuffer,extend/append,16384,6428,16384,260,48
RunningMeanBuffer,calculation,16384,19130,16384,260,48
RunningMeanSqBuffer,calculation,16384,75164,16384,260,48
RunningMeanBuffer,extend/append,16384,4397,16384,260,64
RunningMeanSqBuffer,extend/append,16384,5587,16384,260,64
RunningMeanBuffer,calculation,16384,18942,16384,260,64
RunningMeanSqBuffer,calculation,16384,74476,16384,260,64
RunningMeanBuffer,extend/append,32768,17276,16384,260,1
RunningMeanSqBuffer,extend/append,32768,104873,16384,260,1
RunningMeanBuffer,calculation,32768,24438,16384,260,1
RunningMeanSqBuffer,calculation,32768,135120,16384,260,1
RunningMeanBuffer,extend/append,32768,10937,16384,260,2
RunningMeanSqBuffer,extend/append,32768,52968,16384,260,2
RunningMeanBuffer,calculation,32768,24233,16384,260,2
RunningMeanSqBuffer,calculation,32768,131896,16384,260,2
RunningMeanBuffer,extend/append,32768,8979,16384,260,3
RunningMeanSqBuffer,extend/append,32768,35854,16384,260,3
RunningMeanBuffer,calculation,32768,24898,16384,260,3
RunningMeanSqBuffer,calculation,32768,132473,16384,260,3
RunningMeanBuffer,extend/append,32768,7580,16384,260,4
RunningMeanSqBuffer,extend/append,32768,28802,16384,260,4
RunningMeanBuffer,calculation,32768,24563,16384,260,4
RunningMeanSqBuffer,calculation,32768,128193,16384,260,4
RunningMeanBuffer,extend/append,32768,6487,16384,260,6
RunningMeanSqBuffer,extend/append,32768,23067,16384,260,6
RunningMeanBuffer,calculation,32768,24313,16384,260,6
RunningMeanSqBuffer,calculation,32768,128682,16384,260,6
RunningMeanBuffer,extend/append,32768,6062,16384,260,8
RunningMeanSqBuffer,extend/append,32768,18717,16384,260,8
RunningMeanBuffer,calculation,32768,24436,16384,260,8
RunningMeanSqBuffer,calculation,32768,130835,16384,260,8
RunningMeanBuffer,extend/append,32768,5332,16384,260,12
RunningMeanSqBuffer,extend/append,32768,14057,16384,260,12
RunningMeanBuffer,calculation,32768,24254,16384,260,12
RunningMeanSqBuffer,calculation,32768,127890,16384,260,12
RunningMeanBuffer,extend/append,32768,5281,16384,260,16
RunningMeanSqBuffer,extend/append,32768,17298,16384,260,16
RunningMeanBuffer,calculation,32768,24965,16384,260,16
RunningMeanSqBuffer,calculation,32768,136666,16384,260,16
RunningMeanBuffer,extend/append,32768,4931,16384,260,24
RunningMeanSqBuffer,extend/append,32768,8717,16384,260,24
RunningMeanBuffer,calculation,32768,24181,16384,260,24
RunningMeanSqBuffer,calculation,32768,127603,16384,260,24
RunningMeanBuffer,extend/append,32768,4766,16384,260,32
RunningMeanSqBuffer,extend/append,32768,8106,16384,260,32
RunningMeanBuffer,calculation,32768,24137,16384,260,32
RunningMeanSqBuffer,calculation,32768,126777,16384,260,32
RunningMeanBuffer,extend/append,32768,4544,16384,260,48
RunningMeanSqBuffer,extend/append,32768,7899,16384,260,48
RunningMeanBuffer,calculation,32768,24251,16384,260,48
RunningMeanSqBuffer,calculation,32768,125129,16384,260,48
RunningMeanBuffer,extend/append,32768,4611,16384,260,64
RunningMeanSqBuffer,extend/append,32768,7738,16384,260,64
RunningMeanBuffer,calculation,32768,24391,16384,260,64
RunningMeanSqBuffer,calculation,32768,127142,16384,260,64
RunningMeanBuffer,extend/append,65536,26471,16384,260,1
RunningMeanSqBuffer,extend/append,65536,130468,16384,260,1
RunningMeanBuffer,calculation,65536,24227,16384,260,1
RunningMeanSqBuffer,calculation,65536,132301,16384,260,1
RunningMeanBuffer,extend/append,65536,15891,16384,260,2
RunningMeanSqBuffer,extend/append,65536,67385,16384,260,2
RunningMeanBuffer,calculation,65536,24217,16384,260,2
RunningMeanSqBuffer,calculation,65536,132374,16384,260,2
RunningMeanBuffer,extend/append,65536,12113,16384,260,3
RunningMeanSqBuffer,extend/append,65536,46346,16384,260,3
RunningMeanBuffer,calculation,65536,24129,16384,260,3
RunningMeanSqBuffer,calculation,65536,131305,16384,260,3
RunningMeanBuffer,extend/append,65536,10150,16384,260,4
RunningMeanSqBuffer,extend/append,65536,35942,16384,260,4
RunningMeanBuffer,calculation,65536,24174,16384,260,4
RunningMeanSqBuffer,calculation,65536,133640,16384,260,4
RunningMeanBuffer,extend/append,65536,8124,16384,260,6
RunningMeanSqBuffer,extend/append,65536,26204,16384,260,6
RunningMeanBuffer,calculation,65536,24045,16384,260,6
RunningMeanSqBuffer,calculation,65536,135800,16384,260,6
RunningMeanBuffer,extend/append,65536,7250,16384,260,8
RunningMeanSqBuffer,extend/append,65536,20812,16384,260,8
RunningMeanBuffer,calculation,65536,24160,16384,260,8
RunningMeanSqBuffer,calculation,65536,136653,16384,260,8
RunningMeanBuffer,extend/append,65536,6000,16384,260,12
RunningMeanSqBuffer,extend/append,65536,15962,16384,260,12
RunningMeanBuffer,calculation,65536,24208,16384,260,12
RunningMeanSqBuffer,calculation,65536,135056,16384,260,12
RunningMeanBuffer,extend/append,65536,5958,16384,260,16
RunningMeanSqBuffer,extend/append,65536,16487,16384,260,16
RunningMeanBuffer,calculation,65536,24111,16384,260,16
RunningMeanSqBuffer,calculation,65536,141868,16384,260,16
RunningMeanBuffer,extend/append,65536,5377,16384,260,24
RunningMeanSqBuffer,extend/append,65536,10281,16384,260,24
RunningMeanBuffer,calculation,65536,24414,16384,260,24
RunningMeanSqBuffer,calculation,65536,136384,16384,260,24
RunningMeanBuffer,extend/append,65536,5118,16384,260,32
RunningMeanSqBuffer,extend/append,65536,9770,16384,260,32
RunningMeanBuffer,calculation,65536,24592,16384,260,32
RunningMeanSqBuffer,calculation,65536,138467,16384,260,32
RunningMeanBuffer,extend/append,65536,4830,16384,260,48
RunningMeanSqBuffer,extend/append,65536,8562,16384,260,48
RunningMeanBuffer,calculation,65536,24309,16384,260,48
RunningMeanSqBuffer,calculation,65536,139874,16384,260,48
RunningMeanBuffer,extend/append,65536,4882,16384,260,64
RunningMeanSqBuffer,extend/append,65536,8416,16384,260,64
RunningMeanBuffer,calculation,65536,24361,16384,260,64
RunningMeanSqBuffer,calculation,65536,135601,16384,260,64
RunningMeanBuffer,extend/append,131072,42884,16384,260,1
RunningMeanSqBuffer,extend/append,131072,139284,16384,260,1
RunningMeanBuffer,calculation,131072,24591,16384,260,1
RunningMeanSqBuffer,calculation,131072,141785,16384,260,1
RunningMeanBuffer,extend/append,131072,23997,16384,260,2
RunningMeanSqBuffer,extend/append,131072,74669,16384,260,2
RunningMeanBuffer,calculation,131072,24567,16384,260,2
RunningMeanSqBuffer,calculation,131072,141407,16384,260,2
RunningMeanBuffer,extend/append,131072,17132,16384,260,3
RunningMeanSqBuffer,extend/append,131072,53092,16384,260,3
RunningMeanBuffer,calculation,131072,24755,16384,260,3
RunningMeanSqBuffer,calculation,131072,136425,16384,260,3
RunningMeanBuffer,extend/append,131072,13829,16384,260,4
RunningMeanSqBuffer,extend/append,131072,40102,16384,260,4
RunningMeanBuffer,calculation,131072,24400,16384,260,4
RunningMeanSqBuffer,calculation,131072,145105,16384,260,4
RunningMeanBuffer,extend/append,131072,10932,16384,260,6
RunningMeanSqBuffer,extend/append,131072,29853,16384,260,6
RunningMeanBuffer,calculation,131072,24255,16384,260,6
RunningMeanSqBuffer,calculation,131072,144880,16384,260,6
RunningMeanBuffer,extend/append,131072,9298,16384,260,8
RunningMeanSqBuffer,extend/append,131072,22724,16384,260,8
RunningMeanBuffer,calculation,131072,24450,16384,260,8
RunningMeanSqBuffer,calculation,131072,136693,16384,260,8
RunningMeanBuffer,extend/append,131072,7423,16384,260,12
RunningMeanSqBuffer,extend/append,131072,16839,16384,260,12
RunningMeanBuffer,calculation,131072,24449,16384,260,12
RunningMeanSqBuffer,calculation,131072,137943,16384,260,12
RunningMeanBuffer,extend/append,131072,6951,16384,260,16
RunningMeanSqBuffer,extend/append,131072,14385,16384,260,16
RunningMeanBuffer,calculation,131072,24728,16384,260,16
RunningMeanSqBuffer,calculation,131072,144341,16384,260,16
RunningMeanBuffer,extend/append,131072,6063,16384,260,24
RunningMeanSqBuffer,extend/append,131072,13355,16384,260,24
RunningMeanBuffer,calculation,131072,24163,16384,260,24
RunningMeanSqBuffer,calculation,131072,147918,16384,260,24
RunningMeanBuffer,extend/append,131072,5731,16384,260,32
RunningMeanSqBuffer,extend/append,131072,14163,16384,260,32
RunningMeanBuffer,calculation,131072,24411,16384,260,32
RunningMeanSqBuffer,calculation,131072,145780,16384,260,32
RunningMeanBuffer,extend/append,131072,5054,16384,260,48
RunningMeanSqBuffer,extend/append,131072,8681,16384,260,48
RunningMeanBuffer,calculation,131072,24290,16384,260,48
RunningMeanSqBuffer,calculation,131072,137280,16384,260,48
RunningMeanBuffer,extend/append,131072,4922,16384,260,64
RunningMeanSqBuffer,extend/append,131072,7017,16384,260,64
RunningMeanBuffer,calculation,131072,24984,16384,260,64
RunningMeanSqBuffer,calculation,131072,137742,16384,260,64
RunningMeanBuffer,extend/append,262144,214924,16384,260,1
RunningMeanSqBuffer,extend/append,262144,150994,16384,260,1
RunningMeanBuffer,calculation,262144,24958,16384,260,1
RunningMeanSqBuffer,calculation,262144,141097,16384,260,1
RunningMeanBuffer,extend/append,262144,112988,16384,260,2
RunningMeanSqBuffer,extend/append,262144,84568,16384,260,2
RunningMeanBuffer,calculation,262144,24702,16384,260,2
RunningMeanSqBuffer,calculation,262144,134949,16384,260,2
RunningMeanBuffer,extend/append,262144,75986,16384,260,3
RunningMeanSqBuffer,extend/append,262144,63400,16384,260,3
RunningMeanBuffer,calculation,262144,24875,16384,260,3
RunningMeanSqBuffer,calculation,262144,139451,16384,260,3
RunningMeanBuffer,extend/append,262144,59626,16384,260,4
RunningMeanSqBuffer,extend/append,262144,45219,16384,260,4
RunningMeanBuffer,calculation,262144,24609,16384,260,4
RunningMeanSqBuffer,calculation,262144,136272,16384,260,4
RunningMeanBuffer,extend/append,262144,39804,16384,260,6
RunningMeanSqBuffer,extend/append,262144,37119,16384,260,6
RunningMeanBuffer,calculation,262144,24885,16384,260,6
RunningMeanSqBuffer,calculation,262144,137489,16384,260,6
RunningMeanBuffer,extend/append,262144,33983,16384,260,8
RunningMeanSqBuffer,extend/append,262144,28807,16384,260,8
RunningMeanBuffer,calculation,262144,24730,16384,260,8
RunningMeanSqBuffer,calculation,262144,138818,16384,260,8
RunningMeanBuffer,extend/append,262144,22915,16384,260,12
RunningMeanSqBuffer,extend/append,262144,23581,16384,260,12
RunningMeanBuffer,calculation,262144,24631,16384,260,12
RunningMeanSqBuffer,calculation,262144,139815,16384,260,12
RunningMeanBuffer,extend/append,262144,22145,16384,260,16
RunningMeanSqBuffer,extend/append,262144,23668,16384,260,16
RunningMeanBuffer,calculation,262144,25304,16384,260,16
RunningMeanSqBuffer,calculation,262144,146632,16384,260,16
RunningMeanBuffer,extend/append,262144,16303,16384,260,24
RunningMeanSqBuffer,extend/append,262144,17002,16384,260,24
RunningMeanBuffer,calculation,262144,24752,16384,260,24
RunningMeanSqBuffer,calculation,262144,148186,16384,260,24
RunningMeanBuffer,extend/append,262144,14789,16384,260,32
RunningMeanSqBuffer,extend/append,262144,14857,16384,260,32
RunningMeanBuffer,calculation,262144,25163,16384,260,32
RunningMeanSqBuffer,calculation,262144,137585,16384,260,32
RunningMeanBuffer,extend/append,262144,10900,16384,260,48
RunningMeanSqBuffer,extend/append,262144,12918,16384,260,48
RunningMeanBuffer,calculation,262144,25251,16384,260,48
RunningMeanSqBuffer,calculation,262144,139855,16384,260,48
RunningMeanBuffer,extend/append,262144,11271,16384,260,64
RunningMeanSqBuffer,extend/append,262144,12342,16384,260,64
RunningMeanBuffer,calculation,262144,25080,16384,260,64
RunningMeanSqBuffer,calculation,262144,147730,16384,260,64
RunningMeanBuffer,extend/append,524288,463431,16384,260,1
RunningMeanSqBuffer,extend/append,524288,179481,16384,260,1
RunningMeanBuffer,calculation,524288,25580,16384,260,1
RunningMeanSqBuffer,calculation,524288,141423,16384,260,1
RunningMeanBuffer,extend/append,524288,235742,16384,260,2
RunningMeanSqBuffer,extend/append,524288,98030,16384,260,2
RunningMeanBuffer,calculation,524288,25064,16384,260,2
RunningMeanSqBuffer,calculation,524288,138965,16384,260,2
RunningMeanBuffer,extend/append,524288,158725,16384,260,3
RunningMeanSqBuffer,extend/append,524288,67376,16384,260,3
RunningMeanBuffer,calculation,524288,25415,16384,260,3
RunningMeanSqBuffer,calculation,524288,140795,16384,260,3
RunningMeanBuffer,extend/append,524288,122134,16384,260,4
RunningMeanSqBuffer,extend/append,524288,51396,16384,260,4
RunningMeanBuffer,calculation,524288,24944,16384,260,4
RunningMeanSqBuffer,calculation,524288,141817,16384,260,4
RunningMeanBuffer,extend/append,524288,83556,16384,260,6
RunningMeanSqBuffer,extend/append,524288,43465,16384,260,6
RunningMeanBuffer,calculation,524288,24519,16384,260,6
RunningMeanSqBuffer,calculation,524288,143088,16384,260,6
RunningMeanBuffer,extend/append,524288,67783,16384,260,8
RunningMeanSqBuffer,extend/append,524288,39801,16384,260,8
RunningMeanBuffer,calculation,524288,24811,16384,260,8
RunningMeanSqBuffer,calculation,524288,145652,16384,260,8
RunningMeanBuffer,extend/append,524288,42227,16384,260,12
RunningMeanSqBuffer,extend/append,524288,34904,16384,260,12
RunningMeanBuffer,calculation,524288,24769,16384,260,12
RunningMeanSqBuffer,calculation,524288,141218,16384,260,12
RunningMeanBuffer,extend/append,524288,38641,16384,260,16
RunningMeanSqBuffer,extend/append,524288,29349,16384,260,16
RunningMeanBuffer,calculation,524288,24755,16384,260,16
RunningMeanSqBuffer,calculation,524288,138857,16384,260,16
RunningMeanBuffer,extend/append,524288,27398,16384,260,24
RunningMeanSqBuffer,extend/append,524288,21220,16384,260,24
RunningMeanBuffer,calculation,524288,24954,16384,260,24
RunningMeanSqBuffer,calculation,524288,140303,16384,260,24
RunningMeanBuffer,extend/append,524288,23451,16384,260,32
RunningMeanSqBuffer,extend/append,524288,16025,16384,260,32
RunningMeanBuffer,calculation,524288,24725,16384,260,32
RunningMeanSqBuffer,calculation,524288,140572,16384,260,32
RunningMeanBuffer,extend/append,524288,15548,16384,260,48
RunningMeanSqBuffer,extend/append,524288,12423,16384,260,48
RunningMeanBuffer,calculation,524288,24433,16384,260,48
RunningMeanSqBuffer,calculation,524288,141111,16384,260,48
RunningMeanBuffer,extend/append,524288,15413,16384,260,64
RunningMeanSqBuffer,extend/append,524288,12790,16384,260,64
RunningMeanBuffer,calculation,524288,24384,16384,260,64
RunningMeanSqBuffer,calculation,524288,138015,16384,260,64
RunningMeanBuffer,extend/append,1048576,923194,16384,260,1
RunningMeanSqBuffer,extend/append,1048576,271987,16384,260,1
RunningMeanBuffer,calculation,1048576,25173,16384,260,1
RunningMeanSqBuffer,calculation,1048576,140725,16384,260,1
RunningMeanBuffer,extend/append,1048576,464859,16384,260,2
RunningMeanSqBuffer,extend/append,1048576,142684,16384,260,2
RunningMeanBuffer,calculation,1048576,25530,16384,260,2
RunningMeanSqBuffer,calculation,1048576,140015,16384,260,2
RunningMeanBuffer,extend/append,1048576,313443,16384,260,3
RunningMeanSqBuffer,extend/append,1048576,97562,16384,260,3
RunningMeanBuffer,calculation,1048576,24800,16384,260,3
RunningMeanSqBuffer,calculation,1048576,140321,16384,260,3
RunningMeanBuffer,extend/append,1048576,233339,16384,260,4
RunningMeanSqBuffer,extend/append,1048576,89524,16384,260,4
RunningMeanBuffer,calculation,1048576,25287,16384,260,4
RunningMeanSqBuffer,calculation,1048576,141066,16384,260,4
RunningMeanBuffer,extend/append,1048576,157212,16384,260,6
RunningMeanSqBuffer,extend/append,1048576,66717,16384,260,6
RunningMeanBuffer,calculation,1048576,25155,16384,260,6
RunningMeanSqBuffer,calculation,1048576,140638,16384,260,6
RunningMeanBuffer,extend/append,1048576,124280,16384,260,8
RunningMeanSqBuffer,extend/append,1048576,50601,16384,260,8
RunningMeanBuffer,calculation,1048576,24991,16384,260,8
RunningMeanSqBuffer,calculation,1048576,143158,16384,260,8
RunningMeanBuffer,extend/append,1048576,78930,16384,260,12
RunningMeanSqBuffer,extend/append,1048576,34493,16384,260,12
RunningMeanBuffer,calculation,1048576,25374,16384,260,12
RunningMeanSqBuffer,calculation,1048576,138543,16384,260,12
RunningMeanBuffer,extend/append,1048576,70082,16384,260,16
RunningMeanSqBuffer,extend/append,1048576,30794,16384,260,16
RunningMeanBuffer,calculation,1048576,24985,16384,260,16
RunningMeanSqBuffer,calculation,1048576,141418,16384,260,16
RunningMeanBuffer,extend/append,1048576,46777,16384,260,24
RunningMeanSqBuffer,extend/append,1048576,23018,16384,260,24
RunningMeanBuffer,calculation,1048576,24995,16384,260,24
RunningMeanSqBuffer,calculation,1048576,143771,16384,260,24
RunningMeanBuffer,extend/append,1048576,39298,16384,260,32
RunningMeanSqBuffer,extend/append,1048576,19547,16384,260,32
RunningMeanBuffer,calculation,1048576,24626,16384,260,32
RunningMeanSqBuffer,calculation,1048576,142602,16384,260,32
RunningMeanBuffer,extend/append,1048576,23425,16384,260,48
RunningMeanSqBuffer,extend/append,1048576,14595,16384,260,48
RunningMeanBuffer,calculation,1048576,24955,16384,260,48
RunningMeanSqBuffer,calculation,1048576,141569,16384,260,48
RunningMeanBuffer,extend/append,1048576,23048,16384,260,64
RunningMeanSqBuffer,extend/append,1048576,13050,16384,260,64
RunningMeanBuffer,calculation,1048576,25701,16384,260,64
RunningMeanSqBuffer,calculation,1048576,141952,16384,260,64
RunningMeanBuffer,extend/append,2097152,1825374,16384,260,1
RunningMeanSqBuffer,extend/append,2097152,471396,16384,260,1
RunningMeanBuffer,calculation,2097152,25096,16384,260,1
RunningMeanSqBuffer,calculation,2097152,144639,16384,260,1
RunningMeanBuffer,extend/append,2097152,925710,16384,260,2
RunningMeanSqBuffer,extend/append,2097152,256184,16384,260,2
RunningMeanBuffer,calculation,2097152,25365,16384,260,2
RunningMeanSqBuffer,calculation,2097152,144402,16384,260,2
RunningMeanBuffer,extend/append,2097152,618600,16384,260,3
RunningMeanSqBuffer,extend/append,2097152,180320,16384,260,3
RunningMeanBuffer,calculation,2097152,24876,16384,260,3
RunningMeanSqBuffer,calculation,2097152,143642,16384,260,3
RunningMeanBuffer,extend/append,2097152,462614,16384,260,4
RunningMeanSqBuffer,extend/append,2097152,144523,16384,260,4
RunningMeanBuffer,calculation,2097152,26056,16384,260,4
RunningMeanSqBuffer,calculation,2097152,143553,16384,260,4
RunningMeanBuffer,extend/append,2097152,307947,16384,260,6
RunningMeanSqBuffer,extend/append,2097152,95718,16384,260,6
RunningMeanBuffer,calculation,2097152,25448,16384,260,6
RunningMeanSqBuffer,calculation,2097152,145609,16384,260,6
RunningMeanBuffer,extend/append,2097152,243568,16384,260,8
RunningMeanSqBuffer,extend/append,2097152,78764,16384,260,8
RunningMeanBuffer,calculation,2097152,26465,16384,260,8
RunningMeanSqBuffer,calculation,2097152,143565,16384,260,8
RunningMeanBuffer,extend/append,2097152,149941,16384,260,12
RunningMeanSqBuffer,extend/append,2097152,49462,16384,260,12
RunningMeanBuffer,calculation,2097152,25819,16384,260,12
RunningMeanSqBuffer,calculation,2097152,144226,16384,260,12
RunningMeanBuffer,extend/append,2097152,133771,16384,260,16
RunningMeanSqBuffer,extend/append,2097152,46580,16384,260,16
RunningMeanBuffer,calculation,2097152,25621,16384,260,16
RunningMeanSqBuffer,calculation,2097152,145809,16384,260,16
RunningMeanBuffer,extend/append,2097152,86452,16384,260,24
RunningMeanSqBuffer,extend/append,2097152,32378,16384,260,24
RunningMeanBuffer,calculation,2097152,25806,16384,260,24
RunningMeanSqBuffer,calculation,2097152,144868,16384,260,24
RunningMeanBuffer,extend/append,2097152,70144,16384,260,32
RunningMeanSqBuffer,extend/append,2097152,28987,16384,260,32
RunningMeanBuffer,calculation,2097152,25681,16384,260,32
RunningMeanSqBuffer,calculation,2097152,145396,16384,260,32
RunningMeanBuffer,extend/append,2097152,39177,16384,260,48
RunningMeanSqBuffer,extend/append,2097152,18378,16384,260,48
RunningMeanBuffer,calculation,2097152,25879,16384,260,48
RunningMeanSqBuffer,calculation,2097152,145841,16384,260,48
RunningMeanBuffer,extend/append,2097152,39020,16384,260,64
RunningMeanSqBuffer,extend/append,2097152,17490,16384,260,64
RunningMeanBuffer,calculation,2097152,26182,16384,260,64
RunningMeanSqBuffer,calculation,2097152,145140,16384,260,64
RunningMeanBuffer,extend/append,4194304,3666203,16384,260,1
RunningMeanSqBuffer,extend/append,4194304,873167,16384,260,1
RunningMeanBuffer,calculation,4194304,27217,16384,260,1
RunningMeanSqBuffer,calculation,4194304,151886,16384,260,1
RunningMeanBuffer,extend/append,4194304,1849637,16384,260,2
RunningMeanSqBuffer,extend/append,4194304,450514,16384,260,2
RunningMeanBuffer,calculation,4194304,26776,16384,260,2
RunningMeanSqBuffer,calculation,4194304,147729,16384,260,2
RunningMeanBuffer,extend/append,4194304,1225642,16384,260,3
RunningMeanSqBuffer,extend/append,4194304,299584,16384,260,3
RunningMeanBuffer,calculation,4194304,27091,16384,260,3
RunningMeanSqBuffer,calculation,4194304,146942,16384,260,3
RunningMeanBuffer,extend/append,4194304,912326,16384,260,4
RunningMeanSqBuffer,extend/append,4194304,225378,16384,260,4
RunningMeanBuffer,calculation,4194304,28115,16384,260,4
RunningMeanSqBuffer,calculation,4194304,147835,16384,260,4
RunningMeanBuffer,extend/append,4194304,604150,16384,260,6
RunningMeanSqBuffer,extend/append,4194304,153904,16384,260,6
RunningMeanBuffer,calculation,4194304,26539,16384,260,6
RunningMeanSqBuffer,calculation,4194304,146507,16384,260,6
RunningMeanBuffer,extend/append,4194304,473444,16384,260,8
RunningMeanSqBuffer,extend/append,4194304,124416,16384,260,8
RunningMeanBuffer,calculation,4194304,26670,16384,260,8
RunningMeanSqBuffer,calculation,4194304,148725,16384,260,8
RunningMeanBuffer,extend/append,4194304,288365,16384,260,12
RunningMeanSqBuffer,extend/append,4194304,76860,16384,260,12
RunningMeanBuffer,calculation,4194304,26288,16384,260,12
RunningMeanSqBuffer,calculation,4194304,146523,16384,260,12
RunningMeanBuffer,extend/append,4194304,260924,16384,260,16
RunningMeanSqBuffer,extend/append,4194304,68906,16384,260,16
RunningMeanBuffer,calculation,4194304,26742,16384,260,16
RunningMeanSqBuffer,calculation,4194304,145767,16384,260,16
RunningMeanBuffer,extend/append,4194304,165957,16384,260,24
RunningMeanSqBuffer,extend/append,4194304,47486,16384,260,24
RunningMeanBuffer,calculation,4194304,26222,16384,260,24
RunningMeanSqBuffer,calculation,4194304,147078,16384,260,24
RunningMeanBuffer,extend/append,4194304,135395,16384,260,32
RunningMeanSqBuffer,extend/append,4194304,38860,16384,260,32
RunningMeanBuffer,calculation,4194304,26044,16384,260,32
RunningMeanSqBuffer,calculation,4194304,146546,16384,260,32
RunningMeanBuffer,extend/append,4194304,70856,16384,260,48
RunningMeanSqBuffer,extend/append,4194304,23412,16384,260,48
RunningMeanBuffer,calculation,4194304,26836,16384,260,48
RunningMeanSqBuffer,calculation,4194304,145922,16384,260,48
RunningMeanBuffer,extend/append,4194304,70444,16384,260,64
RunningMeanSqBuffer,extend/append,4194304,23280,16384,260,64
RunningMeanBuffer,calculation,4194304,26775,16384,260,64
RunningMeanSqBuffer,calculation,4194304,146448,16384,260,64
RunningMeanBuffer,extend/append,8388608,7249521,16384,260,1
RunningMeanSqBuffer,extend/append,8388608,1646867,16384,260,1
RunningMeanBuffer,calculation,8388608,27426,16384,260,1
RunningMeanSqBuffer,calculation,8388608,152763,16384,260,1
RunningMeanBuffer,extend/append,8388608,3658054,16384,260,2
RunningMeanSqBuffer,extend/append,8388608,842940,16384,260,2
RunningMeanBuffer,calculation,8388608,29224,16384,260,2
RunningMeanSqBuffer,calculation,8388608,153202,16384,260,2
RunningMeanBuffer,extend/append,8388608,2428817,16384,260,3
RunningMeanSqBuffer,extend/append,8388608,565655,16384,260,3
RunningMeanBuffer,calculation,8388608,27046,16384,260,3
RunningMeanSqBuffer,calculation,8388608,152213,16384,260,3
RunningMeanBuffer,extend/append,8388608,1805044,16384,260,4
RunningMeanSqBuffer,extend/append,8388608,424119,16384,260,4
RunningMeanBuffer,calculation,8388608,27159,16384,260,4
RunningMeanSqBuffer,calculation,8388608,153812,16384,260,4
RunningMeanBuffer,extend/append,8388608,1182018,16384,260,6
RunningMeanSqBuffer,extend/append,8388608,283892,16384,260,6
RunningMeanBuffer,calculation,8388608,26936,16384,260,6
RunningMeanSqBuffer,calculation,8388608,153700,16384,260,6
RunningMeanBuffer,extend/append,8388608,941233,16384,260,8
RunningMeanSqBuffer,extend/append,8388608,228693,16384,260,8
RunningMeanBuffer,calculation,8388608,27818,16384,260,8
RunningMeanSqBuffer,calculation,8388608,149623,16384,260,8
RunningMeanBuffer,extend/append,8388608,566008,16384,260,12
RunningMeanSqBuffer,extend/append,8388608,141112,16384,260,12
RunningMeanBuffer,calculation,8388608,26547,16384,260,12
RunningMeanSqBuffer,calculation,8388608,149166,16384,260,12
RunningMeanBuffer,extend/append,8388608,501243,16384,260,16
RunningMeanSqBuffer,extend/append,8388608,125242,16384,260,16
RunningMeanBuffer,calculation,8388608,27320,16384,260,16
RunningMeanSqBuffer,calculation,8388608,149373,16384,260,16
RunningMeanBuffer,extend/append,8388608,319396,16384,260,24
RunningMeanSqBuffer,extend/append,8388608,81452,16384,260,24
RunningMeanBuffer,calculation,8388608,27196,16384,260,24
RunningMeanSqBuffer,calculation,8388608,148809,16384,260,24
RunningMeanBuffer,extend/append,8388608,255042,16384,260,32
RunningMeanSqBuffer,extend/append,8388608,66412,16384,260,32
RunningMeanBuffer,calculation,8388608,26794,16384,260,32
RunningMeanSqBuffer,calculation,8388608,148694,16384,260,32
RunningMeanBuffer,extend/append,8388608,132756,16384,260,48
RunningMeanSqBuffer,extend/append,8388608,36413,16384,260,48
RunningMeanBuffer,calculation,8388608,29312,16384,260,48
RunningMeanSqBuffer,calculation,8388608,149304,16384,260,48
RunningMeanBuffer,extend/append,8388608,131142,16384,260,64
RunningMeanSqBuffer,extend/append,8388608,37756,16384,260,64
RunningMeanBuffer,calculation,8388608,26757,16384,260,64
RunningMeanSqBuffer,calculation,8388608,149415,16384,260,64
RunningMeanBuffer,extend/append,32768,20413,32768,260,1
RunningMeanSqBuffer,extend/append,32768,72958,32768,260,1
RunningMeanBuffer,calculation,32768,25226,32768,260,1
RunningMeanSqBuffer,calculation,32768,83176,32768,260,1
RunningMeanBuffer,extend/append,32768,13980,32768,260,2
RunningMeanSqBuffer,extend/append,32768,44868,32768,260,2
RunningMeanBuffer,calculation,32768,25289,32768,260,2
RunningMeanSqBuffer,calculation,32768,89950,32768,260,2
RunningMeanBuffer,extend/append,32768,11961,32768,260,3
RunningMeanSqBuffer,extend/append,32768,31743,32768,260,3
RunningMeanBuffer,calculation,32768,25181,32768,260,3
RunningMeanSqBuffer,calculation,32768,87931,32768,260,3
RunningMeanBuffer,extend/append,32768,10936,32768,260,4
RunningMeanSqBuffer,extend/append,32768,25470,32768,260,4
RunningMeanBuffer,calculation,32768,25161,32768,260,4
RunningMeanSqBuffer,calculation,32768,85813,32768,260,4
RunningMeanBuffer,extend/append,32768,10328,32768,260,6
RunningMeanSqBuffer,extend/append,32768,19772,32768,260,6
RunningMeanBuffer,calculation,32768,25160,32768,260,6
RunningMeanSqBuffer,calculation,32768,85802,32768,260,6
RunningMeanBuffer,extend/append,32768,9570,32768,260,8
RunningMeanSqBuffer,extend/append,32768,17203,32768,260,8
RunningMeanBuffer,calculation,32768,25132,32768,260,8
RunningMeanSqBuffer,calculation,32768,88338,32768,260,8
RunningMeanBuffer,extend/append,32768,9052,32768,260,12
RunningMeanSqBuffer,extend/append,32768,13592,32768,260,12
RunningMeanBuffer,calculation,32768,25188,32768,260,12
RunningMeanSqBuffer,calculation,32768,80942,32768,260,12
RunningMeanBuffer,extend/append,32768,8933,32768,260,16
RunningMeanSqBuffer,extend/append,32768,13621,32768,260,16
RunningMeanBuffer,calculation,32768,25031,32768,260,16
RunningMeanSqBuffer,calculation,32768,87436,32768,260,16
RunningMeanBuffer,extend/append,32768,8567,32768,260,24
RunningMeanSqBuffer,extend/append,32768,11649,32768,260,24
RunningMeanBuffer,calculation,32768,25237,32768,260,24
RunningMeanSqBuffer,calculation,32768,85373,32768,260,24
RunningMeanBuffer,extend/append,32768,8866,32768,260,32
RunningMeanSqBuffer,extend/append,32768,10763,32768,260,32
RunningMeanBuffer,calculation,32768,25214,32768,260,32
RunningMeanSqBuffer,calculation,32768,83063,32768,260,32
RunningMeanBuffer,extend/append,32768,8318,32768,260,48
RunningMeanSqBuffer,extend/append,32768,10337,32768,260,48
RunningMeanBuffer,calculation,32768,25111,32768,260,48
RunningMeanSqBuffer,calculation,32768,85161,32768,260,48
RunningMeanBuffer,extend/append,32768,8273,32768,260,64
RunningMeanSqBuffer,extend/append,32768,9643,32768,260,64
RunningMeanBuffer,calculation,32768,25157,32768,260,64
RunningMeanSqBuffer,calculation,32768,82569,32768,260,64
RunningMeanBuffer,extend/append,65536,29774,32768,260,1
RunningMeanSqBuffer,extend/append,65536,109602,32768,260,1
RunningMeanBuffer,calculation,65536,40376,32768,260,1
RunningMeanSqBuffer,calculation,65536,148943,32768,260,1
RunningMeanBuffer,extend/append,65536,19078,32768,260,2
RunningMeanSqBuffer,extend/append,65536,56970,32768,260,2
RunningMeanBuffer,calculation,65536,40419,32768,260,2
RunningMeanSqBuffer,calculation,65536,153877,32768,260,2
RunningMeanBuffer,extend/append,65536,15376,32768,260,3
RunningMeanSqBuffer,extend/append,65536,44334,32768,260,3
RunningMeanBuffer,calculation,65536,40487,32768,260,3
RunningMeanSqBuffer,calculation,65536,156052,32768,260,3
RunningMeanBuffer,extend/append,65536,13585,32768,260,4
RunningMeanSqBuffer,extend/append,65536,34038,32768,260,4
RunningMeanBuffer,calculation,65536,40533,32768,260,4
RunningMeanSqBuffer,calculation,65536,155544,32768,260,4
RunningMeanBuffer,extend/append,65536,11676,32768,260,6
RunningMeanSqBuffer,extend/append,65536,26161,32768,260,6
RunningMeanBuffer,calculation,65536,41332,32768,260,6
RunningMeanSqBuffer,calculation,65536,156845,32768,260,6
RunningMeanBuffer,extend/append,65536,11005,32768,260,8
RunningMeanSqBuffer,extend/append,65536,24392,32768,260,8
RunningMeanBuffer,calculation,65536,41082,32768,260,8
RunningMeanSqBuffer,calculation,65536,154416,32768,260,8
RunningMeanBuffer,extend/append,65536,10007,32768,260,12
RunningMeanSqBuffer,extend/append,65536,16916,32768,260,12
RunningMeanBuffer,calculation,65536,40435,32768,260,12
RunningMeanSqBuffer,calculation,65536,146242,32768,260,12
RunningMeanBuffer,extend/append,65536,9749,32768,260,16
RunningMeanSqBuffer,extend/append,65536,16384,32768,260,16
RunningMeanBuffer,calculation,65536,40406,32768,260,16
RunningMeanSqBuffer,calculation,65536,146313,32768,260,16
RunningMeanBuffer,extend/append,65536,9073,32768,260,24
RunningMeanSqBuffer,extend/append,65536,19302,32768,260,24
RunningMeanBuffer,calculation,65536,40521,32768,260,24
RunningMeanSqBuffer,calculation,65536,150697,32768,260,24
RunningMeanBuffer,extend/append,65536,8889,32768,260,32
RunningMeanSqBuffer,extend/append,65536,15111,32768,260,32
RunningMeanBuffer,calculation,65536,40366,32768,260,32
RunningMeanSqBuffer,calculation,65536,151767,32768,260,32
RunningMeanBuffer,extend/append,65536,8472,32768,260,48
RunningMeanSqBuffer,extend/append,65536,10351,32768,260,48
RunningMeanBuffer,calculation,65536,40423,32768,260,48
RunningMeanSqBuffer,calculation,65536,150231,32768,260,48
RunningMeanBuffer,extend/append,65536,8486,32768,260,64
RunningMeanSqBuffer,extend/append,65536,12169,32768,260,64
RunningMeanBuffer,calculation,65536,40348,32768,260,64
RunningMeanSqBuffer,calculation,65536,148022,32768,260,64
RunningMeanBuffer,extend/append,131072,48662,32768,260,1
RunningMeanSqBuffer,extend/append,131072,138021,32768,260,1
RunningMeanBuffer,calculation,131072,40391,32768,260,1
RunningMeanSqBuffer,calculation,131072,145591,32768,260,1
RunningMeanBuffer,extend/append,131072,28398,32768,260,2
RunningMeanSqBuffer,extend/append,131072,76496,32768,260,2
RunningMeanBuffer,calculation,131072,40073,32768,260,2
RunningMeanSqBuffer,calculation,131072,149497,32768,260,2
RunningMeanBuffer,extend/append,131072,21261,32768,260,3
RunningMeanSqBuffer,extend/append,131072,54722,32768,260,3
RunningMeanBuffer,calculation,131072,40441,32768,260,3
RunningMeanSqBuffer,calculation,131072,146960,32768,260,3
RunningMeanBuffer,extend/append,131072,18069,32768,260,4
RunningMeanSqBuffer,extend/append,131072,40812,32768,260,4
RunningMeanBuffer,calculation,131072,40378,32768,260,4
RunningMeanSqBuffer,calculation,131072,143996,32768,260,4
RunningMeanBuffer,extend/append,131072,15083,32768,260,6
RunningMeanSqBuffer,extend/append,131072,31660,32768,260,6
RunningMeanBuffer,calculation,131072,40467,32768,260,6
RunningMeanSqBuffer,calculation,131072,148282,32768,260,6
RunningMeanBuffer,extend/append,131072,13264,32768,260,8
RunningMeanSqBuffer,extend/append,131072,26945,32768,260,8
RunningMeanBuffer,calculation,131072,40346,32768,260,8
RunningMeanSqBuffer,calculation,131072,145211,32768,260,8
RunningMeanBuffer,extend/append,131072,11182,32768,260,12
RunningMeanSqBuffer,extend/append,131072,20966,32768,260,12
RunningMeanBuffer,calculation,131072,40231,32768,260,12
RunningMeanSqBuffer,calculation,131072,143598,32768,260,12
RunningMeanBuffer,extend/append,131072,10884,32768,260,16
RunningMeanSqBuffer,extend/append,131072,18738,32768,260,16
RunningMeanBuffer,calculation,131072,40188,32768,260,16
RunningMeanSqBuffer,calculation,131072,144347,32768,260,16
RunningMeanBuffer,extend/append,131072,9756,32768,260,24
RunningMeanSqBuffer,extend/append,131072,24700,32768,260,24
RunningMeanBuffer,calculation,131072,40621,32768,260,24
RunningMeanSqBuffer,calculation,131072,153010,32768,260,24
RunningMeanBuffer,extend/append,131072,9400,32768,260,32
RunningMeanSqBuffer,extend/append,131072,19468,32768,260,32
RunningMeanBuffer,calculation,131072,40371,32768,260,32
RunningMeanSqBuffer,calculation,131072,146239,32768,260,32
RunningMeanBuffer,extend/append,131072,8709,32768,260,48
RunningMeanSqBuffer,extend/append,131072,12296,32768,260,48
RunningMeanBuffer,calculation,131072,40188,32768,260,48
RunningMeanSqBuffer,calculation,131072,151729,32768,260,48
RunningMeanBuffer,extend/append,131072,8728,32768,260,64
RunningMeanSqBuffer,extend/append,131072,13061,32768,260,64
RunningMeanBuffer,calculation,131072,40631,32768,260,64
RunningMeanSqBuffer,calculation,131072,149021,32768,260,64
RunningMeanBuffer,extend/append,262144,168812,32768,260,1
RunningMeanSqBuffer,extend/append,262144,157698,32768,260,1
RunningMeanBuffer,calculation,262144,40532,32768,260,1
RunningMeanSqBuffer,calculation,262144,143428,32768,260,1
RunningMeanBuffer,extend/append,262144,92314,32768,260,2
RunningMeanSqBuffer,extend/append,262144,85618,32768,260,2
RunningMeanBuffer,calculation,262144,40362,32768,260,2
RunningMeanSqBuffer,calculation,262144,148653,32768,260,2
RunningMeanBuffer,extend/append,262144,64805,32768,260,3
RunningMeanSqBuffer,extend/append,262144,64445,32768,260,3
RunningMeanBuffer,calculation,262144,40519,32768,260,3
RunningMeanSqBuffer,calculation,262144,142884,32768,260,3
RunningMeanBuffer,extend/append,262144,52096,32768,260,4
RunningMeanSqBuffer,extend/append,262144,52851,32768,260,4
RunningMeanBuffer,calculation,262144,41086,32768,260,4
RunningMeanSqBuffer,calculation,262144,148461,32768,260,4
RunningMeanBuffer,extend/append,262144,38839,32768,260,6
RunningMeanSqBuffer,extend/append,262144,41079,32768,260,6
RunningMeanBuffer,calculation,262144,41896,32768,260,6
RunningMeanSqBuffer,calculation,262144,146186,32768,260,6
RunningMeanBuffer,extend/append,262144,33901,32768,260,8
RunningMeanSqBuffer,extend/append,262144,37121,32768,260,8
RunningMeanBuffer,calculation,262144,40659,32768,260,8
RunningMeanSqBuffer,calculation,262144,146715,32768,260,8
RunningMeanBuffer,extend/append,262144,25165,32768,260,12
RunningMeanSqBuffer,extend/append,262144,36211,32768,260,12
RunningMeanBuffer,calculation,262144,39554,32768,260,12
RunningMeanSqBuffer,calculation,262144,147136,32768,260,12
RunningMeanBuffer,extend/append,262144,24704,32768,260,16
RunningMeanSqBuffer,extend/append,262144,25106,32768,260,16
RunningMeanBuffer,calculation,262144,41048,32768,260,16
RunningMeanSqBuffer,calculation,262144,147332,32768,260,16
RunningMeanBuffer,extend/append,262144,20677,32768,260,24
RunningMeanSqBuffer,extend/append,262144,24209,32768,260,24
RunningMeanBuffer,calculation,262144,41123,32768,260,24
RunningMeanSqBuffer,calculation,262144,146746,32768,260,24
RunningMeanBuffer,extend/append,262144,19616,32768,260,32
RunningMeanSqBuffer,extend/append,262144,21921,32768,260,32
RunningMeanBuffer,calculation,262144,41177,32768,260,32
RunningMeanSqBuffer,calculation,262144,147979,32768,260,32
RunningMeanBuffer,extend/append,262144,17028,32768,260,48
RunningMeanSqBuffer,extend/append,262144,17021,32768,260,48
RunningMeanBuffer,calculation,262144,39726,32768,260,48
RunningMeanSqBuffer,calculation,262144,152810,32768,260,48
RunningMeanBuffer,extend/append,262144,16752,32768,260,64
RunningMeanSqBuffer,extend/append,262144,17146,32768,260,64
RunningMeanBuffer,calculation,262144,40657,32768,260,64
RunningMeanSqBuffer,calculation,262144,143661,32768,260,64
RunningMeanBuffer,extend/append,524288,417786,32768,260,1
RunningMeanSqBuffer,extend/append,524288,185487,32768,260,1
RunningMeanBuffer,calculation,524288,42450,32768,260,1
RunningMeanSqBuffer,calculation,524288,148519,32768,260,1
RunningMeanBuffer,extend/append,524288,209502,32768,260,2
RunningMeanSqBuffer,extend/append,524288,100949,32768,260,2
RunningMeanBuffer,calculation,524288,43310,32768,260,2
RunningMeanSqBuffer,calculation,524288,149083,32768,260,2
RunningMeanBuffer,extend/append,524288,144273,32768,260,3
RunningMeanSqBuffer,extend/append,524288,71375,32768,260,3
RunningMeanBuffer,calculation,524288,41656,32768,260,3
RunningMeanSqBuffer,calculation,524288,151263,32768,260,3
RunningMeanBuffer,extend/append,524288,116736,32768,260,4
RunningMeanSqBuffer,extend/append,524288,56460,32768,260,4
RunningMeanBuffer,calculation,524288,42089,32768,260,4
RunningMeanSqBuffer,calculation,524288,153543,32768,260,4
RunningMeanBuffer,extend/append,524288,79840,32768,260,6
RunningMeanSqBuffer,extend/append,524288,42938,32768,260,6
RunningMeanBuffer,calculation,524288,39919,32768,260,6
RunningMeanSqBuffer,calculation,524288,148927,32768,260,6
RunningMeanBuffer,extend/append,524288,66851,32768,260,8
RunningMeanSqBuffer,extend/append,524288,46481,32768,260,8
RunningMeanBuffer,calculation,524288,42152,32768,260,8
RunningMeanSqBuffer,calculation,524288,148620,32768,260,8
RunningMeanBuffer,extend/append,524288,44824,32768,260,12
RunningMeanSqBuffer,extend/append,524288,36862,32768,260,12
RunningMeanBuffer,calculation,524288,42743,32768,260,12
RunningMeanSqBuffer,calculation,524288,147737,32768,260,12
RunningMeanBuffer,extend/append,524288,41340,32768,260,16
RunningMeanSqBuffer,extend/append,524288,32779,32768,260,16
RunningMeanBuffer,calculation,524288,40151,32768,260,16
RunningMeanSqBuffer,calculation,524288,150657,32768,260,16
RunningMeanBuffer,extend/append,524288,31174,32768,260,24
RunningMeanSqBuffer,extend/append,524288,27694,32768,260,24
RunningMeanBuffer,calculation,524288,40913,32768,260,24
RunningMeanSqBuffer,calculation,524288,149181,32768,260,24
RunningMeanBuffer,extend/append,524288,27786,32768,260,32
RunningMeanSqBuffer,extend/append,524288,25785,32768,260,32
RunningMeanBuffer,calculation,524288,41853,32768,260,32
RunningMeanSqBuffer,calculation,524288,150034,32768,260,32
RunningMeanBuffer,extend/append,524288,20924,32768,260,48
RunningMeanSqBuffer,extend/append,524288,19290,32768,260,48
RunningMeanBuffer,calculation,524288,41109,32768,260,48
RunningMeanSqBuffer,calculation,524288,147126,32768,260,48
RunningMeanBuffer,extend/append,524288,21015,32768,260,64
RunningMeanSqBuffer,extend/append,524288,19741,32768,260,64
RunningMeanBuffer,calculation,524288,41071,32768,260,64
RunningMeanSqBuffer,calculation,524288,149824,32768,260,64
RunningMeanBuffer,extend/append,1048576,909543,32768,260,1
RunningMeanSqBuffer,extend/append,1048576,276852,32768,260,1
RunningMeanBuffer,calculation,1048576,41571,32768,260,1
RunningMeanSqBuffer,calculation,1048576,149856,32768,260,1
RunningMeanBuffer,extend/append,1048576,475607,32768,260,2
RunningMeanSqBuffer,extend/append,1048576,148876,32768,260,2
RunningMeanBuffer,calculation,1048576,40338,32768,260,2
RunningMeanSqBuffer,calculation,1048576,148646,32768,260,2
RunningMeanBuffer,extend/append,1048576,313214,32768,260,3
RunningMeanSqBuffer,extend/append,1048576,104469,32768,260,3
RunningMeanBuffer,calculation,1048576,40160,32768,260,3
RunningMeanSqBuffer,calculation,1048576,149698,32768,260,3
RunningMeanBuffer,extend/append,1048576,236070,32768,260,4
RunningMeanSqBuffer,extend/append,1048576,84405,32768,260,4
RunningMeanBuffer,calculation,1048576,42448,32768,260,4
RunningMeanSqBuffer,calculation,1048576,150448,32768,260,4
RunningMeanBuffer,extend/append,1048576,159348,32768,260,6
RunningMeanSqBuffer,extend/append,1048576,75825,32768,260,6
RunningMeanBuffer,calculation,1048576,40438,32768,260,6
RunningMeanSqBuffer,calculation,1048576,149217,32768,260,6
RunningMeanBuffer,extend/append,1048576,129147,32768,260,8
RunningMeanSqBuffer,extend/append,1048576,63839,32768,260,8
RunningMeanBuffer,calculation,1048576,40923,32768,260,8
RunningMeanSqBuffer,calculation,1048576,150744,32768,260,8
RunningMeanBuffer,extend/append,1048576,84523,32768,260,12
RunningMeanSqBuffer,extend/append,1048576,43858,32768,260,12
RunningMeanBuffer,calculation,1048576,40314,32768,260,12
RunningMeanSqBuffer,calculation,1048576,149006,32768,260,12
RunningMeanBuffer,extend/append,1048576,76597,32768,260,16
RunningMeanSqBuffer,extend/append,1048576,41753,32768,260,16
RunningMeanBuffer,calculation,1048576,42545,32768,260,16
RunningMeanSqBuffer,calculation,1048576,152167,32768,260,16
RunningMeanBuffer,extend/append,1048576,53405,32768,260,24
RunningMeanSqBuffer,extend/append,1048576,31433,32768,260,24
RunningMeanBuffer,calculation,1048576,40517,32768,260,24
RunningMeanSqBuffer,calculation,1048576,148546,32768,260,24
RunningMeanBuffer,extend/append,1048576,46328,32768,260,32
RunningMeanSqBuffer,extend/append,1048576,28091,32768,260,32
RunningMeanBuffer,calculation,1048576,40975,32768,260,32
RunningMeanSqBuffer,calculation,1048576,151770,32768,260,32
RunningMeanBuffer,extend/append,1048576,30388,32768,260,48
RunningMeanSqBuffer,extend/append,1048576,22078,32768,260,48
RunningMeanBuffer,calculation,1048576,40043,32768,260,48
RunningMeanSqBuffer,calculation,1048576,151697,32768,260,48
RunningMeanBuffer,extend/append,1048576,29966,32768,260,64
RunningMeanSqBuffer,extend/append,1048576,21078,32768,260,64
RunningMeanBuffer,calculation,1048576,39968,32768,260,64
RunningMeanSqBuffer,calculation,1048576,151611,32768,260,64
RunningMeanBuffer,extend/append,2097152,1853144,32768,260,1
RunningMeanSqBuffer,extend/append,2097152,478523,32768,260,1
RunningMeanBuffer,calculation,2097152,42367,32768,260,1
RunningMeanSqBuffer,calculation,2097152,155716,32768,260,1
RunningMeanBuffer,extend/append,2097152,938592,32768,260,2
RunningMeanSqBuffer,extend/append,2097152,255829,32768,260,2
RunningMeanBuffer,calculation,2097152,40969,32768,260,2
RunningMeanSqBuffer,calculation,2097152,152415,32768,260,2
RunningMeanBuffer,extend/append,2097152,624999,32768,260,3
RunningMeanSqBuffer,extend/append,2097152,174542,32768,260,3
RunningMeanBuffer,calculation,2097152,40894,32768,260,3
RunningMeanSqBuffer,calculation,2097152,152718,32768,260,3
RunningMeanBuffer,extend/append,2097152,467472,32768,260,4
RunningMeanSqBuffer,extend/append,2097152,138118,32768,260,4
RunningMeanBuffer,calculation,2097152,41205,32768,260,4
RunningMeanSqBuffer,calculation,2097152,152450,32768,260,4
RunningMeanBuffer,extend/append,2097152,312665,32768,260,6
RunningMeanSqBuffer,extend/append,2097152,99570,32768,260,6
RunningMeanBuffer,calculation,2097152,40798,32768,260,6
RunningMeanSqBuffer,calculation,2097152,151662,32768,260,6
RunningMeanBuffer,extend/append,2097152,249732,32768,260,8
RunningMeanSqBuffer,extend/append,2097152,82839,32768,260,8
RunningMeanBuffer,calculation,2097152,41009,32768,260,8
RunningMeanSqBuffer,calculation,2097152,151440,32768,260,8
RunningMeanBuffer,extend/append,2097152,156037,32768,260,12
RunningMeanSqBuffer,extend/append,2097152,55169,32768,260,12
RunningMeanBuffer,calculation,2097152,40573,32768,260,12
RunningMeanSqBuffer,calculation,2097152,150309,32768,260,12
RunningMeanBuffer,extend/append,2097152,140317,32768,260,16
RunningMeanSqBuffer,extend/append,2097152,49615,32768,260,16
RunningMeanBuffer,calculation,2097152,41497,32768,260,16
RunningMeanSqBuffer,calculation,2097152,151144,32768,260,16
RunningMeanBuffer,extend/append,2097152,93985,32768,260,24
RunningMeanSqBuffer,extend/append,2097152,38261,32768,260,24
RunningMeanBuffer,calculation,2097152,40343,32768,260,24
RunningMeanSqBuffer,calculation,2097152,150373,32768,260,24
RunningMeanBuffer,extend/append,2097152,77178,32768,260,32
RunningMeanSqBuffer,extend/append,2097152,31439,32768,260,32
RunningMeanBuffer,calculation,2097152,40644,32768,260,32
RunningMeanSqBuffer,calculation,2097152,150138,32768,260,32
RunningMeanBuffer,extend/append,2097152,45554,32768,260,48
RunningMeanSqBuffer,extend/append,2097152,23460,32768,260,48
RunningMeanBuffer,calculation,2097152,41825,32768,260,48
RunningMeanSqBuffer,calculation,2097152,150359,32768,260,48
RunningMeanBuffer,extend/append,2097152,45516,32768,260,64
RunningMeanSqBuffer,extend/append,2097152,23835,32768,260,64
RunningMeanBuffer,calculation,2097152,40655,32768,260,64
RunningMeanSqBuffer,calculation,2097152,152551,32768,260,64
RunningMeanBuffer,extend/append,4194304,3707628,32768,260,1
RunningMeanSqBuffer,extend/append,4194304,878836,32768,260,1
RunningMeanBuffer,calculation,4194304,43538,32768,260,1
RunningMeanSqBuffer,calculation,4194304,155246,32768,260,1
RunningMeanBuffer,extend/append,4194304,1859244,32768,260,2
RunningMeanSqBuffer,extend/append,4194304,458784,32768,260,2
RunningMeanBuffer,calculation,4194304,42745,32768,260,2
RunningMeanSqBuffer,calculation,4194304,154860,32768,260,2
RunningMeanBuffer,extend/append,4194304,1234662,32768,260,3
RunningMeanSqBuffer,extend/append,4194304,313224,32768,260,3
RunningMeanBuffer,calculation,4194304,43127,32768,260,3
RunningMeanSqBuffer,calculation,4194304,155473,32768,260,3
RunningMeanBuffer,extend/append,4194304,919673,32768,260,4
RunningMeanSqBuffer,extend/append,4194304,235684,32768,260,4
RunningMeanBuffer,calculation,4194304,43455,32768,260,4
RunningMeanSqBuffer,calculation,4194304,154352,32768,260,4
RunningMeanBuffer,extend/append,4194304,614931,32768,260,6
RunningMeanSqBuffer,extend/append,4194304,159976,32768,260,6
RunningMeanBuffer,calculation,4194304,43056,32768,260,6
RunningMeanSqBuffer,calculation,4194304,155101,32768,260,6
RunningMeanBuffer,extend/append,4194304,489087,32768,260,8
RunningMeanSqBuffer,extend/append,4194304,130532,32768,260,8
RunningMeanBuffer,calculation,4194304,42779,32768,260,8
RunningMeanSqBuffer,calculation,4194304,154216,32768,260,8
RunningMeanBuffer,extend/append,4194304,297899,32768,260,12
RunningMeanSqBuffer,extend/append,4194304,86168,32768,260,12
RunningMeanBuffer,calculation,4194304,43794,32768,260,12
RunningMeanSqBuffer,calculation,4194304,158151,32768,260,12
RunningMeanBuffer,extend/append,4194304,271743,32768,260,16
RunningMeanSqBuffer,extend/append,4194304,79623,32768,260,16
RunningMeanBuffer,calculation,4194304,43019,32768,260,16
RunningMeanSqBuffer,calculation,4194304,153621,32768,260,16
RunningMeanBuffer,extend/append,4194304,171272,32768,260,24
RunningMeanSqBuffer,extend/append,4194304,54649,32768,260,24
RunningMeanBuffer,calculation,4194304,42379,32768,260,24
RunningMeanSqBuffer,calculation,4194304,153517,32768,260,24
RunningMeanBuffer,extend/append,4194304,139192,32768,260,32
RunningMeanSqBuffer,extend/append,4194304,47393,32768,260,32
RunningMeanBuffer,calculation,4194304,42613,32768,260,32
RunningMeanSqBuffer,calculation,4194304,153083,32768,260,32
RunningMeanBuffer,extend/append,4194304,76996,32768,260,48
RunningMeanSqBuffer,extend/append,4194304,31226,32768,260,48
RunningMeanBuffer,calculation,4194304,42140,32768,260,48
RunningMeanSqBuffer,calculation,4194304,155181,32768,260,48
RunningMeanBuffer,extend/append,4194304,77917,32768,260,64
RunningMeanSqBuffer,extend/append,4194304,30400,32768,260,64
RunningMeanBuffer,calculation,4194304,42489,32768,260,64
RunningMeanSqBuffer,calculation,4194304,153842,32768,260,64
RunningMeanBuffer,extend/append,8388608,7312364,32768,260,1
RunningMeanSqBuffer,extend/append,8388608,1672862,32768,260,1
RunningMeanBuffer,calculation,8388608,43172,32768,260,1
RunningMeanSqBuffer,calculation,8388608,157631,32768,260,1
RunningMeanBuffer,extend/append,8388608,3731866,32768,260,2
RunningMeanSqBuffer,extend/append,8388608,850680,32768,260,2
RunningMeanBuffer,calculation,8388608,43492,32768,260,2
RunningMeanSqBuffer,calculation,8388608,158957,32768,260,2
RunningMeanBuffer,extend/append,8388608,2459600,32768,260,3
RunningMeanSqBuffer,extend/append,8388608,574772,32768,260,3
RunningMeanBuffer,calculation,8388608,44008,32768,260,3
RunningMeanSqBuffer,calculation,8388608,159451,32768,260,3
RunningMeanBuffer,extend/append,8388608,1816914,32768,260,4
RunningMeanSqBuffer,extend/append,8388608,431193,32768,260,4
RunningMeanBuffer,calculation,8388608,43867,32768,260,4
RunningMeanSqBuffer,calculation,8388608,158072,32768,260,4
RunningMeanBuffer,extend/append,8388608,1194285,32768,260,6
RunningMeanSqBuffer,extend/append,8388608,287913,32768,260,6
RunningMeanBuffer,calculation,8388608,43787,32768,260,6
RunningMeanSqBuffer,calculation,8388608,160329,32768,260,6
RunningMeanBuffer,extend/append,8388608,945025,32768,260,8
RunningMeanSqBuffer,extend/append,8388608,233549,32768,260,8
RunningMeanBuffer,calculation,8388608,43149,32768,260,8
RunningMeanSqBuffer,calculation,8388608,158694,32768,260,8
RunningMeanBuffer,extend/append,8388608,572252,32768,260,12
RunningMeanSqBuffer,extend/append,8388608,146036,32768,260,12
RunningMeanBuffer,calculation,8388608,43064,32768,260,12
RunningMeanSqBuffer,calculation,8388608,157617,32768,260,12
RunningMeanBuffer,extend/append,8388608,512019,32768,260,16
RunningMeanSqBuffer,extend/append,8388608,133613,32768,260,16
RunningMeanBuffer,calculation,8388608,48073,32768,260,16
RunningMeanSqBuffer,calculation,8388608,160143,32768,260,16
RunningMeanBuffer,extend/append,8388608,326500,32768,260,24
RunningMeanSqBuffer,extend/append,8388608,88002,32768,260,24
RunningMeanBuffer,calculation,8388608,43733,32768,260,24
RunningMeanSqBuffer,calculation,8388608,158772,32768,260,24
RunningMeanBuffer,extend/append,8388608,265501,32768,260,32
RunningMeanSqBuffer,extend/append,8388608,73964,32768,260,32
RunningMeanBuffer,calculation,8388608,43914,32768,260,32
RunningMeanSqBuffer,calculation,8388608,158686,32768,260,32
RunningMeanBuffer,extend/append,8388608,138805,32768,260,48
RunningMeanSqBuffer,extend/append,8388608,44902,32768,260,48
RunningMeanBuffer,calculation,8388608,44125,32768,260,48
RunningMeanSqBuffer,calculation,8388608,158419,32768,260,48
RunningMeanBuffer,extend/append,8388608,137885,32768,260,64
RunningMeanSqBuffer,extend/append,8388608,43244,32768,260,64
RunningMeanBuffer,calculation,8388608,44177,32768,260,64
RunningMeanSqBuffer,calculation,8388608,158633,32768,260,64
RunningMeanBuffer,extend/append,65536,40854,65536,260,1
RunningMeanSqBuffer,extend/append,65536,81517,65536,260,1
RunningMeanBuffer,calculation,65536,49872,65536,260,1
RunningMeanSqBuffer,calculation,65536,105968,65536,260,1
RunningMeanBuffer,extend/append,65536,28324,65536,260,2
RunningMeanSqBuffer,extend/append,65536,50409,65536,260,2
RunningMeanBuffer,calculation,65536,49675,65536,260,2
RunningMeanSqBuffer,calculation,65536,100827,65536,260,2
RunningMeanBuffer,extend/append,65536,24997,65536,260,3
RunningMeanSqBuffer,extend/append,65536,42980,65536,260,3
RunningMeanBuffer,calculation,65536,49517,65536,260,3
RunningMeanSqBuffer,calculation,65536,99996,65536,260,3
RunningMeanBuffer,extend/append,65536,23385,65536,260,4
RunningMeanSqBuffer,extend/append,65536,35391,65536,260,4
RunningMeanBuffer,calculation,65536,49653,65536,260,4
RunningMeanSqBuffer,calculation,65536,101080,65536,260,4
RunningMeanBuffer,extend/append,65536,21604,65536,260,6
RunningMeanSqBuffer,extend/append,65536,30062,65536,260,6
RunningMeanBuffer,calculation,65536,49367,65536,260,6
RunningMeanSqBuffer,calculation,65536,98665,65536,260,6
RunningMeanBuffer,extend/append,65536,20946,65536,260,8
RunningMeanSqBuffer,extend/append,65536,38006,65536,260,8
RunningMeanBuffer,calculation,65536,49471,65536,260,8
RunningMeanSqBuffer,calculation,65536,97384,65536,260,8
RunningMeanBuffer,extend/append,65536,19887,65536,260,12
RunningMeanSqBuffer,extend/append,65536,22052,65536,260,12
RunningMeanBuffer,calculation,65536,49933,65536,260,12
RunningMeanSqBuffer,calculation,65536,98366,65536,260,12
RunningMeanBuffer,extend/append,65536,20050,65536,260,16
RunningMeanSqBuffer,extend/append,65536,27254,65536,260,16
RunningMeanBuffer,calculation,65536,49601,65536,260,16
RunningMeanSqBuffer,calculation,65536,97995,65536,260,16
RunningMeanBuffer,extend/append,65536,19255,65536,260,24
RunningMeanSqBuffer,extend/append,65536,19993,65536,260,24
RunningMeanBuffer,calculation,65536,49571,65536,260,24
RunningMeanSqBuffer,calculation,65536,96419,65536,260,24
RunningMeanBuffer,extend/append,65536,19011,65536,260,32
RunningMeanSqBuffer,extend/append,65536,21107,65536,260,32
RunningMeanBuffer,calculation,65536,49711,65536,260,32
RunningMeanSqBuffer,calculation,65536,101440,65536,260,32
RunningMeanBuffer,extend/append,65536,18695,65536,260,48
RunningMeanSqBuffer,extend/append,65536,21555,65536,260,48
RunningMeanBuffer,calculation,65536,49376,65536,260,48
RunningMeanSqBuffer,calculation,65536,96979,65536,260,48
RunningMeanBuffer,extend/append,65536,18625,65536,260,64
RunningMeanSqBuffer,extend/append,65536,18141,65536,260,64
RunningMeanBuffer,calculation,65536,49700,65536,260,64
RunningMeanSqBuffer,calculation,65536,100617,65536,260,64
RunningMeanBuffer,extend/append,131072,55339,65536,260,1
RunningMeanSqBuffer,extend/append,131072,118096,65536,260,1
RunningMeanBuffer,calculation,131072,74729,65536,260,1
RunningMeanSqBuffer,calculation,131072,166505,65536,260,1
RunningMeanBuffer,extend/append,131072,35917,65536,260,2
RunningMeanSqBuffer,extend/append,131072,69064,65536,260,2
RunningMeanBuffer,calculation,131072,76720,65536,260,2
RunningMeanSqBuffer,calculation,131072,162459,65536,260,2
RunningMeanBuffer,extend/append,131072,29101,65536,260,3
RunningMeanSqBuffer,extend/append,131072,50010,65536,260,3
RunningMeanBuffer,calculation,131072,74832,65536,260,3
RunningMeanSqBuffer,calculation,131072,166774,65536,260,3
RunningMeanBuffer,extend/append,131072,25648,65536,260,4
RunningMeanSqBuffer,extend/append,131072,42054,65536,260,4
RunningMeanBuffer,calculation,131072,75504,65536,260,4
RunningMeanSqBuffer,calculation,131072,169613,65536,260,4
RunningMeanBuffer,extend/append,131072,22148,65536,260,6
RunningMeanSqBuffer,extend/append,131072,33805,65536,260,6
RunningMeanBuffer,calculation,131072,75695,65536,260,6
RunningMeanSqBuffer,calculation,131072,162327,65536,260,6
RunningMeanBuffer,extend/append,131072,20635,65536,260,8
RunningMeanSqBuffer,extend/append,131072,38573,65536,260,8
RunningMeanBuffer,calculation,131072,75931,65536,260,8
RunningMeanSqBuffer,calculation,131072,172051,65536,260,8
RunningMeanBuffer,extend/append,131072,19186,65536,260,12
RunningMeanSqBuffer,extend/append,131072,23784,65536,260,12
RunningMeanBuffer,calculation,131072,74580,65536,260,12
RunningMeanSqBuffer,calculation,131072,162325,65536,260,12
RunningMeanBuffer,extend/append,131072,18271,65536,260,16
RunningMeanSqBuffer,extend/append,131072,24389,65536,260,16
RunningMeanBuffer,calculation,131072,75047,65536,260,16
RunningMeanSqBuffer,calculation,131072,166310,65536,260,16
RunningMeanBuffer,extend/append,131072,17331,65536,260,24
RunningMeanSqBuffer,extend/append,131072,21308,65536,260,24
RunningMeanBuffer,calculation,131072,77275,65536,260,24
RunningMeanSqBuffer,calculation,131072,171815,65536,260,24
RunningMeanBuffer,extend/append,131072,16978,65536,260,32
RunningMeanSqBuffer,extend/append,131072,21457,65536,260,32
RunningMeanBuffer,calculation,131072,74527,65536,260,32
RunningMeanSqBuffer,calculation,131072,164766,65536,260,32
RunningMeanBuffer,extend/append,131072,16175,65536,260,48
RunningMeanSqBuffer,extend/append,131072,19089,65536,260,48
RunningMeanBuffer,calculation,131072,75381,65536,260,48
RunningMeanSqBuffer,calculation,131072,164237,65536,260,48
RunningMeanBuffer,extend/append,131072,16092,65536,260,64
RunningMeanSqBuffer,extend/append,131072,18891,65536,260,64
RunningMeanBuffer,calculation,131072,74355,65536,260,64
RunningMeanSqBuffer,calculation,131072,164168,65536,260,64
RunningMeanBuffer,extend/append,262144,170111,65536,260,1
RunningMeanSqBuffer,extend/append,262144,164896,65536,260,1
RunningMeanBuffer,calculation,262144,72205,65536,260,1
RunningMeanSqBuffer,calculation,262144,160511,65536,260,1
RunningMeanBuffer,extend/append,262144,99159,65536,260,2
RunningMeanSqBuffer,extend/append,262144,98175,65536,260,2
RunningMeanBuffer,calculation,262144,71616,65536,260,2
RunningMeanSqBuffer,calculation,262144,164266,65536,260,2
RunningMeanBuffer,extend/append,262144,74836,65536,260,3
RunningMeanSqBuffer,extend/append,262144,72878,65536,260,3
RunningMeanBuffer,calculation,262144,71202,65536,260,3
RunningMeanSqBuffer,calculation,262144,166707,65536,260,3
RunningMeanBuffer,extend/append,262144,62809,65536,260,4
RunningMeanSqBuffer,extend/append,262144,61034,65536,260,4
RunningMeanBuffer,calculation,262144,70868,65536,260,4
RunningMeanSqBuffer,calculation,262144,167903,65536,260,4
RunningMeanBuffer,extend/append,262144,49977,65536,260,6
RunningMeanSqBuffer,extend/append,262144,52423,65536,260,6
RunningMeanBuffer,calculation,262144,71224,65536,260,6
RunningMeanSqBuffer,calculation,262144,162759,65536,260,6
RunningMeanBuffer,extend/append,262144,45474,65536,260,8
RunningMeanSqBuffer,extend/append,262144,47775,65536,260,8
RunningMeanBuffer,calculation,262144,71768,65536,260,8
RunningMeanSqBuffer,calculation,262144,163405,65536,260,8
RunningMeanBuffer,extend/append,262144,38879,65536,260,12
RunningMeanSqBuffer,extend/append,262144,41339,65536,260,12
RunningMeanBuffer,calculation,262144,71373,65536,260,12
RunningMeanSqBuffer,calculation,262144,162057,65536,260,12
RunningMeanBuffer,extend/append,262144,41908,65536,260,16
RunningMeanSqBuffer,extend/append,262144,39971,65536,260,16
RunningMeanBuffer,calculation,262144,71355,65536,260,16
RunningMeanSqBuffer,calculation,262144,163718,65536,260,16
RunningMeanBuffer,extend/append,262144,33897,65536,260,24
RunningMeanSqBuffer,extend/append,262144,41022,65536,260,24
RunningMeanBuffer,calculation,262144,71394,65536,260,24
RunningMeanSqBuffer,calculation,262144,164614,65536,260,24
RunningMeanBuffer,extend/append,262144,33082,65536,260,32
RunningMeanSqBuffer,extend/append,262144,37150,65536,260,32
RunningMeanBuffer,calculation,262144,71306,65536,260,32
RunningMeanSqBuffer,calculation,262144,165420,65536,260,32
RunningMeanBuffer,extend/append,262144,30246,65536,260,48
RunningMeanSqBuffer,extend/append,262144,33344,65536,260,48
RunningMeanBuffer,calculation,262144,71448,65536,260,48
RunningMeanSqBuffer,calculation,262144,161708,65536,260,48
RunningMeanBuffer,extend/append,262144,29947,65536,260,64
RunningMeanSqBuffer,extend/append,262144,34137,65536,260,64
RunningMeanBuffer,calculation,262144,71622,65536,260,64
RunningMeanSqBuffer,calculation,262144,167617,65536,260,64
RunningMeanBuffer,extend/append,524288,322700,65536,260,1
RunningMeanSqBuffer,extend/append,524288,197226,65536,260,1
RunningMeanBuffer,calculation,524288,72932,65536,260,1
RunningMeanSqBuffer,calculation,524288,164987,65536,260,1
RunningMeanBuffer,extend/append,524288,167942,65536,260,2
RunningMeanSqBuffer,extend/append,524288,108967,65536,260,2
RunningMeanBuffer,calculation,524288,71762,65536,260,2
RunningMeanSqBuffer,calculation,524288,164291,65536,260,2
RunningMeanBuffer,extend/append,524288,123076,65536,260,3
RunningMeanSqBuffer,extend/append,524288,81568,65536,260,3
RunningMeanBuffer,calculation,524288,71778,65536,260,3
RunningMeanSqBuffer,calculation,524288,161430,65536,260,3
RunningMeanBuffer,extend/append,524288,97312,65536,260,4
RunningMeanSqBuffer,extend/append,524288,69221,65536,260,4
RunningMeanBuffer,calculation,524288,72119,65536,260,4
RunningMeanSqBuffer,calculation,524288,166088,65536,260,4
RunningMeanBuffer,extend/append,524288,73231,65536,260,6
RunningMeanSqBuffer,extend/append,524288,58608,65536,260,6
RunningMeanBuffer,calculation,524288,71763,65536,260,6
RunningMeanSqBuffer,calculation,524288,166157,65536,260,6
RunningMeanBuffer,extend/append,524288,62893,65536,260,8
RunningMeanSqBuffer,extend/append,524288,50425,65536,260,8
RunningMeanBuffer,calculation,524288,71935,65536,260,8
RunningMeanSqBuffer,calculation,524288,162879,65536,260,8
RunningMeanBuffer,extend/append,524288,49246,65536,260,12
RunningMeanSqBuffer,extend/append,524288,50754,65536,260,12
RunningMeanBuffer,calculation,524288,71972,65536,260,12
RunningMeanSqBuffer,calculation,524288,164926,65536,260,12
RunningMeanBuffer,extend/append,524288,46319,65536,260,16
RunningMeanSqBuffer,extend/append,524288,49022,65536,260,16
RunningMeanBuffer,calculation,524288,71364,65536,260,16
RunningMeanSqBuffer,calculation,524288,162372,65536,260,16
RunningMeanBuffer,extend/append,524288,40213,65536,260,24
RunningMeanSqBuffer,extend/append,524288,42164,65536,260,24
RunningMeanBuffer,calculation,524288,73989,65536,260,24
RunningMeanSqBuffer,calculation,524288,163408,65536,260,24
RunningMeanBuffer,extend/append,524288,37150,65536,260,32
RunningMeanSqBuffer,extend/append,524288,38581,65536,260,32
RunningMeanBuffer,calculation,524288,71992,65536,260,32
RunningMeanSqBuffer,calculation,524288,169515,65536,260,32
RunningMeanBuffer,extend/append,524288,32986,65536,260,48
RunningMeanSqBuffer,extend/append,524288,34152,65536,260,48
RunningMeanBuffer,calculation,524288,71607,65536,260,48
RunningMeanSqBuffer,calculation,524288,165041,65536,260,48
RunningMeanBuffer,extend/append,524288,32724,65536,260,64
RunningMeanSqBuffer,extend/append,524288,33330,65536,260,64
RunningMeanBuffer,calculation,524288,72155,65536,260,64
RunningMeanSqBuffer,calculation,524288,164648,65536,260,64
RunningMeanBuffer,extend/append,1048576,753475,65536,260,1
RunningMeanSqBuffer,extend/append,1048576,286077,65536,260,1
RunningMeanBuffer,calculation,1048576,73998,65536,260,1
RunningMeanSqBuffer,calculation,1048576,167483,65536,260,1
RunningMeanBuffer,extend/append,1048576,408780,65536,260,2
RunningMeanSqBuffer,extend/append,1048576,159178,65536,260,2
RunningMeanBuffer,calculation,1048576,72760,65536,260,2
RunningMeanSqBuffer,calculation,1048576,167801,65536,260,2
RunningMeanBuffer,extend/append,1048576,268551,65536,260,3
RunningMeanSqBuffer,extend/append,1048576,114155,65536,260,3
RunningMeanBuffer,calculation,1048576,71852,65536,260,3
RunningMeanSqBuffer,calculation,1048576,166757,65536,260,3
RunningMeanBuffer,extend/append,1048576,223324,65536,260,4
RunningMeanSqBuffer,extend/append,1048576,98578,65536,260,4
RunningMeanBuffer,calculation,1048576,71539,65536,260,4
RunningMeanSqBuffer,calculation,1048576,168752,65536,260,4
RunningMeanBuffer,extend/append,1048576,147527,65536,260,6
RunningMeanSqBuffer,extend/append,1048576,87960,65536,260,6
RunningMeanBuffer,calculation,1048576,73153,65536,260,6
RunningMeanSqBuffer,calculation,1048576,165890,65536,260,6
RunningMeanBuffer,extend/append,1048576,121711,65536,260,8
RunningMeanSqBuffer,extend/append,1048576,70906,65536,260,8
RunningMeanBuffer,calculation,1048576,71480,65536,260,8
RunningMeanSqBuffer,calculation,1048576,168308,65536,260,8
RunningMeanBuffer,extend/append,1048576,84160,65536,260,12
RunningMeanSqBuffer,extend/append,1048576,59700,65536,260,12
RunningMeanBuffer,calculation,1048576,71582,65536,260,12
RunningMeanSqBuffer,calculation,1048576,166534,65536,260,12
RunningMeanBuffer,extend/append,1048576,81199,65536,260,16
RunningMeanSqBuffer,extend/append,1048576,53119,65536,260,16
RunningMeanBuffer,calculation,1048576,73555,65536,260,16
RunningMeanSqBuffer,calculation,1048576,165443,65536,260,16
RunningMeanBuffer,extend/append,1048576,60372,65536,260,24
RunningMeanSqBuffer,extend/append,1048576,42812,65536,260,24
RunningMeanBuffer,calculation,1048576,71295,65536,260,24
RunningMeanSqBuffer,calculation,1048576,169006,65536,260,24
RunningMeanBuffer,extend/append,1048576,53919,65536,260,32
RunningMeanSqBuffer,extend/append,1048576,43524,65536,260,32
RunningMeanBuffer,calculation,1048576,71917,65536,260,32
RunningMeanSqBuffer,calculation,1048576,164403,65536,260,32
RunningMeanBuffer,extend/append,1048576,40257,65536,260,48
RunningMeanSqBuffer,extend/append,1048576,35750,65536,260,48
RunningMeanBuffer,calculation,1048576,71767,65536,260,48
RunningMeanSqBuffer,calculation,1048576,167090,65536,260,48
RunningMeanBuffer,extend/append,1048576,40135,65536,260,64
RunningMeanSqBuffer,extend/append,1048576,35407,65536,260,64
RunningMeanBuffer,calculation,1048576,71557,65536,260,64
RunningMeanSqBuffer,calculation,1048576,166230,65536,260,64
RunningMeanBuffer,extend/append,2097152,1833679,65536,260,1
RunningMeanSqBuffer,extend/append,2097152,488492,65536,260,1
RunningMeanBuffer,calculation,2097152,72568,65536,260,1
RunningMeanSqBuffer,calculation,2097152,168709,65536,260,1
RunningMeanBuffer,extend/append,2097152,938145,65536,260,2
RunningMeanSqBuffer,extend/append,2097152,269069,65536,260,2
RunningMeanBuffer,calculation,2097152,72539,65536,260,2
RunningMeanSqBuffer,calculation,2097152,167818,65536,260,2
RunningMeanBuffer,extend/append,2097152,628501,65536,260,3
RunningMeanSqBuffer,extend/append,2097152,186666,65536,260,3
RunningMeanBuffer,calculation,2097152,71245,65536,260,3
RunningMeanSqBuffer,calculation,2097152,168668,65536,260,3
RunningMeanBuffer,extend/append,2097152,473905,65536,260,4
RunningMeanSqBuffer,extend/append,2097152,162459,65536,260,4
RunningMeanBuffer,calculation,2097152,72097,65536,260,4
RunningMeanSqBuffer,calculation,2097152,167578,65536,260,4
RunningMeanBuffer,extend/append,2097152,320577,65536,260,6
RunningMeanSqBuffer,extend/append,2097152,111424,65536,260,6
RunningMeanBuffer,calculation,2097152,70947,65536,260,6
RunningMeanSqBuffer,calculation,2097152,167188,65536,260,6
RunningMeanBuffer,extend/append,2097152,258885,65536,260,8
RunningMeanSqBuffer,extend/append,2097152,93550,65536,260,8
RunningMeanBuffer,calculation,2097152,73215,65536,260,8
RunningMeanSqBuffer,calculation,2097152,169193,65536,260,8
RunningMeanBuffer,extend/append,2097152,166744,65536,260,12
RunningMeanSqBuffer,extend/append,2097152,67249,65536,260,12
RunningMeanBuffer,calculation,2097152,71596,65536,260,12
RunningMeanSqBuffer,calculation,2097152,169353,65536,260,12
RunningMeanBuffer,extend/append,2097152,151319,65536,260,16
RunningMeanSqBuffer,extend/append,2097152,63903,65536,260,16
RunningMeanBuffer,calculation,2097152,71813,65536,260,16
RunningMeanSqBuffer,calculation,2097152,168553,65536,260,16
RunningMeanBuffer,extend/append,2097152,105825,65536,260,24
RunningMeanSqBuffer,extend/append,2097152,51430,65536,260,24
RunningMeanBuffer,calculation,2097152,71014,65536,260,24
RunningMeanSqBuffer,calculation,2097152,167426,65536,260,24
RunningMeanBuffer,extend/append,2097152,90830,65536,260,32
RunningMeanSqBuffer,extend/append,2097152,46009,65536,260,32
RunningMeanBuffer,calculation,2097152,72725,65536,260,32
RunningMeanSqBuffer,calculation,2097152,167361,65536,260,32
RunningMeanBuffer,extend/append,2097152,60317,65536,260,48
RunningMeanSqBuffer,extend/append,2097152,38404,65536,260,48
RunningMeanBuffer,calculation,2097152,71090,65536,260,48
RunningMeanSqBuffer,calculation,2097152,168763,65536,260,48
RunningMeanBuffer,extend/append,2097152,58871,65536,260,64
RunningMeanSqBuffer,extend/append,2097152,38226,65536,260,64
RunningMeanBuffer,calculation,2097152,72915,65536,260,64
RunningMeanSqBuffer,calculation,2097152,167197,65536,260,64
RunningMeanBuffer,extend/append,4194304,3724778,65536,260,1
RunningMeanSqBuffer,extend/append,4194304,900032,65536,260,1
RunningMeanBuffer,calculation,4194304,75274,65536,260,1
RunningMeanSqBuffer,calculation,4194304,177022,65536,260,1
RunningMeanBuffer,extend/append,4194304,1899037,65536,260,2
RunningMeanSqBuffer,extend/append,4194304,472429,65536,260,2
RunningMeanBuffer,calculation,4194304,74442,65536,260,2
RunningMeanSqBuffer,calculation,4194304,176528,65536,260,2
RunningMeanBuffer,extend/append,4194304,1270593,65536,260,3
RunningMeanSqBuffer,extend/append,4194304,323932,65536,260,3
RunningMeanBuffer,calculation,4194304,75855,65536,260,3
RunningMeanSqBuffer,calculation,4194304,174908,65536,260,3
RunningMeanBuffer,extend/append,4194304,938518,65536,260,4
RunningMeanSqBuffer,extend/append,4194304,248986,65536,260,4
RunningMeanBuffer,calculation,4194304,75498,65536,260,4
RunningMeanSqBuffer,calculation,4194304,174250,65536,260,4
RunningMeanBuffer,extend/append,4194304,629942,65536,260,6
RunningMeanSqBuffer,extend/append,4194304,172846,65536,260,6
RunningMeanBuffer,calculation,4194304,75079,65536,260,6
RunningMeanSqBuffer,calculation,4194304,174029,65536,260,6
RunningMeanBuffer,extend/append,4194304,500627,65536,260,8
RunningMeanSqBuffer,extend/append,4194304,146196,65536,260,8
RunningMeanBuffer,calculation,4194304,74528,65536,260,8
RunningMeanSqBuffer,calculation,4194304,171874,65536,260,8
RunningMeanBuffer,extend/append,4194304,313759,65536,260,12
RunningMeanSqBuffer,extend/append,4194304,99631,65536,260,12
RunningMeanBuffer,calculation,4194304,74174,65536,260,12
RunningMeanSqBuffer,calculation,4194304,174796,65536,260,12
RunningMeanBuffer,extend/append,4194304,282961,65536,260,16
RunningMeanSqBuffer,extend/append,4194304,91877,65536,260,16
RunningMeanBuffer,calculation,4194304,75753,65536,260,16
RunningMeanSqBuffer,calculation,4194304,175170,65536,260,16
RunningMeanBuffer,extend/append,4194304,187568,65536,260,24
RunningMeanSqBuffer,extend/append,4194304,69168,65536,260,24
RunningMeanBuffer,calculation,4194304,75867,65536,260,24
RunningMeanSqBuffer,calculation,4194304,173786,65536,260,24
RunningMeanBuffer,extend/append,4194304,155880,65536,260,32
RunningMeanSqBuffer,extend/append,4194304,60821,65536,260,32
RunningMeanBuffer,calculation,4194304,75344,65536,260,32
RunningMeanSqBuffer,calculation,4194304,176010,65536,260,32
RunningMeanBuffer,extend/append,4194304,92555,65536,260,48
RunningMeanSqBuffer,extend/append,4194304,45264,65536,260,48
RunningMeanBuffer,calculation,4194304,75445,65536,260,48
RunningMeanSqBuffer,calculation,4194304,173434,65536,260,48
RunningMeanBuffer,extend/append,4194304,92674,65536,260,64
RunningMeanSqBuffer,extend/append,4194304,45663,65536,260,64
RunningMeanBuffer,calculation,4194304,74110,65536,260,64
RunningMeanSqBuffer,calculation,4194304,175900,65536,260,64
RunningMeanBuffer,extend/append,8388608,7323823,65536,260,1
RunningMeanSqBuffer,extend/append,8388608,1689081,65536,260,1
RunningMeanBuffer,calculation,8388608,77069,65536,260,1
RunningMeanSqBuffer,calculation,8388608,178010,65536,260,1
RunningMeanBuffer,extend/append,8388608,3724231,65536,260,2
RunningMeanSqBuffer,extend/append,8388608,868700,65536,260,2
RunningMeanBuffer,calculation,8388608,80381,65536,260,2
RunningMeanSqBuffer,calculation,8388608,179240,65536,260,2
RunningMeanBuffer,extend/append,8388608,2463028,65536,260,3
RunningMeanSqBuffer,extend/append,8388608,589528,65536,260,3
RunningMeanBuffer,calculation,8388608,80648,65536,260,3
RunningMeanSqBuffer,calculation,8388608,177998,65536,260,3
RunningMeanBuffer,extend/append,8388608,1834483,65536,260,4
RunningMeanSqBuffer,extend/append,8388608,448339,65536,260,4
RunningMeanBuffer,calculation,8388608,78830,65536,260,4
RunningMeanSqBuffer,calculation,8388608,177072,65536,260,4
RunningMeanBuffer,extend/append,8388608,1214576,65536,260,6
RunningMeanSqBuffer,extend/append,8388608,304293,65536,260,6
RunningMeanBuffer,calculation,8388608,78135,65536,260,6
RunningMeanSqBuffer,calculation,8388608,176875,65536,260,6
RunningMeanBuffer,extend/append,8388608,963691,65536,260,8
RunningMeanSqBuffer,extend/append,8388608,250738,65536,260,8
RunningMeanBuffer,calculation,8388608,76619,65536,260,8
RunningMeanSqBuffer,calculation,8388608,175832,65536,260,8
RunningMeanBuffer,extend/append,8388608,589489,65536,260,12
RunningMeanSqBuffer,extend/append,8388608,162286,65536,260,12
RunningMeanBuffer,calculation,8388608,79779,65536,260,12
RunningMeanSqBuffer,calculation,8388608,177413,65536,260,12
RunningMeanBuffer,extend/append,8388608,528032,65536,260,16
RunningMeanSqBuffer,extend/append,8388608,150386,65536,260,16
RunningMeanBuffer,calculation,8388608,78037,65536,260,16
RunningMeanSqBuffer,calculation,8388608,178614,65536,260,16
RunningMeanBuffer,extend/append,8388608,342257,65536,260,24
RunningMeanSqBuffer,extend/append,8388608,103976,65536,260,24
RunningMeanBuffer,calculation,8388608,80005,65536,260,24
RunningMeanSqBuffer,calculation,8388608,176962,65536,260,24
RunningMeanBuffer,extend/append,8388608,282034,65536,260,32
RunningMeanSqBuffer,extend/append,8388608,89336,65536,260,32
RunningMeanBuffer,calculation,8388608,79450,65536,260,32
RunningMeanSqBuffer,calculation,8388608,178650,65536,260,32
RunningMeanBuffer,extend/append,8388608,153639,65536,260,48
RunningMeanSqBuffer,extend/append,8388608,59157,65536,260,48
RunningMeanBuffer,calculation,8388608,76483,65536,260,48
RunningMeanSqBuffer,calculation,8388608,178039,65536,260,48
RunningMeanBuffer,extend/append,8388608,153456,65536,260,64
RunningMeanSqBuffer,extend/append,8388608,60765,65536,260,64
RunningMeanBuffer,calculation,8388608,78560,65536,260,64
RunningMeanSqBuffer,calculation,8388608,177852,65536,260,64
RunningMeanBuffer,extend/append,131072,156142,131072,260,1
RunningMeanSqBuffer,extend/append,131072,115996,131072,260,1
RunningMeanBuffer,calculation,131072,343477,131072,260,1
RunningMeanSqBuffer,calculation,131072,301474,131072,260,1
RunningMeanBuffer,extend/append,131072,101883,131072,260,2
RunningMeanSqBuffer,extend/append,131072,81207,131072,260,2
RunningMeanBuffer,calculation,131072,339721,131072,260,2
RunningMeanSqBuffer,calculation,131072,295598,131072,260,2
RunningMeanBuffer,extend/append,131072,82690,131072,260,3
RunningMeanSqBuffer,extend/append,131072,70775,131072,260,3
RunningMeanBuffer,calculation,131072,353457,131072,260,3
RunningMeanSqBuffer,calculation,131072,293639,131072,260,3
RunningMeanBuffer,extend/append,131072,72170,131072,260,4
RunningMeanSqBuffer,extend/append,131072,63545,131072,260,4
RunningMeanBuffer,calculation,131072,340842,131072,260,4
RunningMeanSqBuffer,calculation,131072,291670,131072,260,4
RunningMeanBuffer,extend/append,131072,63116,131072,260,6
RunningMeanSqBuffer,extend/append,131072,67266,131072,260,6
RunningMeanBuffer,calculation,131072,346330,131072,260,6
RunningMeanSqBuffer,calculation,131072,290196,131072,260,6
RunningMeanBuffer,extend/append,131072,59867,131072,260,8
RunningMeanSqBuffer,extend/append,131072,67448,131072,260,8
RunningMeanBuffer,calculation,131072,344664,131072,260,8
RunningMeanSqBuffer,calculation,131072,295985,131072,260,8
RunningMeanBuffer,extend/append,131072,53277,131072,260,12
RunningMeanSqBuffer,extend/append,131072,59660,131072,260,12
RunningMeanBuffer,calculation,131072,341998,131072,260,12
RunningMeanSqBuffer,calculation,131072,291537,131072,260,12
RunningMeanBuffer,extend/append,131072,52546,131072,260,16
RunningMeanSqBuffer,extend/append,131072,58352,131072,260,16
RunningMeanBuffer,calculation,131072,349376,131072,260,16
RunningMeanSqBuffer,calculation,131072,291071,131072,260,16
RunningMeanBuffer,extend/append,131072,49796,131072,260,24
RunningMeanSqBuffer,extend/append,131072,52965,131072,260,24
RunningMeanBuffer,calculation,131072,348234,131072,260,24
RunningMeanSqBuffer,calculation,131072,296381,131072,260,24
RunningMeanBuffer,extend/append,131072,48763,131072,260,32
RunningMeanSqBuffer,extend/append,131072,51591,131072,260,32
RunningMeanBuffer,calculation,131072,352131,131072,260,32
RunningMeanSqBuffer,calculation,131072,295716,131072,260,32
RunningMeanBuffer,extend/append,131072,48109,131072,260,48
RunningMeanSqBuffer,extend/append,131072,48523,131072,260,48
RunningMeanBuffer,calculation,131072,352088,131072,260,48
RunningMeanSqBuffer,calculation,131072,292182,131072,260,48
RunningMeanBuffer,extend/append,131072,46465,131072,260,64
RunningMeanSqBuffer,extend/append,131072,49657,131072,260,64
RunningMeanBuffer,calculation,131072,342722,131072,260,64
RunningMeanSqBuffer,calculation,131072,293555,131072,260,64
RunningMeanBuffer,extend/append,262144,234297,131072,260,1
RunningMeanSqBuffer,extend/append,262144,153162,131072,260,1
RunningMeanBuffer,calculation,262144,314857,131072,260,1
RunningMeanSqBuffer,calculation,262144,374964,131072,260,1
RunningMeanBuffer,extend/append,262144,141084,131072,260,2
RunningMeanSqBuffer,extend/append,262144,100950,131072,260,2
RunningMeanBuffer,calculation,262144,316290,131072,260,2
RunningMeanSqBuffer,calculation,262144,381666,131072,260,2
RunningMeanBuffer,extend/append,262144,110850,131072,260,3
RunningMeanSqBuffer,extend/append,262144,82777,131072,260,3
RunningMeanBuffer,calculation,262144,317363,131072,260,3
RunningMeanSqBuffer,calculation,262144,379927,131072,260,3
RunningMeanBuffer,extend/append,262144,92539,131072,260,4
RunningMeanSqBuffer,extend/append,262144,73805,131072,260,4
RunningMeanBuffer,calculation,262144,317367,131072,260,4
RunningMeanSqBuffer,calculation,262144,380884,131072,260,4
RunningMeanBuffer,extend/append,262144,78199,131072,260,6
RunningMeanSqBuffer,extend/append,262144,65804,131072,260,6
RunningMeanBuffer,calculation,262144,317774,131072,260,6
RunningMeanSqBuffer,calculation,262144,381049,131072,260,6
RunningMeanBuffer,extend/append,262144,70487,131072,260,8
RunningMeanSqBuffer,extend/append,262144,72618,131072,260,8
RunningMeanBuffer,calculation,262144,316242,131072,260,8
RunningMeanSqBuffer,calculation,262144,386419,131072,260,8
RunningMeanBuffer,extend/append,262144,60820,131072,260,12
RunningMeanSqBuffer,extend/append,262144,58427,131072,260,12
RunningMeanBuffer,calculation,262144,336876,131072,260,12
RunningMeanSqBuffer,calculation,262144,393914,131072,260,12
RunningMeanBuffer,extend/append,262144,78197,131072,260,16
RunningMeanSqBuffer,extend/append,262144,61174,131072,260,16
RunningMeanBuffer,calculation,262144,335840,131072,260,16
RunningMeanSqBuffer,calculation,262144,395438,131072,260,16
RunningMeanBuffer,extend/append,262144,54675,131072,260,24
RunningMeanSqBuffer,extend/append,262144,59364,131072,260,24
RunningMeanBuffer,calculation,262144,331984,131072,260,24
RunningMeanSqBuffer,calculation,262144,400761,131072,260,24
RunningMeanBuffer,extend/append,262144,53825,131072,260,32
RunningMeanSqBuffer,extend/append,262144,56117,131072,260,32
RunningMeanBuffer,calculation,262144,335290,131072,260,32
RunningMeanSqBuffer,calculation,262144,397061,131072,260,32
RunningMeanBuffer,extend/append,262144,49282,131072,260,48
RunningMeanSqBuffer,extend/append,262144,50787,131072,260,48
RunningMeanBuffer,calculation,262144,328483,131072,260,48
RunningMeanSqBuffer,calculation,262144,400052,131072,260,48
RunningMeanBuffer,extend/append,262144,50998,131072,260,64
RunningMeanSqBuffer,extend/append,262144,50732,131072,260,64
RunningMeanBuffer,calculation,262144,333182,131072,260,64
RunningMeanSqBuffer,calculation,262144,402557,131072,260,64
RunningMeanBuffer,extend/append,524288,400359,131072,260,1
RunningMeanSqBuffer,extend/append,524288,200201,131072,260,1
RunningMeanBuffer,calculation,524288,346187,131072,260,1
RunningMeanSqBuffer,calculation,524288,403758,131072,260,1
RunningMeanBuffer,extend/append,524288,228225,131072,260,2
RunningMeanSqBuffer,extend/append,524288,125329,131072,260,2
RunningMeanBuffer,calculation,524288,339377,131072,260,2
RunningMeanSqBuffer,calculation,524288,407070,131072,260,2
RunningMeanBuffer,extend/append,524288,166138,131072,260,3
RunningMeanSqBuffer,extend/append,524288,114200,131072,260,3
RunningMeanBuffer,calculation,524288,340101,131072,260,3
RunningMeanSqBuffer,calculation,524288,423337,131072,260,3
RunningMeanBuffer,extend/append,524288,134324,131072,260,4
RunningMeanSqBuffer,extend/append,524288,87652,131072,260,4
RunningMeanBuffer,calculation,524288,340689,131072,260,4
RunningMeanSqBuffer,calculation,524288,434896,131072,260,4
RunningMeanBuffer,extend/append,524288,103045,131072,260,6
RunningMeanSqBuffer,extend/append,524288,87688,131072,260,6
RunningMeanBuffer,calculation,524288,335382,131072,260,6
RunningMeanSqBuffer,calculation,524288,415157,131072,260,6
RunningMeanBuffer,extend/append,524288,92158,131072,260,8
RunningMeanSqBuffer,extend/append,524288,68167,131072,260,8
RunningMeanBuffer,calculation,524288,332827,131072,260,8
RunningMeanSqBuffer,calculation,524288,408345,131072,260,8
RunningMeanBuffer,extend/append,524288,74997,131072,260,12
RunningMeanSqBuffer,extend/append,524288,68812,131072,260,12
RunningMeanBuffer,calculation,524288,332531,131072,260,12
RunningMeanSqBuffer,calculation,524288,407143,131072,260,12
RunningMeanBuffer,extend/append,524288,71907,131072,260,16
RunningMeanSqBuffer,extend/append,524288,64385,131072,260,16
RunningMeanBuffer,calculation,524288,333528,131072,260,16
RunningMeanSqBuffer,calculation,524288,412200,131072,260,16
RunningMeanBuffer,extend/append,524288,61982,131072,260,24
RunningMeanSqBuffer,extend/append,524288,58999,131072,260,24
RunningMeanBuffer,calculation,524288,337296,131072,260,24
RunningMeanSqBuffer,calculation,524288,411726,131072,260,24
RunningMeanBuffer,extend/append,524288,58442,131072,260,32
RunningMeanSqBuffer,extend/append,524288,57433,131072,260,32
RunningMeanBuffer,calculation,524288,336942,131072,260,32
RunningMeanSqBuffer,calculation,524288,409287,131072,260,32
RunningMeanBuffer,extend/append,524288,53024,131072,260,48
RunningMeanSqBuffer,extend/append,524288,54104,131072,260,48
RunningMeanBuffer,calculation,524288,337613,131072,260,48
RunningMeanSqBuffer,calculation,524288,407229,131072,260,48
RunningMeanBuffer,extend/append,524288,52550,131072,260,64
RunningMeanSqBuffer,extend/append,524288,53055,131072,260,64
RunningMeanBuffer,calculation,524288,341131,131072,260,64
RunningMeanSqBuffer,calculation,524288,399573,131072,260,64
RunningMeanBuffer,extend/append,1048576,651316,131072,260,1
RunningMeanSqBuffer,extend/append,1048576,289438,131072,260,1
RunningMeanBuffer,calculation,1048576,339226,131072,260,1
RunningMeanSqBuffer,calculation,1048576,432251,131072,260,1
RunningMeanBuffer,extend/append,1048576,353396,131072,260,2
RunningMeanSqBuffer,extend/append,1048576,171855,131072,260,2
RunningMeanBuffer,calculation,1048576,338806,131072,260,2
RunningMeanSqBuffer,calculation,1048576,403379,131072,260,2
RunningMeanBuffer,extend/append,1048576,247560,131072,260,3
RunningMeanSqBuffer,extend/append,1048576,131730,131072,260,3
RunningMeanBuffer,calculation,1048576,368720,131072,260,3
RunningMeanSqBuffer,calculation,1048576,405640,131072,260,3
RunningMeanBuffer,extend/append,1048576,196706,131072,260,4
RunningMeanSqBuffer,extend/append,1048576,108217,131072,260,4
RunningMeanBuffer,calculation,1048576,379116,131072,260,4
RunningMeanSqBuffer,calculation,1048576,407596,131072,260,4
RunningMeanBuffer,extend/append,1048576,144527,131072,260,6
RunningMeanSqBuffer,extend/append,1048576,96070,131072,260,6
RunningMeanBuffer,calculation,1048576,341653,131072,260,6
RunningMeanSqBuffer,calculation,1048576,406430,131072,260,6
RunningMeanBuffer,extend/append,1048576,124195,131072,260,8
RunningMeanSqBuffer,extend/append,1048576,84944,131072,260,8
RunningMeanBuffer,calculation,1048576,345394,131072,260,8
RunningMeanSqBuffer,calculation,1048576,409678,131072,260,8
RunningMeanBuffer,extend/append,1048576,94722,131072,260,12
RunningMeanSqBuffer,extend/append,1048576,73046,131072,260,12
RunningMeanBuffer,calculation,1048576,336190,131072,260,12
RunningMeanSqBuffer,calculation,1048576,403091,131072,260,12
RunningMeanBuffer,extend/append,1048576,88378,131072,260,16
RunningMeanSqBuffer,extend/append,1048576,70173,131072,260,16
RunningMeanBuffer,calculation,1048576,340663,131072,260,16
RunningMeanSqBuffer,calculation,1048576,409007,131072,260,16
RunningMeanBuffer,extend/append,1048576,89463,131072,260,24
RunningMeanSqBuffer,extend/append,1048576,63341,131072,260,24
RunningMeanBuffer,calculation,1048576,356299,131072,260,24
RunningMeanSqBuffer,calculation,1048576,410176,131072,260,24
RunningMeanBuffer,extend/append,1048576,67272,131072,260,32
RunningMeanSqBuffer,extend/append,1048576,59731,131072,260,32
RunningMeanBuffer,calculation,1048576,339883,131072,260,32
RunningMeanSqBuffer,calculation,1048576,400574,131072,260,32
RunningMeanBuffer,extend/append,1048576,58210,131072,260,48
RunningMeanSqBuffer,extend/append,1048576,54870,131072,260,48
RunningMeanBuffer,calculation,1048576,341664,131072,260,48
RunningMeanSqBuffer,calculation,1048576,410546,131072,260,48
RunningMeanBuffer,extend/append,1048576,56752,131072,260,64
RunningMeanSqBuffer,extend/append,1048576,53396,131072,260,64
RunningMeanBuffer,calculation,1048576,337225,131072,260,64
RunningMeanSqBuffer,calculation,1048576,408470,131072,260,64
RunningMeanBuffer,extend/append,2097152,1558064,131072,260,1
RunningMeanSqBuffer,extend/append,2097152,489364,131072,260,1
RunningMeanBuffer,calculation,2097152,347367,131072,260,1
RunningMeanSqBuffer,calculation,2097152,415433,131072,260,1
RunningMeanBuffer,extend/append,2097152,815106,131072,260,2
RunningMeanSqBuffer,extend/append,2097152,270865,131072,260,2
RunningMeanBuffer,calculation,2097152,339223,131072,260,2
RunningMeanSqBuffer,calculation,2097152,436961,131072,260,2
RunningMeanBuffer,extend/append,2097152,549748,131072,260,3
RunningMeanSqBuffer,extend/append,2097152,196860,131072,260,3
RunningMeanBuffer,calculation,2097152,352073,131072,260,3
RunningMeanSqBuffer,calculation,2097152,432527,131072,260,3
RunningMeanBuffer,extend/append,2097152,422284,131072,260,4
RunningMeanSqBuffer,extend/append,2097152,172814,131072,260,4
RunningMeanBuffer,calculation,2097152,337632,131072,260,4
RunningMeanSqBuffer,calculation,2097152,412557,131072,260,4
RunningMeanBuffer,extend/append,2097152,292390,131072,260,6
RunningMeanSqBuffer,extend/append,2097152,132293,131072,260,6
RunningMeanBuffer,calculation,2097152,338359,131072,260,6
RunningMeanSqBuffer,calculation,2097152,410128,131072,260,6
RunningMeanBuffer,extend/append,2097152,234947,131072,260,8
RunningMeanSqBuffer,extend/append,2097152,113243,131072,260,8
RunningMeanBuffer,calculation,2097152,340120,131072,260,8
RunningMeanSqBuffer,calculation,2097152,411606,131072,260,8
RunningMeanBuffer,extend/append,2097152,162644,131072,260,12
RunningMeanSqBuffer,extend/append,2097152,87825,131072,260,12
RunningMeanBuffer,calculation,2097152,339974,131072,260,12
RunningMeanSqBuffer,calculation,2097152,421517,131072,260,12
RunningMeanBuffer,extend/append,2097152,150088,131072,260,16
RunningMeanSqBuffer,extend/append,2097152,83915,131072,260,16
RunningMeanBuffer,calculation,2097152,341338,131072,260,16
RunningMeanSqBuffer,calculation,2097152,414823,131072,260,16
RunningMeanBuffer,extend/append,2097152,110327,131072,260,24
RunningMeanSqBuffer,extend/append,2097152,69163,131072,260,24
RunningMeanBuffer,calculation,2097152,342361,131072,260,24
RunningMeanSqBuffer,calculation,2097152,411955,131072,260,24
RunningMeanBuffer,extend/append,2097152,96911,131072,260,32
RunningMeanSqBuffer,extend/append,2097152,67786,131072,260,32
RunningMeanBuffer,calculation,2097152,341875,131072,260,32
RunningMeanSqBuffer,calculation,2097152,424497,131072,260,32
RunningMeanBuffer,extend/append,2097152,71821,131072,260,48
RunningMeanSqBuffer,extend/append,2097152,59437,131072,260,48
RunningMeanBuffer,calculation,2097152,341698,131072,260,48
RunningMeanSqBuffer,calculation,2097152,410993,131072,260,48
RunningMeanBuffer,extend/append,2097152,71786,131072,260,64
RunningMeanSqBuffer,extend/append,2097152,58702,131072,260,64
RunningMeanBuffer,calculation,2097152,342193,131072,260,64
RunningMeanSqBuffer,calculation,2097152,412520,131072,260,64
RunningMeanBuffer,extend/append,4194304,3776395,131072,260,1
RunningMeanSqBuffer,extend/append,4194304,904649,131072,260,1
RunningMeanBuffer,calculation,4194304,347864,131072,260,1
RunningMeanSqBuffer,calculation,4194304,436479,131072,260,1
RunningMeanBuffer,extend/append,4194304,1929846,131072,260,2
RunningMeanSqBuffer,extend/append,4194304,479174,131072,260,2
RunningMeanBuffer,calculation,4194304,350131,131072,260,2
RunningMeanSqBuffer,calculation,4194304,446001,131072,260,2
RunningMeanBuffer,extend/append,4194304,1278173,131072,260,3
RunningMeanSqBuffer,extend/append,4194304,334113,131072,260,3
RunningMeanBuffer,calculation,4194304,345626,131072,260,3
RunningMeanSqBuffer,calculation,4194304,437965,131072,260,3
RunningMeanBuffer,extend/append,4194304,960315,131072,260,4
RunningMeanSqBuffer,extend/append,4194304,261708,131072,260,4
RunningMeanBuffer,calculation,4194304,347403,131072,260,4
RunningMeanSqBuffer,calculation,4194304,471314,131072,260,4
RunningMeanBuffer,extend/append,4194304,645817,131072,260,6
RunningMeanSqBuffer,extend/append,4194304,188632,131072,260,6
RunningMeanBuffer,calculation,4194304,372791,131072,260,6
RunningMeanSqBuffer,calculation,4194304,435013,131072,260,6
RunningMeanBuffer,extend/append,4194304,520797,131072,260,8
RunningMeanSqBuffer,extend/append,4194304,160865,131072,260,8
RunningMeanBuffer,calculation,4194304,406727,131072,260,8
RunningMeanSqBuffer,calculation,4194304,438739,131072,260,8
RunningMeanBuffer,extend/append,4194304,333955,131072,260,12
RunningMeanSqBuffer,extend/append,4194304,114580,131072,260,12
RunningMeanBuffer,calculation,4194304,355816,131072,260,12
RunningMeanSqBuffer,calculation,4194304,448837,131072,260,12
RunningMeanBuffer,extend/append,4194304,301343,131072,260,16
RunningMeanSqBuffer,extend/append,4194304,124065,131072,260,16
RunningMeanBuffer,calculation,4194304,343641,131072,260,16
RunningMeanSqBuffer,calculation,4194304,446483,131072,260,16
RunningMeanBuffer,extend/append,4194304,206441,131072,260,24
RunningMeanSqBuffer,extend/append,4194304,87430,131072,260,24
RunningMeanBuffer,calculation,4194304,362391,131072,260,24
RunningMeanSqBuffer,calculation,4194304,435831,131072,260,24
RunningMeanBuffer,extend/append,4194304,174411,131072,260,32
RunningMeanSqBuffer,extend/append,4194304,76794,131072,260,32
RunningMeanBuffer,calculation,4194304,347624,131072,260,32
RunningMeanSqBuffer,calculation,4194304,433935,131072,260,32
RunningMeanBuffer,extend/append,4194304,113346,131072,260,48
RunningMeanSqBuffer,extend/append,4194304,64524,131072,260,48
RunningMeanBuffer,calculation,4194304,397975,131072,260,48
RunningMeanSqBuffer,calculation,4194304,438657,131072,260,48
RunningMeanBuffer,extend/append,4194304,114767,131072,260,64
RunningMeanSqBuffer,extend/append,4194304,65704,131072,260,64
RunningMeanBuffer,calculation,4194304,427760,131072,260,64
RunningMeanSqBuffer,calculation,4194304,434891,131072,260,64
RunningMeanBuffer,extend/append,8388608,7457315,131072,260,1
RunningMeanSqBuffer,extend/append,8388608,1690523,131072,260,1
RunningMeanBuffer,calculation,8388608,358861,131072,260,1
RunningMeanSqBuffer,calculation,8388608,465781,131072,260,1
RunningMeanBuffer,extend/append,8388608,3769648,131072,260,2
RunningMeanSqBuffer,extend/append,8388608,875626,131072,260,2
RunningMeanBuffer,calculation,8388608,366264,131072,260,2
RunningMeanSqBuffer,calculation,8388608,465675,131072,260,2
RunningMeanBuffer,extend/append,8388608,2516980,131072,260,3
RunningMeanSqBuffer,extend/append,8388608,617959,131072,260,3
RunningMeanBuffer,calculation,8388608,370444,131072,260,3
RunningMeanSqBuffer,calculation,8388608,515707,131072,260,3
RunningMeanBuffer,extend/append,8388608,1870928,131072,260,4
RunningMeanSqBuffer,extend/append,8388608,461695,131072,260,4
RunningMeanBuffer,calculation,8388608,358746,131072,260,4
RunningMeanSqBuffer,calculation,8388608,480725,131072,260,4
RunningMeanBuffer,extend/append,8388608,1259586,131072,260,6
RunningMeanSqBuffer,extend/append,8388608,321795,131072,260,6
RunningMeanBuffer,calculation,8388608,371073,131072,260,6
RunningMeanSqBuffer,calculation,8388608,463529,131072,260,6
RunningMeanBuffer,extend/append,8388608,994260,131072,260,8
RunningMeanSqBuffer,extend/append,8388608,266865,131072,260,8
RunningMeanBuffer,calculation,8388608,360579,131072,260,8
RunningMeanSqBuffer,calculation,8388608,459235,131072,260,8
RunningMeanBuffer,extend/append,8388608,616161,131072,260,12
RunningMeanSqBuffer,extend/append,8388608,179574,131072,260,12
RunningMeanBuffer,calculation,8388608,412584,131072,260,12
RunningMeanSqBuffer,calculation,8388608,460920,131072,260,12
RunningMeanBuffer,extend/append,8388608,559151,131072,260,16
RunningMeanSqBuffer,extend/append,8388608,166498,131072,260,16
RunningMeanBuffer,calculation,8388608,392252,131072,260,16
RunningMeanSqBuffer,calculation,8388608,456356,131072,260,16
RunningMeanBuffer,extend/append,8388608,365999,131072,260,24
RunningMeanSqBuffer,extend/append,8388608,122039,131072,260,24
RunningMeanBuffer,calculation,8388608,449039,131072,260,24
RunningMeanSqBuffer,calculation,8388608,499279,131072,260,24
RunningMeanBuffer,extend/append,8388608,302771,131072,260,32
RunningMeanSqBuffer,extend/append,8388608,107751,131072,260,32
RunningMeanBuffer,calculation,8388608,348424,131072,260,32
RunningMeanSqBuffer,calculation,8388608,458690,131072,260,32
RunningMeanBuffer,extend/append,8388608,174766,131072,260,48
RunningMeanSqBuffer,extend/append,8388608,80256,131072,260,48
RunningMeanBuffer,calculation,8388608,342528,131072,260,48
RunningMeanSqBuffer,calculation,8388608,451505,131072,260,48
RunningMeanBuffer,extend/append,8388608,174681,131072,260,64
RunningMeanSqBuffer,extend/append,8388608,76597,131072,260,64
RunningMeanBuffer,calculation,8388608,362091,131072,260,64
RunningMeanSqBuffer,calculation,8388608,461811,131072,260,64
RunningMeanBuffer,extend/append,262144,324455,262144,260,1
RunningMeanSqBuffer,extend/append,262144,170108,262144,260,1
RunningMeanBuffer,calculation,262144,684097,262144,260,1
RunningMeanSqBuffer,calculation,262144,549933,262144,260,1
RunningMeanBuffer,extend/append,262144,255677,262144,260,2
RunningMeanSqBuffer,extend/append,262144,196102,262144,260,2
RunningMeanBuffer,calculation,262144,699301,262144,260,2
RunningMeanSqBuffer,calculation,262144,545599,262144,260,2
RunningMeanBuffer,extend/append,262144,167578,262144,260,3
RunningMeanSqBuffer,extend/append,262144,132932,262144,260,3
RunningMeanBuffer,calculation,262144,696527,262144,260,3
RunningMeanSqBuffer,calculation,262144,543313,262144,260,3
RunningMeanBuffer,extend/append,262144,147667,262144,260,4
RunningMeanSqBuffer,extend/append,262144,119565,262144,260,4
RunningMeanBuffer,calculation,262144,683293,262144,260,4
RunningMeanSqBuffer,calculation,262144,545331,262144,260,4
RunningMeanBuffer,extend/append,262144,128615,262144,260,6
RunningMeanSqBuffer,extend/append,262144,105139,262144,260,6
RunningMeanBuffer,calculation,262144,686701,262144,260,6
RunningMeanSqBuffer,calculation,262144,541384,262144,260,6
RunningMeanBuffer,extend/append,262144,120533,262144,260,8
RunningMeanSqBuffer,extend/append,262144,111703,262144,260,8
RunningMeanBuffer,calculation,262144,684420,262144,260,8
RunningMeanSqBuffer,calculation,262144,550039,262144,260,8
RunningMeanBuffer,extend/append,262144,110142,262144,260,12
RunningMeanSqBuffer,extend/append,262144,99101,262144,260,12
RunningMeanBuffer,calculation,262144,680663,262144,260,12
RunningMeanSqBuffer,calculation,262144,553409,262144,260,12
RunningMeanBuffer,extend/append,262144,108772,262144,260,16
RunningMeanSqBuffer,extend/append,262144,106937,262144,260,16
RunningMeanBuffer,calculation,262144,687773,262144,260,16
RunningMeanSqBuffer,calculation,262144,558557,262144,260,16
RunningMeanBuffer,extend/append,262144,103105,262144,260,24
RunningMeanSqBuffer,extend/append,262144,148830,262144,260,24
RunningMeanBuffer,calculation,262144,680732,262144,260,24
RunningMeanSqBuffer,calculation,262144,557046,262144,260,24
RunningMeanBuffer,extend/append,262144,151462,262144,260,32
RunningMeanSqBuffer,extend/append,262144,97966,262144,260,32
RunningMeanBuffer,calculation,262144,682370,262144,260,32
RunningMeanSqBuffer,calculation,262144,564193,262144,260,32
RunningMeanBuffer,extend/append,262144,97948,262144,260,48
RunningMeanSqBuffer,extend/append,262144,96690,262144,260,48
RunningMeanBuffer,calculation,262144,684398,262144,260,48
RunningMeanSqBuffer,calculation,262144,553066,262144,260,48
RunningMeanBuffer,extend/append,262144,95529,262144,260,64
RunningMeanSqBuffer,extend/append,262144,95570,262144,260,64
RunningMeanBuffer,calculation,262144,688679,262144,260,64
RunningMeanSqBuffer,calculation,262144,550707,262144,260,64
RunningMeanBuffer,extend/append,524288,553452,262144,260,1
RunningMeanSqBuffer,extend/append,524288,228992,262144,260,1
RunningMeanBuffer,calculation,524288,762023,262144,260,1
RunningMeanSqBuffer,calculation,524288,626578,262144,260,1
RunningMeanBuffer,extend/append,524288,326275,262144,260,2
RunningMeanSqBuffer,extend/append,524288,161510,262144,260,2
RunningMeanBuffer,calculation,524288,760846,262144,260,2
RunningMeanSqBuffer,calculation,524288,657674,262144,260,2
RunningMeanBuffer,extend/append,524288,275788,262144,260,3
RunningMeanSqBuffer,extend/append,524288,138932,262144,260,3
RunningMeanBuffer,calculation,524288,762868,262144,260,3
RunningMeanSqBuffer,calculation,524288,632948,262144,260,3
RunningMeanBuffer,extend/append,524288,207415,262144,260,4
RunningMeanSqBuffer,extend/append,524288,132169,262144,260,4
RunningMeanBuffer,calculation,524288,763709,262144,260,4
RunningMeanSqBuffer,calculation,524288,625430,262144,260,4
RunningMeanBuffer,extend/append,524288,169956,262144,260,6
RunningMeanSqBuffer,extend/append,524288,115998,262144,260,6
RunningMeanBuffer,calculation,524288,767338,262144,260,6
RunningMeanSqBuffer,calculation,524288,626972,262144,260,6
RunningMeanBuffer,extend/append,524288,154329,262144,260,8
RunningMeanSqBuffer,extend/append,524288,115598,262144,260,8
RunningMeanBuffer,calculation,524288,758107,262144,260,8
RunningMeanSqBuffer,calculation,524288,634317,262144,260,8
RunningMeanBuffer,extend/append,524288,130977,262144,260,12
RunningMeanSqBuffer,extend/append,524288,111242,262144,260,12
RunningMeanBuffer,calculation,524288,761175,262144,260,12
RunningMeanSqBuffer,calculation,524288,628803,262144,260,12
RunningMeanBuffer,extend/append,524288,125771,262144,260,16
RunningMeanSqBuffer,extend/append,524288,139263,262144,260,16
RunningMeanBuffer,calculation,524288,764165,262144,260,16
RunningMeanSqBuffer,calculation,524288,664842,262144,260,16
RunningMeanBuffer,extend/append,524288,115021,262144,260,24
RunningMeanSqBuffer,extend/append,524288,100342,262144,260,24
RunningMeanBuffer,calculation,524288,759064,262144,260,24
RunningMeanSqBuffer,calculation,524288,635113,262144,260,24
RunningMeanBuffer,extend/append,524288,113067,262144,260,32
RunningMeanSqBuffer,extend/append,524288,101571,262144,260,32
RunningMeanBuffer,calculation,524288,760243,262144,260,32
RunningMeanSqBuffer,calculation,524288,638575,262144,260,32
RunningMeanBuffer,extend/append,524288,103629,262144,260,48
RunningMeanSqBuffer,extend/append,524288,97531,262144,260,48
RunningMeanBuffer,calculation,524288,763008,262144,260,48
RunningMeanSqBuffer,calculation,524288,624786,262144,260,48
RunningMeanBuffer,extend/append,524288,103349,262144,260,64
RunningMeanSqBuffer,extend/append,524288,97699,262144,260,64
RunningMeanBuffer,calculation,524288,777941,262144,260,64
RunningMeanSqBuffer,calculation,524288,631461,262144,260,64
RunningMeanBuffer,extend/append,1048576,892926,262144,260,1
RunningMeanSqBuffer,extend/append,1048576,324513,262144,260,1
RunningMeanBuffer,calculation,1048576,764433,262144,260,1
RunningMeanSqBuffer,calculation,1048576,631445,262144,260,1
RunningMeanBuffer,extend/append,1048576,494633,262144,260,2
RunningMeanSqBuffer,extend/append,1048576,209544,262144,260,2
RunningMeanBuffer,calculation,1048576,801998,262144,260,2
RunningMeanSqBuffer,calculation,1048576,631126,262144,260,2
RunningMeanBuffer,extend/append,1048576,364968,262144,260,3
RunningMeanSqBuffer,extend/append,1048576,170974,262144,260,3
RunningMeanBuffer,calculation,1048576,764800,262144,260,3
RunningMeanSqBuffer,calculation,1048576,628462,262144,260,3
RunningMeanBuffer,extend/append,1048576,291870,262144,260,4
RunningMeanSqBuffer,extend/append,1048576,156972,262144,260,4
RunningMeanBuffer,calculation,1048576,763618,262144,260,4
RunningMeanSqBuffer,calculation,1048576,631079,262144,260,4
RunningMeanBuffer,extend/append,1048576,224359,262144,260,6
RunningMeanSqBuffer,extend/append,1048576,148278,262144,260,6
RunningMeanBuffer,calculation,1048576,776573,262144,260,6
RunningMeanSqBuffer,calculation,1048576,626367,262144,260,6
RunningMeanBuffer,extend/append,1048576,198609,262144,260,8
RunningMeanSqBuffer,extend/append,1048576,131731,262144,260,8
RunningMeanBuffer,calculation,1048576,757299,262144,260,8
RunningMeanSqBuffer,calculation,1048576,626948,262144,260,8
RunningMeanBuffer,extend/append,1048576,154454,262144,260,12
RunningMeanSqBuffer,extend/append,1048576,120853,262144,260,12
RunningMeanBuffer,calculation,1048576,757968,262144,260,12
RunningMeanSqBuffer,calculation,1048576,625915,262144,260,12
RunningMeanBuffer,extend/append,1048576,147358,262144,260,16
RunningMeanSqBuffer,extend/append,1048576,115368,262144,260,16
RunningMeanBuffer,calculation,1048576,788546,262144,260,16
RunningMeanSqBuffer,calculation,1048576,662306,262144,260,16
RunningMeanBuffer,extend/append,1048576,129295,262144,260,24
RunningMeanSqBuffer,extend/append,1048576,108093,262144,260,24
RunningMeanBuffer,calculation,1048576,755678,262144,260,24
RunningMeanSqBuffer,calculation,1048576,625476,262144,260,24
RunningMeanBuffer,extend/append,1048576,123700,262144,260,32
RunningMeanSqBuffer,extend/append,1048576,105055,262144,260,32
RunningMeanBuffer,calculation,1048576,760966,262144,260,32
RunningMeanSqBuffer,calculation,1048576,625357,262144,260,32
RunningMeanBuffer,extend/append,1048576,109512,262144,260,48
RunningMeanSqBuffer,extend/append,1048576,102211,262144,260,48
RunningMeanBuffer,calculation,1048576,765122,262144,260,48
RunningMeanSqBuffer,calculation,1048576,627286,262144,260,48
RunningMeanBuffer,extend/append,1048576,107106,262144,260,64
RunningMeanSqBuffer,extend/append,1048576,100023,262144,260,64
RunningMeanBuffer,calculation,1048576,786087,262144,260,64
RunningMeanSqBuffer,calculation,1048576,632017,262144,260,64
RunningMeanBuffer,extend/append,2097152,1363516,262144,260,1
RunningMeanSqBuffer,extend/append,2097152,512675,262144,260,1
RunningMeanBuffer,calculation,2097152,765695,262144,260,1
RunningMeanSqBuffer,calculation,2097152,650735,262144,260,1
RunningMeanBuffer,extend/append,2097152,747482,262144,260,2
RunningMeanSqBuffer,extend/append,2097152,310565,262144,260,2
RunningMeanBuffer,calculation,2097152,776151,262144,260,2
RunningMeanSqBuffer,calculation,2097152,649273,262144,260,2
RunningMeanBuffer,extend/append,2097152,525769,262144,260,3
RunningMeanSqBuffer,extend/append,2097152,245771,262144,260,3
RunningMeanBuffer,calculation,2097152,764928,262144,260,3
RunningMeanSqBuffer,calculation,2097152,643690,262144,260,3
RunningMeanBuffer,extend/append,2097152,417037,262144,260,4
RunningMeanSqBuffer,extend/append,2097152,207723,262144,260,4
RunningMeanBuffer,calculation,2097152,785034,262144,260,4
RunningMeanSqBuffer,calculation,2097152,639027,262144,260,4
RunningMeanBuffer,extend/append,2097152,302764,262144,260,6
RunningMeanSqBuffer,extend/append,2097152,172461,262144,260,6
RunningMeanBuffer,calculation,2097152,761493,262144,260,6
RunningMeanSqBuffer,calculation,2097152,669085,262144,260,6
RunningMeanBuffer,extend/append,2097152,257407,262144,260,8
RunningMeanSqBuffer,extend/append,2097152,152825,262144,260,8
RunningMeanBuffer,calculation,2097152,772560,262144,260,8
RunningMeanSqBuffer,calculation,2097152,644146,262144,260,8
RunningMeanBuffer,extend/append,2097152,195464,262144,260,12
RunningMeanSqBuffer,extend/append,2097152,133161,262144,260,12
RunningMeanBuffer,calculation,2097152,762852,262144,260,12
RunningMeanSqBuffer,calculation,2097152,640896,262144,260,12
RunningMeanBuffer,extend/append,2097152,182070,262144,260,16
RunningMeanSqBuffer,extend/append,2097152,129146,262144,260,16
RunningMeanBuffer,calculation,2097152,768549,262144,260,16
RunningMeanSqBuffer,calculation,2097152,676523,262144,260,16
RunningMeanBuffer,extend/append,2097152,148823,262144,260,24
RunningMeanSqBuffer,extend/append,2097152,154279,262144,260,24
RunningMeanBuffer,calculation,2097152,769075,262144,260,24
RunningMeanSqBuffer,calculation,2097152,642792,262144,260,24
RunningMeanBuffer,extend/append,2097152,140764,262144,260,32
RunningMeanSqBuffer,extend/append,2097152,109000,262144,260,32
RunningMeanBuffer,calculation,2097152,765194,262144,260,32
RunningMeanSqBuffer,calculation,2097152,643303,262144,260,32
RunningMeanBuffer,extend/append,2097152,117935,262144,260,48
RunningMeanSqBuffer,extend/append,2097152,102759,262144,260,48
RunningMeanBuffer,calculation,2097152,775291,262144,260,48
RunningMeanSqBuffer,calculation,2097152,649280,262144,260,48
RunningMeanBuffer,extend/append,2097152,117814,262144,260,64
RunningMeanSqBuffer,extend/append,2097152,103167,262144,260,64
RunningMeanBuffer,calculation,2097152,771345,262144,260,64
RunningMeanSqBuffer,calculation,2097152,640168,262144,260,64
RunningMeanBuffer,extend/append,4194304,3162379,262144,260,1
RunningMeanSqBuffer,extend/append,4194304,905585,262144,260,1
RunningMeanBuffer,calculation,4194304,777927,262144,260,1
RunningMeanSqBuffer,calculation,4194304,661724,262144,260,1
RunningMeanBuffer,extend/append,4194304,1610685,262144,260,2
RunningMeanSqBuffer,extend/append,4194304,508079,262144,260,2
RunningMeanBuffer,calculation,4194304,785891,262144,260,2
RunningMeanSqBuffer,calculation,4194304,664192,262144,260,2
RunningMeanBuffer,extend/append,4194304,1094212,262144,260,3
RunningMeanSqBuffer,extend/append,4194304,372451,262144,260,3
RunningMeanBuffer,calculation,4194304,782679,262144,260,3
RunningMeanSqBuffer,calculation,4194304,663161,262144,260,3
RunningMeanBuffer,extend/append,4194304,878056,262144,260,4
RunningMeanSqBuffer,extend/append,4194304,302111,262144,260,4
RunningMeanBuffer,calculation,4194304,788076,262144,260,4
RunningMeanSqBuffer,calculation,4194304,662771,262144,260,4
RunningMeanBuffer,extend/append,4194304,579292,262144,260,6
RunningMeanSqBuffer,extend/append,4194304,266402,262144,260,6
RunningMeanBuffer,calculation,4194304,787355,262144,260,6
RunningMeanSqBuffer,calculation,4194304,663807,262144,260,6
RunningMeanBuffer,extend/append,4194304,518019,262144,260,8
RunningMeanSqBuffer,extend/append,4194304,200729,262144,260,8
RunningMeanBuffer,calculation,4194304,784264,262144,260,8
RunningMeanSqBuffer,calculation,4194304,659715,262144,260,8
RunningMeanBuffer,extend/append,4194304,323160,262144,260,12
RunningMeanSqBuffer,extend/append,4194304,158058,262144,260,12
RunningMeanBuffer,calculation,4194304,845889,262144,260,12
RunningMeanSqBuffer,calculation,4194304,686740,262144,260,12
RunningMeanBuffer,extend/append,4194304,297919,262144,260,16
RunningMeanSqBuffer,extend/append,4194304,151453,262144,260,16
RunningMeanBuffer,calculation,4194304,781605,262144,260,16
RunningMeanSqBuffer,calculation,4194304,661777,262144,260,16
RunningMeanBuffer,extend/append,4194304,223130,262144,260,24
RunningMeanSqBuffer,extend/append,4194304,131191,262144,260,24
RunningMeanBuffer,calculation,4194304,781776,262144,260,24
RunningMeanSqBuffer,calculation,4194304,670104,262144,260,24
RunningMeanBuffer,extend/append,4194304,198035,262144,260,32
RunningMeanSqBuffer,extend/append,4194304,125585,262144,260,32
RunningMeanBuffer,calculation,4194304,778635,262144,260,32
RunningMeanSqBuffer,calculation,4194304,663057,262144,260,32
RunningMeanBuffer,extend/append,4194304,145356,262144,260,48
RunningMeanSqBuffer,extend/append,4194304,108280,262144,260,48
RunningMeanBuffer,calculation,4194304,777085,262144,260,48
RunningMeanSqBuffer,calculation,4194304,660914,262144,260,48
RunningMeanBuffer,extend/append,4194304,144640,262144,260,64
RunningMeanSqBuffer,extend/append,4194304,108484,262144,260,64
RunningMeanBuffer,calculation,4194304,815007,262144,260,64
RunningMeanSqBuffer,calculation,4194304,663091,262144,260,64
RunningMeanBuffer,extend/append,8388608,7538275,262144,260,1
RunningMeanSqBuffer,extend/append,8388608,1683857,262144,260,1
RunningMeanBuffer,calculation,8388608,842708,262144,260,1
RunningMeanSqBuffer,calculation,8388608,707501,262144,260,1
RunningMeanBuffer,extend/append,8388608,3829960,262144,260,2
RunningMeanSqBuffer,extend/append,8388608,907881,262144,260,2
RunningMeanBuffer,calculation,8388608,875913,262144,260,2
RunningMeanSqBuffer,calculation,8388608,706841,262144,260,2
RunningMeanBuffer,extend/append,8388608,2565745,262144,260,3
RunningMeanSqBuffer,extend/append,8388608,636243,262144,260,3
RunningMeanBuffer,calculation,8388608,952941,262144,260,3
RunningMeanSqBuffer,calculation,8388608,706862,262144,260,3
RunningMeanBuffer,extend/append,8388608,1946112,262144,260,4
RunningMeanSqBuffer,extend/append,8388608,499501,262144,260,4
RunningMeanBuffer,calculation,8388608,799842,262144,260,4
RunningMeanSqBuffer,calculation,8388608,706442,262144,260,4
RunningMeanBuffer,extend/append,8388608,1306174,262144,260,6
RunningMeanSqBuffer,extend/append,8388608,360151,262144,260,6
RunningMeanBuffer,calculation,8388608,799995,262144,260,6
RunningMeanSqBuffer,calculation,8388608,701614,262144,260,6
RunningMeanBuffer,extend/append,8388608,1049326,262144,260,8
RunningMeanSqBuffer,extend/append,8388608,308266,262144,260,8
RunningMeanBuffer,calculation,8388608,829607,262144,260,8
RunningMeanSqBuffer,calculation,8388608,697926,262144,260,8
RunningMeanBuffer,extend/append,8388608,667019,262144,260,12
RunningMeanSqBuffer,extend/append,8388608,221976,262144,260,12
RunningMeanBuffer,calculation,8388608,795198,262144,260,12
RunningMeanSqBuffer,calculation,8388608,698487,262144,260,12
RunningMeanBuffer,extend/append,8388608,605198,262144,260,16
RunningMeanSqBuffer,extend/append,8388608,239474,262144,260,16
RunningMeanBuffer,calculation,8388608,797060,262144,260,16
RunningMeanSqBuffer,calculation,8388608,700136,262144,260,16
RunningMeanBuffer,extend/append,8388608,413022,262144,260,24
RunningMeanSqBuffer,extend/append,8388608,164345,262144,260,24
RunningMeanBuffer,calculation,8388608,818627,262144,260,24
RunningMeanSqBuffer,calculation,8388608,733124,262144,260,24
RunningMeanBuffer,extend/append,8388608,347486,262144,260,32
RunningMeanSqBuffer,extend/append,8388608,149323,262144,260,32
RunningMeanBuffer,calculation,8388608,852907,262144,260,32
RunningMeanSqBuffer,calculation,8388608,700319,262144,260,32
RunningMeanBuffer,extend/append,8388608,220377,262144,260,48
RunningMeanSqBuffer,extend/append,8388608,122112,262144,260,48
RunningMeanBuffer,calculation,8388608,867505,262144,260,48
RunningMeanSqBuffer,calculation,8388608,734186,262144,260,48
RunningMeanBuffer,extend/append,8388608,221376,262144,260,64
RunningMeanSqBuffer,extend/append,8388608,123607,262144,260,64
RunningMeanBuffer,calculation,8388608,792976,262144,260,64
RunningMeanSqBuffer,calculation,8388608,697638,262144,260,64
RunningMeanBuffer,extend/append,524288,656934,524288,260,1
RunningMeanSqBuffer,extend/append,524288,296421,524288,260,1
RunningMeanBuffer,calculation,524288,1373313,524288,260,1
RunningMeanSqBuffer,calculation,524288,1040789,524288,260,1
RunningMeanBuffer,extend/append,524288,424091,524288,260,2
RunningMeanSqBuffer,extend/append,524288,244321,524288,260,2
RunningMeanBuffer,calculation,524288,1437082,524288,260,2
RunningMeanSqBuffer,calculation,524288,1049399,524288,260,2
RunningMeanBuffer,extend/append,524288,347636,524288,260,3
RunningMeanSqBuffer,extend/append,524288,252370,524288,260,3
RunningMeanBuffer,calculation,524288,1390479,524288,260,3
RunningMeanSqBuffer,calculation,524288,1063296,524288,260,3
RunningMeanBuffer,extend/append,524288,303832,524288,260,4
RunningMeanSqBuffer,extend/append,524288,260239,524288,260,4
RunningMeanBuffer,calculation,524288,1368854,524288,260,4
RunningMeanSqBuffer,calculation,524288,1027534,524288,260,4
RunningMeanBuffer,extend/append,524288,266991,524288,260,6
RunningMeanSqBuffer,extend/append,524288,223793,524288,260,6
RunningMeanBuffer,calculation,524288,1356312,524288,260,6
RunningMeanSqBuffer,calculation,524288,1031365,524288,260,6
RunningMeanBuffer,extend/append,524288,246534,524288,260,8
RunningMeanSqBuffer,extend/append,524288,228754,524288,260,8
RunningMeanBuffer,calculation,524288,1360305,524288,260,8
RunningMeanSqBuffer,calculation,524288,1034042,524288,260,8
RunningMeanBuffer,extend/append,524288,228304,524288,260,12
RunningMeanSqBuffer,extend/append,524288,206314,524288,260,12
RunningMeanBuffer,calculation,524288,1364744,524288,260,12
RunningMeanSqBuffer,calculation,524288,1052869,524288,260,12
RunningMeanBuffer,extend/append,524288,225519,524288,260,16
RunningMeanSqBuffer,extend/append,524288,206269,524288,260,16
RunningMeanBuffer,calculation,524288,1413819,524288,260,16
RunningMeanSqBuffer,calculation,524288,1075630,524288,260,16
RunningMeanBuffer,extend/append,524288,212755,524288,260,24
RunningMeanSqBuffer,extend/append,524288,204411,524288,260,24
RunningMeanBuffer,calculation,524288,1354636,524288,260,24
RunningMeanSqBuffer,calculation,524288,1028033,524288,260,24
RunningMeanBuffer,extend/append,524288,202125,524288,260,32
RunningMeanSqBuffer,extend/append,524288,195981,524288,260,32
RunningMeanBuffer,calculation,524288,1376201,524288,260,32
RunningMeanSqBuffer,calculation,524288,1026664,524288,260,32
RunningMeanBuffer,extend/append,524288,200589,524288,260,48
RunningMeanSqBuffer,extend/append,524288,196524,524288,260,48
RunningMeanBuffer,calculation,524288,1350824,524288,260,48
RunningMeanSqBuffer,calculation,524288,1025732,524288,260,48
RunningMeanBuffer,extend/append,524288,258616,524288,260,64
RunningMeanSqBuffer,extend/append,524288,197041,524288,260,64
RunningMeanBuffer,calculation,524288,1359288,524288,260,64
RunningMeanSqBuffer,calculation,524288,1029024,524288,260,64
RunningMeanBuffer,extend/append,1048576,1104894,524288,260,1
RunningMeanSqBuffer,extend/append,1048576,411604,524288,260,1
RunningMeanBuffer,calculation,1048576,1545677,524288,260,1
RunningMeanSqBuffer,calculation,1048576,1174538,524288,260,1
RunningMeanBuffer,extend/append,1048576,650308,524288,260,2
RunningMeanSqBuffer,extend/append,1048576,360075,524288,260,2
RunningMeanBuffer,calculation,1048576,1584291,524288,260,2
RunningMeanSqBuffer,calculation,1048576,1166982,524288,260,2
RunningMeanBuffer,extend/append,1048576,494418,524288,260,3
RunningMeanSqBuffer,extend/append,1048576,290885,524288,260,3
RunningMeanBuffer,calculation,1048576,1571798,524288,260,3
RunningMeanSqBuffer,calculation,1048576,1181621,524288,260,3
RunningMeanBuffer,extend/append,1048576,424321,524288,260,4
RunningMeanSqBuffer,extend/append,1048576,258213,524288,260,4
RunningMeanBuffer,calculation,1048576,1538911,524288,260,4
RunningMeanSqBuffer,calculation,1048576,1188465,524288,260,4
RunningMeanBuffer,extend/append,1048576,344934,524288,260,6
RunningMeanSqBuffer,extend/append,1048576,231374,524288,260,6
RunningMeanBuffer,calculation,1048576,1528962,524288,260,6
RunningMeanSqBuffer,calculation,1048576,1205952,524288,260,6
RunningMeanBuffer,extend/append,1048576,313138,524288,260,8
RunningMeanSqBuffer,extend/append,1048576,221712,524288,260,8
RunningMeanBuffer,calculation,1048576,1530605,524288,260,8
RunningMeanSqBuffer,calculation,1048576,1177872,524288,260,8
RunningMeanBuffer,extend/append,1048576,266932,524288,260,12
RunningMeanSqBuffer,extend/append,1048576,212509,524288,260,12
RunningMeanBuffer,calculation,1048576,1593591,524288,260,12
RunningMeanSqBuffer,calculation,1048576,1241140,524288,260,12
RunningMeanBuffer,extend/append,1048576,260084,524288,260,16
RunningMeanSqBuffer,extend/append,1048576,216153,524288,260,16
RunningMeanBuffer,calculation,1048576,1580992,524288,260,16
RunningMeanSqBuffer,calculation,1048576,1173875,524288,260,16
RunningMeanBuffer,extend/append,1048576,237770,524288,260,24
RunningMeanSqBuffer,extend/append,1048576,205095,524288,260,24
RunningMeanBuffer,calculation,1048576,1567058,524288,260,24
RunningMeanSqBuffer,calculation,1048576,1176972,524288,260,24
RunningMeanBuffer,extend/append,1048576,229288,524288,260,32
RunningMeanSqBuffer,extend/append,1048576,202064,524288,260,32
RunningMeanBuffer,calculation,1048576,1518658,524288,260,32
RunningMeanSqBuffer,calculation,1048576,1155193,524288,260,32
RunningMeanBuffer,extend/append,1048576,245330,524288,260,48
RunningMeanSqBuffer,extend/append,1048576,194155,524288,260,48
RunningMeanBuffer,calculation,1048576,1517689,524288,260,48
RunningMeanSqBuffer,calculation,1048576,1164373,524288,260,48
RunningMeanBuffer,extend/append,1048576,211741,524288,260,64
RunningMeanSqBuffer,extend/append,1048576,196254,524288,260,64
RunningMeanBuffer,calculation,1048576,1524075,524288,260,64
RunningMeanSqBuffer,calculation,1048576,1181021,524288,260,64
RunningMeanBuffer,extend/append,2097152,1803315,524288,260,1
RunningMeanSqBuffer,extend/append,2097152,595233,524288,260,1
RunningMeanBuffer,calculation,2097152,1572756,524288,260,1
RunningMeanSqBuffer,calculation,2097152,1241799,524288,260,1
RunningMeanBuffer,extend/append,2097152,987704,524288,260,2
RunningMeanSqBuffer,extend/append,2097152,398752,524288,260,2
RunningMeanBuffer,calculation,2097152,1571271,524288,260,2
RunningMeanSqBuffer,calculation,2097152,1226281,524288,260,2
RunningMeanBuffer,extend/append,2097152,724692,524288,260,3
RunningMeanSqBuffer,extend/append,2097152,352244,524288,260,3
RunningMeanBuffer,calculation,2097152,1581239,524288,260,3
RunningMeanSqBuffer,calculation,2097152,1269832,524288,260,3
RunningMeanBuffer,extend/append,2097152,581266,524288,260,4
RunningMeanSqBuffer,extend/append,2097152,344290,524288,260,4
RunningMeanBuffer,calculation,2097152,1585162,524288,260,4
RunningMeanSqBuffer,calculation,2097152,1277960,524288,260,4
RunningMeanBuffer,extend/append,2097152,447341,524288,260,6
RunningMeanSqBuffer,extend/append,2097152,267917,524288,260,6
RunningMeanBuffer,calculation,2097152,1560299,524288,260,6
RunningMeanSqBuffer,calculation,2097152,1225111,524288,260,6
RunningMeanBuffer,extend/append,2097152,432856,524288,260,8
RunningMeanSqBuffer,extend/append,2097152,249938,524288,260,8
RunningMeanBuffer,calculation,2097152,1586660,524288,260,8
RunningMeanSqBuffer,calculation,2097152,1225253,524288,260,8
RunningMeanBuffer,extend/append,2097152,312805,524288,260,12
RunningMeanSqBuffer,extend/append,2097152,228700,524288,260,12
RunningMeanBuffer,calculation,2097152,1555071,524288,260,12
RunningMeanSqBuffer,calculation,2097152,1228792,524288,260,12
RunningMeanBuffer,extend/append,2097152,297959,524288,260,16
RunningMeanSqBuffer,extend/append,2097152,223852,524288,260,16
RunningMeanBuffer,calculation,2097152,1571346,524288,260,16
RunningMeanSqBuffer,calculation,2097152,1236271,524288,260,16
RunningMeanBuffer,extend/append,2097152,257975,524288,260,24
RunningMeanSqBuffer,extend/append,2097152,245706,524288,260,24
RunningMeanBuffer,calculation,2097152,1583736,524288,260,24
RunningMeanSqBuffer,calculation,2097152,1249040,524288,260,24
RunningMeanBuffer,extend/append,2097152,243208,524288,260,32
RunningMeanSqBuffer,extend/append,2097152,204352,524288,260,32
RunningMeanBuffer,calculation,2097152,1551470,524288,260,32
RunningMeanSqBuffer,calculation,2097152,1218674,524288,260,32
RunningMeanBuffer,extend/append,2097152,214708,524288,260,48
RunningMeanSqBuffer,extend/append,2097152,196639,524288,260,48
RunningMeanBuffer,calculation,2097152,1564827,524288,260,48
RunningMeanSqBuffer,calculation,2097152,1236988,524288,260,48
RunningMeanBuffer,extend/append,2097152,216124,524288,260,64
RunningMeanSqBuffer,extend/append,2097152,198164,524288,260,64
RunningMeanBuffer,calculation,2097152,1609315,524288,260,64
RunningMeanSqBuffer,calculation,2097152,1232172,524288,260,64
RunningMeanBuffer,extend/append,4194304,2750994,524288,260,1
RunningMeanSqBuffer,extend/append,4194304,996813,524288,260,1
RunningMeanBuffer,calculation,4194304,1557840,524288,260,1
RunningMeanSqBuffer,calculation,4194304,1232822,524288,260,1
RunningMeanBuffer,extend/append,4194304,1472437,524288,260,2
RunningMeanSqBuffer,extend/append,4194304,597717,524288,260,2
RunningMeanBuffer,calculation,4194304,1596179,524288,260,2
RunningMeanSqBuffer,calculation,4194304,1230208,524288,260,2
RunningMeanBuffer,extend/append,4194304,1024080,524288,260,3
RunningMeanSqBuffer,extend/append,4194304,462413,524288,260,3
RunningMeanBuffer,calculation,4194304,1577529,524288,260,3
RunningMeanSqBuffer,calculation,4194304,1225053,524288,260,3
RunningMeanBuffer,extend/append,4194304,833822,524288,260,4
RunningMeanSqBuffer,extend/append,4194304,397076,524288,260,4
RunningMeanBuffer,calculation,4194304,1564613,524288,260,4
RunningMeanSqBuffer,calculation,4194304,1232747,524288,260,4
RunningMeanBuffer,extend/append,4194304,614550,524288,260,6
RunningMeanSqBuffer,extend/append,4194304,359116,524288,260,6
RunningMeanBuffer,calculation,4194304,1561391,524288,260,6
RunningMeanSqBuffer,calculation,4194304,1236919,524288,260,6
RunningMeanBuffer,extend/append,4194304,512101,524288,260,8
RunningMeanSqBuffer,extend/append,4194304,302276,524288,260,8
RunningMeanBuffer,calculation,4194304,1575554,524288,260,8
RunningMeanSqBuffer,calculation,4194304,1210882,524288,260,8
RunningMeanBuffer,extend/append,4194304,392848,524288,260,12
RunningMeanSqBuffer,extend/append,4194304,262360,524288,260,12
RunningMeanBuffer,calculation,4194304,1547595,524288,260,12
RunningMeanSqBuffer,calculation,4194304,1208017,524288,260,12
RunningMeanBuffer,extend/append,4194304,366446,524288,260,16
RunningMeanSqBuffer,extend/append,4194304,256156,524288,260,16
RunningMeanBuffer,calculation,4194304,1572886,524288,260,16
RunningMeanSqBuffer,calculation,4194304,1208098,524288,260,16
RunningMeanBuffer,extend/append,4194304,302382,524288,260,24
RunningMeanSqBuffer,extend/append,4194304,235715,524288,260,24
RunningMeanBuffer,calculation,4194304,1562297,524288,260,24
RunningMeanSqBuffer,calculation,4194304,1218021,524288,260,24
RunningMeanBuffer,extend/append,4194304,281537,524288,260,32
RunningMeanSqBuffer,extend/append,4194304,226500,524288,260,32
RunningMeanBuffer,calculation,4194304,1611413,524288,260,32
RunningMeanSqBuffer,calculation,4194304,1225244,524288,260,32
RunningMeanBuffer,extend/append,4194304,239490,524288,260,48
RunningMeanSqBuffer,extend/append,4194304,210291,524288,260,48
RunningMeanBuffer,calculation,4194304,1561297,524288,260,48
RunningMeanSqBuffer,calculation,4194304,1219551,524288,260,48
RunningMeanBuffer,extend/append,4194304,229287,524288,260,64
RunningMeanSqBuffer,extend/append,4194304,210756,524288,260,64
RunningMeanBuffer,calculation,4194304,1581997,524288,260,64
RunningMeanSqBuffer,calculation,4194304,1216046,524288,260,64
RunningMeanBuffer,extend/append,8388608,6172793,524288,260,1
RunningMeanSqBuffer,extend/append,8388608,1783475,524288,260,1
RunningMeanBuffer,calculation,8388608,1576113,524288,260,1
RunningMeanSqBuffer,calculation,8388608,1284783,524288,260,1
RunningMeanBuffer,extend/append,8388608,3253665,524288,260,2
RunningMeanSqBuffer,extend/append,8388608,1003549,524288,260,2
RunningMeanBuffer,calculation,8388608,1576892,524288,260,2
RunningMeanSqBuffer,calculation,8388608,1279703,524288,260,2
RunningMeanBuffer,extend/append,8388608,2189942,524288,260,3
RunningMeanSqBuffer,extend/append,8388608,732199,524288,260,3
RunningMeanBuffer,calculation,8388608,1582409,524288,260,3
RunningMeanSqBuffer,calculation,8388608,1273999,524288,260,3
RunningMeanBuffer,extend/append,8388608,1701439,524288,260,4
RunningMeanSqBuffer,extend/append,8388608,598203,524288,260,4
RunningMeanBuffer,calculation,8388608,1632296,524288,260,4
RunningMeanSqBuffer,calculation,8388608,1269751,524288,260,4
RunningMeanBuffer,extend/append,8388608,1165638,524288,260,6
RunningMeanSqBuffer,extend/append,8388608,451171,524288,260,6
RunningMeanBuffer,calculation,8388608,1563400,524288,260,6
RunningMeanSqBuffer,calculation,8388608,1279979,524288,260,6
RunningMeanBuffer,extend/append,8388608,972018,524288,260,8
RunningMeanSqBuffer,extend/append,8388608,400174,524288,260,8
RunningMeanBuffer,calculation,8388608,1569647,524288,260,8
RunningMeanSqBuffer,calculation,8388608,1286790,524288,260,8
RunningMeanBuffer,extend/append,8388608,659361,524288,260,12
RunningMeanSqBuffer,extend/append,8388608,318535,524288,260,12
RunningMeanBuffer,calculation,8388608,1566361,524288,260,12
RunningMeanSqBuffer,calculation,8388608,1317600,524288,260,12
RunningMeanBuffer,extend/append,8388608,610410,524288,260,16
RunningMeanSqBuffer,extend/append,8388608,303070,524288,260,16
RunningMeanBuffer,calculation,8388608,1559940,524288,260,16
RunningMeanSqBuffer,calculation,8388608,1297273,524288,260,16
RunningMeanBuffer,extend/append,8388608,456670,524288,260,24
RunningMeanSqBuffer,extend/append,8388608,261958,524288,260,24
RunningMeanBuffer,calculation,8388608,1557607,524288,260,24
RunningMeanSqBuffer,calculation,8388608,1276453,524288,260,24
RunningMeanBuffer,extend/append,8388608,401972,524288,260,32
RunningMeanSqBuffer,extend/append,8388608,246933,524288,260,32
RunningMeanBuffer,calculation,8388608,1560656,524288,260,32
RunningMeanSqBuffer,calculation,8388608,1271383,524288,260,32
RunningMeanBuffer,extend/append,8388608,303686,524288,260,48
RunningMeanSqBuffer,extend/append,8388608,218654,524288,260,48
RunningMeanBuffer,calculation,8388608,1565800,524288,260,48
RunningMeanSqBuffer,calculation,8388608,1297793,524288,260,48
RunningMeanBuffer,extend/append,8388608,291232,524288,260,64
RunningMeanSqBuffer,extend/append,8388608,225580,524288,260,64
RunningMeanBuffer,calculation,8388608,1569493,524288,260,64
RunningMeanSqBuffer,calculation,8388608,1281230,524288,260,64
